community,community_slug,month,label,n,median,q1,q3,price,n_sales
Jumeirah Village Circle,jumeirah-village-circle,2021-09,Sep 2021,288,803.84,663.7,952.61,590000.0,303
Jumeirah Village Circle,jumeirah-village-circle,2021-10,Oct 2021,220,893.04,730.91,975.02,610000.0,235
Jumeirah Village Circle,jumeirah-village-circle,2021-11,Nov 2021,365,827.4,663.45,982.63,624959.0,385
Jumeirah Village Circle,jumeirah-village-circle,2021-12,Dec 2021,318,841.14,652.59,979.16,690750.0,352
Jumeirah Village Circle,jumeirah-village-circle,2022-01,Jan 2022,310,887.84,757.96,1002.54,724914.0,350
Jumeirah Village Circle,jumeirah-village-circle,2022-02,Feb 2022,373,850.28,718.57,959.7,681600.0,407
Jumeirah Village Circle,jumeirah-village-circle,2022-03,Mar 2022,433,975.91,810.08,1100.0,703407.0,525
Jumeirah Village Circle,jumeirah-village-circle,2022-04,Apr 2022,422,959.34,782.01,1042.63,702500.0,456
Jumeirah Village Circle,jumeirah-village-circle,2022-05,May 2022,268,951.19,799.3,1046.41,699750.0,286
Jumeirah Village Circle,jumeirah-village-circle,2022-06,Jun 2022,425,952.72,709.24,1050.0,612401.0,461
Jumeirah Village Circle,jumeirah-village-circle,2022-07,Jul 2022,278,939.73,690.73,1055.37,724414.0,300
Jumeirah Village Circle,jumeirah-village-circle,2022-08,Aug 2022,725,999.74,839.04,1090.67,600000.0,774
Jumeirah Village Circle,jumeirah-village-circle,2022-09,Sep 2022,414,955.74,775.1,1073.45,600000.0,457
Jumeirah Village Circle,jumeirah-village-circle,2022-10,Oct 2022,615,887.41,765.19,1010.32,620000.0,675
Jumeirah Village Circle,jumeirah-village-circle,2022-11,Nov 2022,615,927.67,800.13,1065.43,660000.0,655
Jumeirah Village Circle,jumeirah-village-circle,2022-12,Dec 2022,586,947.55,871.78,1233.94,756852.5,610
Jumeirah Village Circle,jumeirah-village-circle,2023-01,Jan 2023,627,1093.38,898.89,1247.73,714000.0,664
Jumeirah Village Circle,jumeirah-village-circle,2023-02,Feb 2023,931,1098.37,883.83,1270.8,683828.0,1003
Jumeirah Village Circle,jumeirah-village-circle,2023-03,Mar 2023,1542,1065.01,866.47,1280.51,670828.0,1597
Jumeirah Village Circle,jumeirah-village-circle,2023-04,Apr 2023,1072,1102.09,906.86,1291.89,759000.0,1109
Jumeirah Village Circle,jumeirah-village-circle,2023-05,May 2023,1142,1057.94,932.86,1223.69,725500.0,1242
Jumeirah Village Circle,jumeirah-village-circle,2023-06,Jun 2023,835,1116.16,989.76,1280.03,775125.5,880
Jumeirah Village Circle,jumeirah-village-circle,2023-07,Jul 2023,913,1137.06,1001.68,1276.62,800000.0,931
Jumeirah Village Circle,jumeirah-village-circle,2023-08,Aug 2023,940,1183.55,1025.11,1346.18,822275.0,980
Jumeirah Village Circle,jumeirah-village-circle,2023-09,Sep 2023,1556,1235.23,1062.66,1416.27,809950.0,1624
Jumeirah Village Circle,jumeirah-village-circle,2023-10,Oct 2023,1424,1222.12,1066.55,1432.37,800000.0,1494
Jumeirah Village Circle,jumeirah-village-circle,2023-11,Nov 2023,1173,1279.92,1089.73,1465.69,830858.0,1211
Jumeirah Village Circle,jumeirah-village-circle,2023-12,Dec 2023,1232,1242.49,1079.01,1437.53,800000.0,1278
Jumeirah Village Circle,jumeirah-village-circle,2024-01,Jan 2024,1303,1296.14,1110.43,1517.93,845041.5,1334
Jumeirah Village Circle,jumeirah-village-circle,2024-02,Feb 2024,1203,1251.93,1096.02,1448.84,875000.0,1243
Jumeirah Village Circle,jumeirah-village-circle,2024-03,Mar 2024,1247,1264.85,1084.66,1417.58,855000.0,1305
Jumeirah Village Circle,jumeirah-village-circle,2024-04,Apr 2024,1502,1283.61,1095.21,1477.79,817500.0,1562
Jumeirah Village Circle,jumeirah-village-circle,2024-05,May 2024,1546,1273.82,1102.56,1449.11,950000.0,1592
Jumeirah Village Circle,jumeirah-village-circle,2024-06,Jun 2024,959,1263.64,1078.26,1460.19,950000.0,1004
Jumeirah Village Circle,jumeirah-village-circle,2024-07,Jul 2024,1278,1333.02,1130.97,1508.02,912000.0,1351
Jumeirah Village Circle,jumeirah-village-circle,2024-08,Aug 2024,1375,1392.91,1236.28,1567.76,956407.0,1426
Jumeirah Village Circle,jumeirah-village-circle,2024-09,Sep 2024,1519,1324.73,1118.77,1524.59,919900.0,1575
Jumeirah Village Circle,jumeirah-village-circle,2024-10,Oct 2024,1458,1344.3,1143.6,1555.58,910701.0,1513
Jumeirah Village Circle,jumeirah-village-circle,2024-11,Nov 2024,1460,1324.13,1150.22,1507.41,956758.5,1534
Jumeirah Village Circle,jumeirah-village-circle,2024-12,Dec 2024,1547,1291.96,1084.6,1512.77,950000.0,1649
Jumeirah Village Circle,jumeirah-village-circle,2025-01,Jan 2025,880,1367.65,1198.76,1578.25,1016497.5,952
Jumeirah Village Circle,jumeirah-village-circle,2025-02,Feb 2025,1192,1397.59,1219.9,1591.42,987000.0,1245
Jumeirah Village Circle,jumeirah-village-circle,2025-03,Mar 2025,1295,1435.34,1258.29,1604.9,1070000.0,1359
Jumeirah Village Circle,jumeirah-village-circle,2025-04,Apr 2025,1523,1456.32,1277.07,1642.34,1020000.0,1568
Jumeirah Village Circle,jumeirah-village-circle,2025-05,May 2025,1784,1457.73,1264.71,1640.65,990000.0,1818
Jumeirah Village Circle,jumeirah-village-circle,2025-06,Jun 2025,1420,1509.04,1318.01,1667.55,983552.0,1477
Jumeirah Village Circle,jumeirah-village-circle,2025-07,Jul 2025,1775,1390.47,1210.16,1589.47,990573.5,1826
Jumeirah Village Circle,jumeirah-village-circle,2025-08,Aug 2025,1485,1494.54,1328.66,1741.93,1050399.0,1537
Jumeirah Village Circle,jumeirah-village-circle,2025-09,Sep 2025,2015,1538.32,1376.61,1767.77,1062999.0,2061
Jumeirah Village Circle,jumeirah-village-circle,2025-10,Oct 2025,1625,1532.05,1348.53,1729.97,1050000.0,1697
Jumeirah Village Circle,jumeirah-village-circle,2025-11,Nov 2025,1314,1528.73,1301.0,1720.88,1075000.0,1387
Jumeirah Village Circle,jumeirah-village-circle,2025-12,Dec 2025,1480,1553.14,1313.12,1776.53,1091366.0,1581
Jumeirah Village Circle,jumeirah-village-circle,2026-01,Jan 2026,977,1496.53,1270.53,1681.24,1057218.0,1018
Jumeirah Village Circle,jumeirah-village-circle,2026-02,Feb 2026,1085,1453.07,1273.35,1658.06,1055558.0,1135
Jumeirah Village Circle,jumeirah-village-circle,2026-03,Mar 2026,888,1510.43,1310.47,1759.28,1093000.0,922
Jumeirah Village Circle,jumeirah-village-circle,2026-04,Apr 2026,813,1591.22,1311.2,1942.04,1059954.0,837
Jumeirah Village Circle,jumeirah-village-circle,2026-05,May 2026,533,1444.58,1211.36,1692.69,1000000.0,556
Jumeirah Village Circle,jumeirah-village-circle,2026-06,Jun 2026,720,1468.24,1229.29,1732.72,1008280.0,755
Jumeirah Village Circle,jumeirah-village-circle,2026-07,Jul 2026,850,1394.51,1181.37,1625.5,970000.0,896
Jumeirah Village Circle,jumeirah-village-circle,2026-08,Aug 2026,711,1438.58,1219.77,1642.72,1049999.0,735
Dubai World Central,dubai-world-central,2021-09,Sep 2021,55,638.95,527.67,726.61,1441388.0,86
Dubai World Central,dubai-world-central,2021-10,Oct 2021,12,690.52,631.35,732.55,2279178.0,29
Dubai World Central,dubai-world-central,2021-11,Nov 2021,16,664.18,558.58,707.28,1588888.0,31
Dubai World Central,dubai-world-central,2021-12,Dec 2021,12,654.19,610.79,689.32,1443672.5,18
Dubai World Central,dubai-world-central,2022-01,Jan 2022,20,701.07,654.1,767.76,1352888.0,27
Dubai World Central,dubai-world-central,2022-02,Feb 2022,19,692.62,547.94,790.63,1385888.0,25
Dubai World Central,dubai-world-central,2022-03,Mar 2022,15,711.53,644.0,874.78,1343545.0,20
Dubai World Central,dubai-world-central,2022-04,Apr 2022,45,578.48,509.43,714.47,1280000.0,51
Dubai World Central,dubai-world-central,2022-05,May 2022,24,667.24,575.61,784.1,1350000.0,25
Dubai World Central,dubai-world-central,2022-06,Jun 2022,99,544.03,502.25,721.97,1750000.0,104
Dubai World Central,dubai-world-central,2022-07,Jul 2022,92,774.09,600.93,995.9,1531294.0,95
Dubai World Central,dubai-world-central,2022-08,Aug 2022,121,737.95,626.04,982.02,1611038.0,140
Dubai World Central,dubai-world-central,2022-09,Sep 2022,40,731.45,608.87,916.66,1469888.0,40
Dubai World Central,dubai-world-central,2022-10,Oct 2022,30,743.67,600.18,876.15,1350000.0,33
Dubai World Central,dubai-world-central,2022-11,Nov 2022,136,958.79,700.52,1016.15,1491888.0,142
Dubai World Central,dubai-world-central,2022-12,Dec 2022,20,779.25,741.36,953.05,1320000.0,23
Dubai World Central,dubai-world-central,2023-01,Jan 2023,32,902.3,703.35,1009.09,1440490.0,35
Dubai World Central,dubai-world-central,2023-02,Feb 2023,41,998.16,706.1,1017.73,1295888.0,43
Dubai World Central,dubai-world-central,2023-03,Mar 2023,47,887.08,696.07,992.45,1546388.0,88
Dubai World Central,dubai-world-central,2023-04,Apr 2023,28,908.77,609.69,1002.05,1405000.0,40
Dubai World Central,dubai-world-central,2023-05,May 2023,37,768.84,661.29,884.85,1387500.0,44
Dubai World Central,dubai-world-central,2023-06,Jun 2023,54,891.49,768.28,997.89,1360000.0,61
Dubai World Central,dubai-world-central,2023-07,Jul 2023,96,991.51,855.62,1162.87,1250000.0,99
Dubai World Central,dubai-world-central,2023-08,Aug 2023,253,1450.48,1109.76,1600.31,2106516.0,338
Dubai World Central,dubai-world-central,2023-09,Sep 2023,144,1174.01,846.74,1642.21,3266888.0,307
Dubai World Central,dubai-world-central,2023-10,Oct 2023,52,929.31,774.0,1038.28,1800000.0,81
Dubai World Central,dubai-world-central,2023-11,Nov 2023,310,1745.55,1536.29,1851.95,2489061.0,407
Dubai World Central,dubai-world-central,2023-12,Dec 2023,171,1559.72,1102.02,1712.46,2145000.0,192
Dubai World Central,dubai-world-central,2024-01,Jan 2024,243,1592.55,1378.83,1799.62,1545000.0,255
Dubai World Central,dubai-world-central,2024-02,Feb 2024,108,1417.55,984.19,1656.12,1500000.0,119
Dubai World Central,dubai-world-central,2024-03,Mar 2024,249,1910.65,1426.91,2040.16,2549183.0,257
Dubai World Central,dubai-world-central,2024-04,Apr 2024,125,1738.49,1083.1,1937.69,2235000.0,132
Dubai World Central,dubai-world-central,2024-05,May 2024,256,1619.04,1109.85,1926.7,2300000.0,269
Dubai World Central,dubai-world-central,2024-06,Jun 2024,290,1536.44,1173.72,1858.65,3157888.0,315
Dubai World Central,dubai-world-central,2024-07,Jul 2024,448,1410.97,1134.07,1803.4,3319888.0,489
Dubai World Central,dubai-world-central,2024-08,Aug 2024,622,1375.54,1116.02,1577.41,3366888.0,855
Dubai World Central,dubai-world-central,2024-09,Sep 2024,955,1433.91,1285.06,1592.39,1283888.0,985
Dubai World Central,dubai-world-central,2024-10,Oct 2024,1091,1581.8,1306.61,1685.99,1322750.0,1112
Dubai World Central,dubai-world-central,2024-11,Nov 2024,376,1583.23,1300.04,1672.38,1200000.0,405
Dubai World Central,dubai-world-central,2024-12,Dec 2024,790,1640.84,1436.47,1827.84,1164000.0,839
Dubai World Central,dubai-world-central,2025-01,Jan 2025,840,1980.2,1797.36,2114.22,1603888.0,854
Dubai World Central,dubai-world-central,2025-02,Feb 2025,686,1523.0,1365.95,1756.31,1774888.0,699
Dubai World Central,dubai-world-central,2025-03,Mar 2025,824,1937.51,1529.26,2193.87,2089388.0,830
Dubai World Central,dubai-world-central,2025-04,Apr 2025,677,1730.15,1473.99,1951.11,2075000.0,693
Dubai World Central,dubai-world-central,2025-05,May 2025,586,1719.76,1510.58,1938.55,1677779.0,598
Dubai World Central,dubai-world-central,2025-06,Jun 2025,487,1912.59,1590.68,2118.48,2105000.0,489
Dubai World Central,dubai-world-central,2025-07,Jul 2025,525,1860.44,1610.35,2030.64,2031500.0,564
Dubai World Central,dubai-world-central,2025-08,Aug 2025,533,1524.6,1278.62,1806.91,1792500.0,562
Dubai World Central,dubai-world-central,2025-09,Sep 2025,647,1493.08,1299.16,1713.81,1921476.5,662
Dubai World Central,dubai-world-central,2025-10,Oct 2025,424,1623.57,1315.15,1923.41,2090739.0,442
Dubai World Central,dubai-world-central,2025-11,Nov 2025,747,1589.88,1282.26,2039.06,2100390.0,670
Dubai World Central,dubai-world-central,2025-12,Dec 2025,740,1710.38,1462.02,2056.94,1568888.0,728
Dubai World Central,dubai-world-central,2026-01,Jan 2026,457,1609.9,1315.66,1980.48,1581424.5,534
Dubai World Central,dubai-world-central,2026-02,Feb 2026,531,1619.62,1274.8,1836.33,1300888.0,534
Dubai World Central,dubai-world-central,2026-03,Mar 2026,394,1597.97,1374.46,1831.83,1815500.0,380
Dubai World Central,dubai-world-central,2026-04,Apr 2026,519,1631.45,1471.84,1841.31,1410888.0,531
Dubai World Central,dubai-world-central,2026-05,May 2026,1098,1702.6,1567.93,1794.57,730000.0,1118
Dubai World Central,dubai-world-central,2026-06,Jun 2026,2507,1716.03,1594.04,1872.19,698000.0,2528
Dubai World Central,dubai-world-central,2026-07,Jul 2026,2189,1716.03,1607.94,1893.35,720000.0,2214
Dubai World Central,dubai-world-central,2026-08,Aug 2026,1796,1731.67,1612.9,1905.62,730100.0,1812
Business Bay,business-bay,2021-09,Sep 2021,328,1648.99,1399.71,1938.14,1317613.5,382
Business Bay,business-bay,2021-10,Oct 2021,316,1433.76,1295.18,1626.82,950498.5,400
Business Bay,business-bay,2021-11,Nov 2021,685,1434.16,1358.68,1624.87,1016747.0,789
Business Bay,business-bay,2021-12,Dec 2021,332,1446.03,1350.36,1623.36,984828.0,403
Business Bay,business-bay,2022-01,Jan 2022,426,1535.16,1383.4,1808.9,1036885.0,493
Business Bay,business-bay,2022-02,Feb 2022,419,1602.07,1400.14,1817.32,979652.0,520
Business Bay,business-bay,2022-03,Mar 2022,646,1666.33,1498.75,1878.61,1004620.5,788
Business Bay,business-bay,2022-04,Apr 2022,454,1699.36,1498.38,1833.19,957944.0,556
Business Bay,business-bay,2022-05,May 2022,578,1752.42,1514.96,1895.28,1119647.5,616
Business Bay,business-bay,2022-06,Jun 2022,463,1731.67,1357.05,1981.94,1050000.0,551
Business Bay,business-bay,2022-07,Jul 2022,541,1709.75,1312.66,1919.72,1109500.0,642
Business Bay,business-bay,2022-08,Aug 2022,909,1799.57,1498.44,2096.33,1191091.0,1007
Business Bay,business-bay,2022-09,Sep 2022,858,1945.0,1644.74,2144.98,1285000.0,955
Business Bay,business-bay,2022-10,Oct 2022,630,2000.66,1578.01,2222.12,1272000.0,721
Business Bay,business-bay,2022-11,Nov 2022,652,1680.0,1422.75,1937.09,1182311.0,778
Business Bay,business-bay,2022-12,Dec 2022,560,1968.24,1488.76,2221.2,1200132.0,681
Business Bay,business-bay,2023-01,Jan 2023,732,2098.9,1793.56,2296.75,1343579.0,859
Business Bay,business-bay,2023-02,Feb 2023,547,2035.64,1607.0,2323.12,1275000.0,673
Business Bay,business-bay,2023-03,Mar 2023,596,2085.97,1488.88,2383.92,1402500.0,764
Business Bay,business-bay,2023-04,Apr 2023,369,1984.47,1413.02,2362.97,1293765.0,485
Business Bay,business-bay,2023-05,May 2023,520,1564.16,1311.32,2014.95,1150000.0,665
Business Bay,business-bay,2023-06,Jun 2023,335,1685.32,1294.66,2130.73,1229380.0,422
Business Bay,business-bay,2023-07,Jul 2023,425,1948.58,1495.99,2333.18,1327286.0,563
Business Bay,business-bay,2023-08,Aug 2023,986,2562.59,2059.29,2853.73,1386500.0,1108
Business Bay,business-bay,2023-09,Sep 2023,742,2350.06,1908.75,2820.33,1372000.0,871
Business Bay,business-bay,2023-10,Oct 2023,496,1943.2,1410.04,2400.6,1300500.0,618
Business Bay,business-bay,2023-11,Nov 2023,726,2108.99,1655.78,2427.38,1400000.0,868
Business Bay,business-bay,2023-12,Dec 2023,818,2228.94,1853.99,2446.54,1389000.0,978
Business Bay,business-bay,2024-01,Jan 2024,834,2211.0,1795.54,2510.49,1411388.0,956
Business Bay,business-bay,2024-02,Feb 2024,589,2050.0,1623.31,2454.73,1414444.0,730
Business Bay,business-bay,2024-03,Mar 2024,704,2368.14,1783.48,2758.7,1510230.0,836
Business Bay,business-bay,2024-04,Apr 2024,535,2225.03,1613.65,2624.32,1400000.0,648
Business Bay,business-bay,2024-05,May 2024,677,2094.43,1603.53,2543.8,1530000.0,823
Business Bay,business-bay,2024-06,Jun 2024,662,2149.02,1697.35,2585.11,1617888.0,757
Business Bay,business-bay,2024-07,Jul 2024,666,1959.18,1666.52,2471.16,1455000.0,761
Business Bay,business-bay,2024-08,Aug 2024,422,2233.84,1623.03,2658.74,1446197.5,540
Business Bay,business-bay,2024-09,Sep 2024,512,2152.41,1648.68,2660.24,1578388.0,638
Business Bay,business-bay,2024-10,Oct 2024,872,2426.06,1854.52,2857.95,1483610.0,991
Business Bay,business-bay,2024-11,Nov 2024,523,2271.02,1640.0,2675.32,1474000.0,647
Business Bay,business-bay,2024-12,Dec 2024,1110,2290.86,2059.11,2455.33,1387200.0,1195
Business Bay,business-bay,2025-01,Jan 2025,384,2130.31,1644.5,2473.72,1500000.0,482
Business Bay,business-bay,2025-02,Feb 2025,577,2268.56,1772.91,2591.16,1444999.0,694
Business Bay,business-bay,2025-03,Mar 2025,747,2334.46,2094.59,2585.43,1455624.0,873
Business Bay,business-bay,2025-04,Apr 2025,725,2357.72,2036.92,2612.85,1450000.0,843
Business Bay,business-bay,2025-05,May 2025,733,2266.1,1900.21,2548.08,1500000.0,880
Business Bay,business-bay,2025-06,Jun 2025,634,2396.62,1849.55,2670.29,1500000.0,756
Business Bay,business-bay,2025-07,Jul 2025,1079,2378.5,2140.88,2725.84,1382606.0,1226
Business Bay,business-bay,2025-08,Aug 2025,1355,2640.96,2266.49,2923.86,1475000.0,1473
Business Bay,business-bay,2025-09,Sep 2025,1193,2695.57,2351.67,2928.07,1512499.0,1310
Business Bay,business-bay,2025-10,Oct 2025,862,2412.3,1979.21,2780.46,1640000.0,1003
Business Bay,business-bay,2025-11,Nov 2025,673,2448.04,1992.1,2756.44,1775000.0,849
Business Bay,business-bay,2025-12,Dec 2025,811,2544.62,2051.0,2902.75,2100000.0,1001
Business Bay,business-bay,2026-01,Jan 2026,523,2513.68,1862.31,3109.39,2298500.0,690
Business Bay,business-bay,2026-02,Feb 2026,446,2383.85,1762.93,2823.97,2038357.0,639
Business Bay,business-bay,2026-03,Mar 2026,338,2491.89,2031.34,2802.3,2000000.0,399
Business Bay,business-bay,2026-04,Apr 2026,261,2350.85,1711.63,2685.54,2785828.0,463
Business Bay,business-bay,2026-05,May 2026,183,2167.39,1582.82,2494.94,2250000.0,339
Business Bay,business-bay,2026-06,Jun 2026,290,2245.63,1658.23,2627.8,2150000.0,407
Business Bay,business-bay,2026-07,Jul 2026,257,2058.05,1616.97,2404.32,1744315.0,376
Business Bay,business-bay,2026-08,Aug 2026,248,2079.21,1644.26,2476.69,1620000.0,337
Dubai Land Residence Complex,dubai-land-residence-complex,2021-09,Sep 2021,34,793.66,760.0,807.5,442733.0,37
Dubai Land Residence Complex,dubai-land-residence-complex,2021-10,Oct 2021,45,760.0,467.44,807.5,430000.0,45
Dubai Land Residence Complex,dubai-land-residence-complex,2021-11,Nov 2021,87,615.6,467.62,764.8,572515.0,88
Dubai Land Residence Complex,dubai-land-residence-complex,2021-12,Dec 2021,41,598.29,467.44,752.0,550000.0,41
Dubai Land Residence Complex,dubai-land-residence-complex,2022-01,Jan 2022,24,568.98,498.21,837.39,500000.0,19
Dubai Land Residence Complex,dubai-land-residence-complex,2022-02,Feb 2022,66,629.02,507.17,791.13,500000.0,60
Dubai Land Residence Complex,dubai-land-residence-complex,2022-03,Mar 2022,73,784.0,537.55,857.27,460000.0,61
Dubai Land Residence Complex,dubai-land-residence-complex,2022-04,Apr 2022,44,662.07,430.49,779.43,468000.0,40
Dubai Land Residence Complex,dubai-land-residence-complex,2022-05,May 2022,59,469.13,431.2,816.5,462500.0,46
Dubai Land Residence Complex,dubai-land-residence-complex,2022-06,Jun 2022,49,760.0,459.1,800.0,466895.0,43
Dubai Land Residence Complex,dubai-land-residence-complex,2022-07,Jul 2022,40,705.64,646.14,900.8,441000.0,33
Dubai Land Residence Complex,dubai-land-residence-complex,2022-08,Aug 2022,80,696.76,522.88,784.65,477022.0,73
Dubai Land Residence Complex,dubai-land-residence-complex,2022-09,Sep 2022,79,734.82,652.02,849.25,565000.0,65
Dubai Land Residence Complex,dubai-land-residence-complex,2022-10,Oct 2022,40,741.54,460.74,810.62,553000.0,36
Dubai Land Residence Complex,dubai-land-residence-complex,2022-11,Nov 2022,92,740.36,474.02,836.0,556361.0,75
Dubai Land Residence Complex,dubai-land-residence-complex,2022-12,Dec 2022,69,779.97,634.15,860.0,457509.0,67
Dubai Land Residence Complex,dubai-land-residence-complex,2023-01,Jan 2023,61,800.0,730.27,875.07,449334.0,58
Dubai Land Residence Complex,dubai-land-residence-complex,2023-02,Feb 2023,84,797.99,650.02,860.1,467433.0,80
Dubai Land Residence Complex,dubai-land-residence-complex,2023-03,Mar 2023,174,781.0,628.67,878.77,440100.0,172
Dubai Land Residence Complex,dubai-land-residence-complex,2023-04,Apr 2023,110,789.96,517.4,879.98,451614.0,107
Dubai Land Residence Complex,dubai-land-residence-complex,2023-05,May 2023,137,807.27,650.02,880.07,471000.0,121
Dubai Land Residence Complex,dubai-land-residence-complex,2023-06,Jun 2023,172,806.3,761.69,869.93,599970.0,152
Dubai Land Residence Complex,dubai-land-residence-complex,2023-07,Jul 2023,257,939.91,808.74,1110.15,608580.0,231
Dubai Land Residence Complex,dubai-land-residence-complex,2023-08,Aug 2023,218,885.03,800.59,1000.08,610000.0,192
Dubai Land Residence Complex,dubai-land-residence-complex,2023-09,Sep 2023,247,856.25,777.36,1000.07,631500.0,234
Dubai Land Residence Complex,dubai-land-residence-complex,2023-10,Oct 2023,156,815.5,650.0,881.45,650000.0,147
Dubai Land Residence Complex,dubai-land-residence-complex,2023-11,Nov 2023,164,835.99,650.0,894.58,690768.0,171
Dubai Land Residence Complex,dubai-land-residence-complex,2023-12,Dec 2023,191,819.56,650.03,864.98,698642.5,200
Dubai Land Residence Complex,dubai-land-residence-complex,2024-01,Jan 2024,164,704.94,650.0,857.24,713138.0,165
Dubai Land Residence Complex,dubai-land-residence-complex,2024-02,Feb 2024,158,849.36,650.01,953.6,750000.0,158
Dubai Land Residence Complex,dubai-land-residence-complex,2024-03,Mar 2024,136,870.05,650.03,1150.01,714806.5,138
Dubai Land Residence Complex,dubai-land-residence-complex,2024-04,Apr 2024,157,1074.2,831.27,1200.0,700000.0,163
Dubai Land Residence Complex,dubai-land-residence-complex,2024-05,May 2024,265,1108.13,850.96,1200.0,617576.5,272
Dubai Land Residence Complex,dubai-land-residence-complex,2024-06,Jun 2024,367,1125.74,950.0,1283.99,669052.0,366
Dubai Land Residence Complex,dubai-land-residence-complex,2024-07,Jul 2024,488,1213.28,991.7,1405.58,706830.0,490
Dubai Land Residence Complex,dubai-land-residence-complex,2024-08,Aug 2024,506,1273.27,1077.05,1468.58,750000.0,510
Dubai Land Residence Complex,dubai-land-residence-complex,2024-09,Sep 2024,383,1196.54,979.67,1387.91,795445.0,395
Dubai Land Residence Complex,dubai-land-residence-complex,2024-10,Oct 2024,484,1123.95,933.47,1311.09,774500.0,486
Dubai Land Residence Complex,dubai-land-residence-complex,2024-11,Nov 2024,570,1102.58,802.39,1300.0,722818.0,568
Dubai Land Residence Complex,dubai-land-residence-complex,2024-12,Dec 2024,681,1284.95,1087.5,1422.94,754000.0,688
Dubai Land Residence Complex,dubai-land-residence-complex,2025-01,Jan 2025,768,1300.0,1101.71,1492.6,733699.0,761
Dubai Land Residence Complex,dubai-land-residence-complex,2025-02,Feb 2025,611,1300.0,1076.68,1452.37,723999.5,610
Dubai Land Residence Complex,dubai-land-residence-complex,2025-03,Mar 2025,480,1252.3,1047.18,1480.36,750000.0,502
Dubai Land Residence Complex,dubai-land-residence-complex,2025-04,Apr 2025,604,1265.77,1078.04,1483.86,761559.0,623
Dubai Land Residence Complex,dubai-land-residence-complex,2025-05,May 2025,575,1254.94,1100.0,1524.45,775000.0,593
Dubai Land Residence Complex,dubai-land-residence-complex,2025-06,Jun 2025,550,1365.49,1108.09,1593.71,765700.0,560
Dubai Land Residence Complex,dubai-land-residence-complex,2025-07,Jul 2025,585,1395.97,1154.68,1605.02,780744.0,620
Dubai Land Residence Complex,dubai-land-residence-complex,2025-08,Aug 2025,593,1441.35,1195.66,1640.88,752657.0,604
Dubai Land Residence Complex,dubai-land-residence-complex,2025-09,Sep 2025,737,1449.93,1249.72,1637.45,771678.5,752
Dubai Land Residence Complex,dubai-land-residence-complex,2025-10,Oct 2025,878,1460.38,1229.74,1685.36,780000.0,899
Dubai Land Residence Complex,dubai-land-residence-complex,2025-11,Nov 2025,704,1353.04,1179.82,1582.81,821128.0,730
Dubai Land Residence Complex,dubai-land-residence-complex,2025-12,Dec 2025,584,1343.33,1200.04,1585.26,846866.0,585
Dubai Land Residence Complex,dubai-land-residence-complex,2026-01,Jan 2026,658,1390.57,1186.24,1609.09,801000.0,679
Dubai Land Residence Complex,dubai-land-residence-complex,2026-02,Feb 2026,704,1446.71,1222.83,1629.28,791365.5,710
Dubai Land Residence Complex,dubai-land-residence-complex,2026-03,Mar 2026,751,1474.77,1268.34,1620.64,800556.0,760
Dubai Land Residence Complex,dubai-land-residence-complex,2026-04,Apr 2026,588,1449.87,1201.7,1615.41,845505.5,606
Dubai Land Residence Complex,dubai-land-residence-complex,2026-05,May 2026,544,1490.15,1242.52,1648.93,799384.0,563
Dubai Land Residence Complex,dubai-land-residence-complex,2026-06,Jun 2026,400,1374.1,1191.93,1558.21,879777.0,407
Dubai Land Residence Complex,dubai-land-residence-complex,2026-07,Jul 2026,447,1367.97,1182.44,1569.07,857695.5,450
Dubai Land Residence Complex,dubai-land-residence-complex,2026-08,Aug 2026,329,1412.56,1205.51,1596.92,911649.5,334
Majan,majan,2021-09,Sep 2021,10,924.6,906.2,967.62,429800.0,12
Majan,majan,2021-10,Oct 2021,7,874.71,835.94,961.96,435910.0,10
Majan,majan,2021-11,Nov 2021,12,881.06,811.87,941.91,570000.0,13
Majan,majan,2021-12,Dec 2021,9,864.4,849.13,916.45,592080.0,10
Majan,majan,2022-01,Jan 2022,6,783.97,603.86,981.89,431482.5,6
Majan,majan,2022-02,Feb 2022,11,896.03,735.63,922.68,689670.0,12
Majan,majan,2022-03,Mar 2022,14,788.35,722.21,827.06,725000.0,19
Majan,majan,2022-04,Apr 2022,8,845.65,779.6,848.31,750000.0,15
Majan,majan,2022-05,May 2022,6,860.84,834.61,874.53,721375.0,8
Majan,majan,2022-06,Jun 2022,7,875.01,756.86,886.48,789250.0,10
Majan,majan,2022-07,Jul 2022,7,709.31,654.92,780.25,664999.0,8
Majan,majan,2022-08,Aug 2022,3,,,,,4
Majan,majan,2022-09,Sep 2022,3,,,,,3
Majan,majan,2022-10,Oct 2022,3,,,,790000.0,5
Majan,majan,2022-11,Nov 2022,4,,,,1356263.0,11
Majan,majan,2022-12,Dec 2022,3,,,,900000.0,5
Majan,majan,2023-01,Jan 2023,1,,,,2966726.0,7
Majan,majan,2023-02,Feb 2023,49,550.31,500.05,681.97,593420.0,51
Majan,majan,2023-03,Mar 2023,15,800.04,656.92,827.39,752100.0,20
Majan,majan,2023-04,Apr 2023,14,810.42,799.94,840.17,655000.0,18
Majan,majan,2023-05,May 2023,15,752.61,739.66,855.17,907032.0,20
Majan,majan,2023-06,Jun 2023,15,796.0,755.29,869.04,870000.0,17
Majan,majan,2023-07,Jul 2023,7,849.61,766.53,888.94,1116922.0,16
Majan,majan,2023-08,Aug 2023,15,849.98,795.92,958.62,702981.0,18
Majan,majan,2023-09,Sep 2023,30,853.8,781.89,950.13,721041.5,32
Majan,majan,2023-10,Oct 2023,20,907.62,805.22,1016.24,723536.5,20
Majan,majan,2023-11,Nov 2023,39,950.11,864.69,1050.0,573496.0,39
Majan,majan,2023-12,Dec 2023,72,1050.0,957.87,1109.85,753949.5,74
Majan,majan,2024-01,Jan 2024,98,1345.88,1000.0,1601.21,915000.0,108
Majan,majan,2024-02,Feb 2024,231,1277.62,1068.21,1581.37,832965.0,238
Majan,majan,2024-03,Mar 2024,234,1511.32,1155.0,1646.86,781967.0,242
Majan,majan,2024-04,Apr 2024,201,1528.57,1317.14,1643.71,732145.5,208
Majan,majan,2024-05,May 2024,221,1433.32,1150.0,1641.88,789808.0,237
Majan,majan,2024-06,Jun 2024,254,1208.44,1108.34,1488.72,799518.0,238
Majan,majan,2024-07,Jul 2024,229,1192.49,1008.41,1502.49,913080.5,234
Majan,majan,2024-08,Aug 2024,152,1289.51,1003.74,1570.98,914424.0,165
Majan,majan,2024-09,Sep 2024,133,1360.07,1073.62,1537.78,935000.0,143
Majan,majan,2024-10,Oct 2024,107,1343.64,1023.51,1580.9,891207.0,114
Majan,majan,2024-11,Nov 2024,105,1272.64,1034.24,1571.82,950000.0,119
Majan,majan,2024-12,Dec 2024,160,1464.35,1202.09,1647.5,955297.5,172
Majan,majan,2025-01,Jan 2025,149,1436.02,1210.92,1642.25,1099818.0,183
Majan,majan,2025-02,Feb 2025,240,1462.05,1230.0,1711.2,993800.0,262
Majan,majan,2025-03,Mar 2025,104,1327.59,1180.0,1602.11,1050000.0,121
Majan,majan,2025-04,Apr 2025,183,1267.53,1180.0,1494.45,1050000.0,201
Majan,majan,2025-05,May 2025,187,1261.26,1169.66,1494.64,1045626.0,199
Majan,majan,2025-06,Jun 2025,196,1358.09,1253.86,1526.02,1051187.0,208
Majan,majan,2025-07,Jul 2025,314,1272.58,1159.16,1524.53,962396.0,404
Majan,majan,2025-08,Aug 2025,400,1449.0,1199.27,1679.57,889539.5,448
Majan,majan,2025-09,Sep 2025,404,1355.12,1203.11,1587.57,1055420.0,475
Majan,majan,2025-10,Oct 2025,333,1404.85,1223.49,1637.88,1002162.0,369
Majan,majan,2025-11,Nov 2025,249,1290.0,1153.92,1534.19,1073000.0,290
Majan,majan,2025-12,Dec 2025,1530,1840.99,1383.42,1888.55,719999.0,1566
Majan,majan,2026-01,Jan 2026,550,1832.61,1314.72,1870.75,719999.0,573
Majan,majan,2026-02,Feb 2026,461,1381.12,1002.1,1832.32,760115.5,476
Majan,majan,2026-03,Mar 2026,594,1328.58,850.55,1655.95,724000.0,629
Majan,majan,2026-04,Apr 2026,266,1503.45,1289.49,1821.61,1060000.0,287
Majan,majan,2026-05,May 2026,798,1383.99,1350.33,1580.76,595000.0,824
Majan,majan,2026-06,Jun 2026,252,1607.3,1354.23,1802.95,769000.0,267
Majan,majan,2026-07,Jul 2026,232,1464.99,1291.9,1774.71,854000.0,268
Majan,majan,2026-08,Aug 2026,233,1480.0,1343.24,1688.09,934542.0,243
Palm Deira,palm-deira,2023-10,Oct 2023,43,2509.13,2283.61,2852.63,4305300.0,52
Palm Deira,palm-deira,2023-11,Nov 2023,214,2513.83,2275.6,2825.92,4314000.0,232
Palm Deira,palm-deira,2023-12,Dec 2023,110,2503.81,2283.6,2682.74,4098800.0,115
Palm Deira,palm-deira,2024-01,Jan 2024,93,2566.5,2319.99,2677.73,3903800.0,110
Palm Deira,palm-deira,2024-02,Feb 2024,48,2569.3,1589.84,2693.98,2852800.0,51
Palm Deira,palm-deira,2024-03,Mar 2024,17,2563.09,1504.19,2730.19,6568800.0,165
Palm Deira,palm-deira,2024-04,Apr 2024,20,2569.16,1963.17,2736.43,6913800.0,128
Palm Deira,palm-deira,2024-05,May 2024,28,1820.35,1411.43,2609.59,8523800.0,164
Palm Deira,palm-deira,2024-06,Jun 2024,12,2080.97,1555.72,2610.48,8738800.0,95
Palm Deira,palm-deira,2024-07,Jul 2024,99,2579.16,2196.13,2743.44,5914400.0,216
Palm Deira,palm-deira,2024-08,Aug 2024,122,1944.92,1824.0,2032.83,2180694.0,127
Palm Deira,palm-deira,2024-09,Sep 2024,157,1985.16,1845.67,2185.2,2312262.0,174
Palm Deira,palm-deira,2024-10,Oct 2024,112,2086.8,1920.58,2285.47,2319275.5,122
Palm Deira,palm-deira,2024-11,Nov 2024,225,2144.67,1938.11,2287.6,2799315.0,251
Palm Deira,palm-deira,2024-12,Dec 2024,157,2178.48,2001.43,2310.78,2799000.0,177
Palm Deira,palm-deira,2025-01,Jan 2025,89,2078.98,1848.03,2333.74,2532990.0,96
Palm Deira,palm-deira,2025-02,Feb 2025,278,2200.18,1883.8,2455.49,2369801.0,300
Palm Deira,palm-deira,2025-03,Mar 2025,323,2390.98,2201.18,2629.96,2975000.0,333
Palm Deira,palm-deira,2025-04,Apr 2025,420,2411.3,2184.39,2665.02,2705499.5,448
Palm Deira,palm-deira,2025-05,May 2025,385,2432.91,2097.51,2818.46,2727157.0,397
Palm Deira,palm-deira,2025-06,Jun 2025,398,2394.37,2169.59,2676.89,2640943.0,417
Palm Deira,palm-deira,2025-07,Jul 2025,291,2327.52,2029.59,2595.79,2665006.0,309
Palm Deira,palm-deira,2025-08,Aug 2025,207,2384.24,2026.89,2677.38,2489257.0,216
Palm Deira,palm-deira,2025-09,Sep 2025,440,2334.92,2000.0,2673.53,2513215.0,444
Palm Deira,palm-deira,2025-10,Oct 2025,472,2520.7,2215.59,2798.49,2793000.0,483
Palm Deira,palm-deira,2025-11,Nov 2025,463,2662.44,2233.62,2880.35,3079508.5,520
Palm Deira,palm-deira,2025-12,Dec 2025,473,2651.32,2252.95,2902.93,2811050.0,483
Palm Deira,palm-deira,2026-01,Jan 2026,622,2709.24,2155.29,3110.38,2653131.0,630
Palm Deira,palm-deira,2026-02,Feb 2026,612,2867.96,2368.8,3145.77,2693000.0,622
Palm Deira,palm-deira,2026-03,Mar 2026,431,2778.04,2420.79,3082.6,2703000.0,433
Palm Deira,palm-deira,2026-04,Apr 2026,717,3013.02,2562.81,3349.07,3143828.0,723
Palm Deira,palm-deira,2026-05,May 2026,366,3049.12,2595.41,3390.46,3172134.0,368
Palm Deira,palm-deira,2026-06,Jun 2026,254,2921.2,2347.71,3483.27,2982736.0,263
Palm Deira,palm-deira,2026-07,Jul 2026,186,2656.82,2253.2,3244.15,2750763.5,196
Palm Deira,palm-deira,2026-08,Aug 2026,132,2506.99,2086.31,3188.63,2929126.5,134
Jumeirah Village Triangle,jumeirah-village-triangle,2021-09,Sep 2021,29,771.13,765.01,913.42,714326.0,41
Jumeirah Village Triangle,jumeirah-village-triangle,2021-10,Oct 2021,9,586.59,584.86,1495.64,1195562.5,22
Jumeirah Village Triangle,jumeirah-village-triangle,2021-11,Nov 2021,4,,,,1275000.0,11
Jumeirah Village Triangle,jumeirah-village-triangle,2021-12,Dec 2021,19,800.01,800.0,800.01,753696.0,26
Jumeirah Village Triangle,jumeirah-village-triangle,2022-01,Jan 2022,9,911.61,884.13,950.08,1241680.0,23
Jumeirah Village Triangle,jumeirah-village-triangle,2022-02,Feb 2022,15,936.77,694.84,1014.59,1728494.0,22
Jumeirah Village Triangle,jumeirah-village-triangle,2022-03,Mar 2022,21,940.28,887.77,959.38,1161366.5,46
Jumeirah Village Triangle,jumeirah-village-triangle,2022-04,Apr 2022,28,955.96,900.93,967.62,1305600.0,43
Jumeirah Village Triangle,jumeirah-village-triangle,2022-05,May 2022,42,972.95,919.1,1050.0,1190000.0,63
Jumeirah Village Triangle,jumeirah-village-triangle,2022-06,Jun 2022,46,960.0,900.22,1050.0,1010000.0,62
Jumeirah Village Triangle,jumeirah-village-triangle,2022-07,Jul 2022,25,933.2,810.8,975.8,1402241.0,43
Jumeirah Village Triangle,jumeirah-village-triangle,2022-08,Aug 2022,45,960.71,838.83,1163.51,1265064.0,64
Jumeirah Village Triangle,jumeirah-village-triangle,2022-09,Sep 2022,42,1063.06,784.75,1163.51,739300.0,57
Jumeirah Village Triangle,jumeirah-village-triangle,2022-10,Oct 2022,45,965.7,863.22,1062.71,755000.0,58
Jumeirah Village Triangle,jumeirah-village-triangle,2022-11,Nov 2022,116,1044.18,992.93,1102.24,733606.0,127
Jumeirah Village Triangle,jumeirah-village-triangle,2022-12,Dec 2022,45,1089.86,995.71,1141.66,851115.0,53
Jumeirah Village Triangle,jumeirah-village-triangle,2023-01,Jan 2023,46,1137.2,944.15,1205.77,750000.0,52
Jumeirah Village Triangle,jumeirah-village-triangle,2023-02,Feb 2023,104,1061.33,984.22,1112.34,806533.0,137
Jumeirah Village Triangle,jumeirah-village-triangle,2023-03,Mar 2023,70,1075.68,993.54,1171.81,670380.5,112
Jumeirah Village Triangle,jumeirah-village-triangle,2023-04,Apr 2023,51,1096.2,924.64,1182.99,755000.0,108
Jumeirah Village Triangle,jumeirah-village-triangle,2023-05,May 2023,50,1052.45,841.25,1205.56,798427.0,107
Jumeirah Village Triangle,jumeirah-village-triangle,2023-06,Jun 2023,57,1157.1,971.49,1452.73,646728.0,107
Jumeirah Village Triangle,jumeirah-village-triangle,2023-07,Jul 2023,56,1138.13,1024.75,1447.09,1055875.0,93
Jumeirah Village Triangle,jumeirah-village-triangle,2023-08,Aug 2023,296,1784.65,1508.73,1966.87,929067.5,328
Jumeirah Village Triangle,jumeirah-village-triangle,2023-09,Sep 2023,183,1712.55,1513.08,1920.57,1090828.0,245
Jumeirah Village Triangle,jumeirah-village-triangle,2023-10,Oct 2023,171,1639.92,1309.01,1868.11,1306000.0,223
Jumeirah Village Triangle,jumeirah-village-triangle,2023-11,Nov 2023,84,1328.47,1187.55,1671.18,826035.0,176
Jumeirah Village Triangle,jumeirah-village-triangle,2023-12,Dec 2023,51,1307.15,999.83,1506.28,1014443.0,96
Jumeirah Village Triangle,jumeirah-village-triangle,2024-01,Jan 2024,95,1273.83,1101.18,1655.82,1048439.0,128
Jumeirah Village Triangle,jumeirah-village-triangle,2024-02,Feb 2024,102,1290.0,1087.26,1606.16,891459.5,134
Jumeirah Village Triangle,jumeirah-village-triangle,2024-03,Mar 2024,118,1323.03,1152.59,1547.63,932592.0,147
Jumeirah Village Triangle,jumeirah-village-triangle,2024-04,Apr 2024,80,1268.97,1050.13,1501.32,895273.5,110
Jumeirah Village Triangle,jumeirah-village-triangle,2024-05,May 2024,137,1354.63,1171.85,1510.52,1015342.0,211
Jumeirah Village Triangle,jumeirah-village-triangle,2024-06,Jun 2024,218,1315.58,1018.64,1522.83,917840.0,245
Jumeirah Village Triangle,jumeirah-village-triangle,2024-07,Jul 2024,205,1405.21,1253.27,1541.25,1026979.5,236
Jumeirah Village Triangle,jumeirah-village-triangle,2024-08,Aug 2024,128,1375.78,1281.73,1531.42,947790.5,156
Jumeirah Village Triangle,jumeirah-village-triangle,2024-09,Sep 2024,178,1415.55,1307.07,1541.02,1045380.0,195
Jumeirah Village Triangle,jumeirah-village-triangle,2024-10,Oct 2024,326,1451.08,1353.22,1562.97,915673.0,341
Jumeirah Village Triangle,jumeirah-village-triangle,2024-11,Nov 2024,607,1392.84,1197.0,1563.86,845722.5,600
Jumeirah Village Triangle,jumeirah-village-triangle,2024-12,Dec 2024,291,1541.16,1405.1,1733.18,943723.0,317
Jumeirah Village Triangle,jumeirah-village-triangle,2025-01,Jan 2025,194,1492.84,1314.27,1673.38,956915.0,213
Jumeirah Village Triangle,jumeirah-village-triangle,2025-02,Feb 2025,150,1456.48,1307.92,1536.12,1067319.5,166
Jumeirah Village Triangle,jumeirah-village-triangle,2025-03,Mar 2025,114,1453.4,1331.86,1595.9,1019786.0,133
Jumeirah Village Triangle,jumeirah-village-triangle,2025-04,Apr 2025,239,1435.14,1218.52,1563.71,1037134.5,254
Jumeirah Village Triangle,jumeirah-village-triangle,2025-05,May 2025,381,1407.0,1200.85,1545.18,920000.0,388
Jumeirah Village Triangle,jumeirah-village-triangle,2025-06,Jun 2025,313,1460.4,1284.04,1668.48,1098236.0,332
Jumeirah Village Triangle,jumeirah-village-triangle,2025-07,Jul 2025,366,1488.5,1314.59,1682.83,1092000.0,387
Jumeirah Village Triangle,jumeirah-village-triangle,2025-08,Aug 2025,301,1487.64,1350.5,1658.93,1128370.0,342
Jumeirah Village Triangle,jumeirah-village-triangle,2025-09,Sep 2025,456,1584.67,1426.74,1786.22,1150618.0,475
Jumeirah Village Triangle,jumeirah-village-triangle,2025-10,Oct 2025,926,1679.33,1515.68,1926.61,1133871.0,968
Jumeirah Village Triangle,jumeirah-village-triangle,2025-11,Nov 2025,739,1657.0,1497.11,1834.0,1239999.0,758
Jumeirah Village Triangle,jumeirah-village-triangle,2025-12,Dec 2025,574,1659.09,1496.1,1881.28,1100000.0,593
Jumeirah Village Triangle,jumeirah-village-triangle,2026-01,Jan 2026,384,1627.5,1471.42,1787.72,1171843.0,442
Jumeirah Village Triangle,jumeirah-village-triangle,2026-02,Feb 2026,272,1658.89,1447.71,1867.04,1150000.0,299
Jumeirah Village Triangle,jumeirah-village-triangle,2026-03,Mar 2026,325,1725.03,1582.63,1903.95,1220055.0,352
Jumeirah Village Triangle,jumeirah-village-triangle,2026-04,Apr 2026,284,1713.12,1511.79,1885.32,1200000.0,307
Jumeirah Village Triangle,jumeirah-village-triangle,2026-05,May 2026,167,1704.91,1502.43,1989.96,1075413.0,175
Jumeirah Village Triangle,jumeirah-village-triangle,2026-06,Jun 2026,189,1683.17,1463.98,1902.16,1150000.0,197
Jumeirah Village Triangle,jumeirah-village-triangle,2026-07,Jul 2026,126,1577.7,1441.81,1794.71,1125942.0,150
Jumeirah Village Triangle,jumeirah-village-triangle,2026-08,Aug 2026,136,1615.37,1410.69,1923.69,1100000.0,159
Motor City,motor-city,2021-09,Sep 2021,31,824.14,564.36,876.88,2275000.0,34
Motor City,motor-city,2021-10,Oct 2021,30,623.86,573.51,874.64,1175000.0,32
Motor City,motor-city,2021-11,Nov 2021,34,602.69,514.67,882.71,1339420.0,35
Motor City,motor-city,2021-12,Dec 2021,22,500.0,500.0,674.65,1653404.0,23
Motor City,motor-city,2022-01,Jan 2022,15,609.75,513.99,758.5,1410000.0,19
Motor City,motor-city,2022-02,Feb 2022,12,548.9,510.76,623.21,960000.0,15
Motor City,motor-city,2022-03,Mar 2022,33,703.4,501.44,758.48,865000.0,35
Motor City,motor-city,2022-04,Apr 2022,8,572.78,493.74,649.55,803150.0,8
Motor City,motor-city,2022-05,May 2022,9,666.12,614.3,686.57,1125000.0,10
Motor City,motor-city,2022-06,Jun 2022,34,597.61,325.0,639.92,886000.0,37
Motor City,motor-city,2022-07,Jul 2022,33,585.11,539.37,706.5,1040000.0,37
Motor City,motor-city,2022-08,Aug 2022,38,643.87,550.04,738.64,1335000.0,38
Motor City,motor-city,2022-09,Sep 2022,23,646.43,565.06,731.84,1275000.0,29
Motor City,motor-city,2022-10,Oct 2022,36,684.39,602.59,771.25,1067500.0,40
Motor City,motor-city,2022-11,Nov 2022,41,712.29,631.51,758.46,1157500.0,52
Motor City,motor-city,2022-12,Dec 2022,52,706.0,541.91,768.77,1500000.0,61
Motor City,motor-city,2023-01,Jan 2023,27,693.68,584.84,719.89,1180000.0,29
Motor City,motor-city,2023-02,Feb 2023,20,669.36,530.0,710.08,1275000.0,26
Motor City,motor-city,2023-03,Mar 2023,73,729.3,642.95,1048.5,862388.0,82
Motor City,motor-city,2023-04,Apr 2023,51,1015.94,696.87,1143.41,724888.0,52
Motor City,motor-city,2023-05,May 2023,85,932.95,678.63,1102.13,737388.0,90
Motor City,motor-city,2023-06,Jun 2023,74,853.78,695.88,1192.88,871444.0,78
Motor City,motor-city,2023-07,Jul 2023,72,781.69,649.33,1116.82,730000.0,72
Motor City,motor-city,2023-08,Aug 2023,86,1047.46,788.15,1174.46,699888.0,92
Motor City,motor-city,2023-09,Sep 2023,130,993.54,807.86,1234.69,771009.0,135
Motor City,motor-city,2023-10,Oct 2023,48,804.55,678.71,950.83,1257444.0,90
Motor City,motor-city,2023-11,Nov 2023,36,806.72,738.91,1227.53,1067532.5,38
Motor City,motor-city,2023-12,Dec 2023,29,717.71,646.32,858.22,960445.0,51
Motor City,motor-city,2024-01,Jan 2024,20,792.44,690.96,883.42,800000.0,20
Motor City,motor-city,2024-02,Feb 2024,24,790.88,676.53,1030.57,1237500.0,30
Motor City,motor-city,2024-03,Mar 2024,51,806.45,711.46,945.65,1310000.0,59
Motor City,motor-city,2024-04,Apr 2024,36,862.09,711.98,943.56,1310000.0,47
Motor City,motor-city,2024-05,May 2024,68,804.1,703.15,996.79,1382500.0,84
Motor City,motor-city,2024-06,Jun 2024,66,845.89,652.17,935.98,1390000.0,71
Motor City,motor-city,2024-07,Jul 2024,49,836.31,652.56,987.3,1375000.0,63
Motor City,motor-city,2024-08,Aug 2024,99,1113.29,821.76,1880.0,1224725.0,109
Motor City,motor-city,2024-09,Sep 2024,307,1844.97,831.98,1900.02,1062185.0,309
Motor City,motor-city,2024-10,Oct 2024,826,1884.99,1845.01,1925.0,1123304.0,827
Motor City,motor-city,2024-11,Nov 2024,404,1749.98,703.48,1880.01,1024957.0,409
Motor City,motor-city,2024-12,Dec 2024,192,1875.0,1567.68,1905.0,1120148.0,194
Motor City,motor-city,2025-01,Jan 2025,121,1779.98,963.84,1900.02,1178653.5,124
Motor City,motor-city,2025-02,Feb 2025,291,1875.0,1535.68,1910.01,1227284.0,342
Motor City,motor-city,2025-03,Mar 2025,425,1880.0,1544.79,1935.0,1283018.0,499
Motor City,motor-city,2025-04,Apr 2025,279,1845.01,1200.0,1924.99,1265400.5,344
Motor City,motor-city,2025-05,May 2025,584,1930.01,1853.75,1980.01,1200186.0,598
Motor City,motor-city,2025-06,Jun 2025,734,1950.02,1895.0,2010.02,1175694.0,738
Motor City,motor-city,2025-07,Jul 2025,649,1950.0,1880.02,2030.0,1201433.0,663
Motor City,motor-city,2025-08,Aug 2025,507,1946.7,1715.24,2029.98,1190566.0,520
Motor City,motor-city,2025-09,Sep 2025,600,1910.01,1194.37,2015.0,1221700.0,632
Motor City,motor-city,2025-10,Oct 2025,648,1767.77,1200.0,2000.02,1146722.0,640
Motor City,motor-city,2025-11,Nov 2025,637,1929.99,1202.06,2015.65,1147840.0,611
Motor City,motor-city,2025-12,Dec 2025,367,1917.6,1242.1,2015.0,1119332.0,384
Motor City,motor-city,2026-01,Jan 2026,192,1793.04,1199.82,1999.98,1210000.0,193
Motor City,motor-city,2026-02,Feb 2026,423,1669.2,1267.47,1950.0,1281884.0,434
Motor City,motor-city,2026-03,Mar 2026,382,1754.6,1600.0,2059.87,1296246.0,411
Motor City,motor-city,2026-04,Apr 2026,211,1700.0,1465.9,1943.61,1359221.0,220
Motor City,motor-city,2026-05,May 2026,123,1356.0,986.99,1824.16,1254330.0,127
Motor City,motor-city,2026-06,Jun 2026,192,1767.62,1350.84,2035.84,952917.0,198
Motor City,motor-city,2026-07,Jul 2026,157,1738.91,1408.84,2034.39,1059251.5,164
Motor City,motor-city,2026-08,Aug 2026,173,1623.53,1342.83,1880.01,1100000.0,191
Dubai Science Park,dubai-science-park,2022-02,Feb 2022,8,847.49,818.77,909.08,789000.0,8
Dubai Science Park,dubai-science-park,2022-03,Mar 2022,12,1254.24,876.84,1262.0,549166.0,15
Dubai Science Park,dubai-science-park,2022-04,Apr 2022,5,1168.11,1107.88,1207.58,630000.0,5
Dubai Science Park,dubai-science-park,2022-05,May 2022,8,836.76,828.98,955.91,993753.0,13
Dubai Science Park,dubai-science-park,2022-06,Jun 2022,11,828.1,809.8,875.54,672619.0,13
Dubai Science Park,dubai-science-park,2022-07,Jul 2022,4,,,,1975000.0,8
Dubai Science Park,dubai-science-park,2022-08,Aug 2022,11,917.58,826.64,1054.36,661979.0,15
Dubai Science Park,dubai-science-park,2022-09,Sep 2022,8,817.5,740.59,839.26,747832.5,10
Dubai Science Park,dubai-science-park,2022-10,Oct 2022,10,849.31,826.16,860.0,695943.5,14
Dubai Science Park,dubai-science-park,2022-11,Nov 2022,8,840.53,830.18,852.95,735613.0,11
Dubai Science Park,dubai-science-park,2022-12,Dec 2022,11,855.0,844.17,877.5,1232765.5,16
Dubai Science Park,dubai-science-park,2023-01,Jan 2023,95,1237.97,1167.0,1322.87,877500.0,96
Dubai Science Park,dubai-science-park,2023-02,Feb 2023,423,1231.35,1165.73,1377.32,860000.0,425
Dubai Science Park,dubai-science-park,2023-03,Mar 2023,47,1175.18,887.5,1236.41,738743.5,50
Dubai Science Park,dubai-science-park,2023-04,Apr 2023,30,1008.54,881.25,1210.19,822981.0,35
Dubai Science Park,dubai-science-park,2023-05,May 2023,40,862.5,845.0,922.5,776756.0,45
Dubai Science Park,dubai-science-park,2023-06,Jun 2023,39,860.0,845.0,938.55,731020.0,39
Dubai Science Park,dubai-science-park,2023-07,Jul 2023,36,870.0,860.0,902.51,731015.0,38
Dubai Science Park,dubai-science-park,2023-08,Aug 2023,32,865.28,844.99,890.71,725000.0,35
Dubai Science Park,dubai-science-park,2023-09,Sep 2023,39,865.0,850.46,950.04,730923.0,41
Dubai Science Park,dubai-science-park,2023-10,Oct 2023,25,923.91,855.0,1003.13,1177679.0,29
Dubai Science Park,dubai-science-park,2023-11,Nov 2023,35,911.54,851.67,1024.22,870000.0,36
Dubai Science Park,dubai-science-park,2023-12,Dec 2023,19,946.34,876.34,1242.34,877181.0,22
Dubai Science Park,dubai-science-park,2024-01,Jan 2024,24,909.75,850.0,1004.23,1198433.0,28
Dubai Science Park,dubai-science-park,2024-02,Feb 2024,18,885.56,857.15,1003.11,1255629.5,24
Dubai Science Park,dubai-science-park,2024-03,Mar 2024,17,1013.26,972.71,1151.59,1250000.0,29
Dubai Science Park,dubai-science-park,2024-04,Apr 2024,135,1401.8,1301.69,1499.46,986277.0,142
Dubai Science Park,dubai-science-park,2024-05,May 2024,192,1416.65,1317.34,1528.74,973777.0,199
Dubai Science Park,dubai-science-park,2024-06,Jun 2024,321,1447.3,1309.41,1553.56,998079.0,328
Dubai Science Park,dubai-science-park,2024-07,Jul 2024,368,1541.4,1375.23,1671.62,905789.0,389
Dubai Science Park,dubai-science-park,2024-08,Aug 2024,329,1491.32,1350.53,1599.16,1098690.5,336
Dubai Science Park,dubai-science-park,2024-09,Sep 2024,325,1558.7,1376.51,1734.62,1145000.0,330
Dubai Science Park,dubai-science-park,2024-10,Oct 2024,330,1526.92,1340.91,1682.52,1127500.0,336
Dubai Science Park,dubai-science-park,2024-11,Nov 2024,184,1555.65,1389.24,1743.02,1200000.0,192
Dubai Science Park,dubai-science-park,2024-12,Dec 2024,370,1441.5,1251.75,1649.64,900000.0,383
Dubai Science Park,dubai-science-park,2025-01,Jan 2025,147,1378.81,1300.94,1642.03,836000.0,148
Dubai Science Park,dubai-science-park,2025-02,Feb 2025,213,1596.56,1441.14,1743.02,936919.0,215
Dubai Science Park,dubai-science-park,2025-03,Mar 2025,220,1559.38,1421.27,1701.59,1020777.0,223
Dubai Science Park,dubai-science-park,2025-04,Apr 2025,108,1563.28,1392.16,1704.36,1058086.0,112
Dubai Science Park,dubai-science-park,2025-05,May 2025,163,1647.06,1512.78,1792.2,1028499.5,166
Dubai Science Park,dubai-science-park,2025-06,Jun 2025,206,1600.79,1428.75,1742.52,1206357.5,208
Dubai Science Park,dubai-science-park,2025-07,Jul 2025,556,1643.0,1508.18,1832.33,1220500.0,568
Dubai Science Park,dubai-science-park,2025-08,Aug 2025,692,1639.15,1500.05,1997.22,1201500.0,704
Dubai Science Park,dubai-science-park,2025-09,Sep 2025,1274,1787.19,1550.42,2023.89,1088234.0,1307
Dubai Science Park,dubai-science-park,2025-10,Oct 2025,886,1706.88,1523.48,2017.08,1044269.5,906
Dubai Science Park,dubai-science-park,2025-11,Nov 2025,418,1679.07,1521.32,2023.89,1036469.0,447
Dubai Science Park,dubai-science-park,2025-12,Dec 2025,484,1852.07,1573.88,2095.53,1118748.0,497
Dubai Science Park,dubai-science-park,2026-01,Jan 2026,188,1725.42,1442.27,1937.46,1325000.0,193
Dubai Science Park,dubai-science-park,2026-02,Feb 2026,158,1698.59,1523.46,2017.15,1200000.0,163
Dubai Science Park,dubai-science-park,2026-03,Mar 2026,92,1978.01,1599.13,2091.49,1051193.5,94
Dubai Science Park,dubai-science-park,2026-04,Apr 2026,91,1658.47,1446.35,1972.85,1327500.0,94
Dubai Science Park,dubai-science-park,2026-05,May 2026,73,1667.47,1495.62,1845.46,1184000.0,75
Dubai Science Park,dubai-science-park,2026-06,Jun 2026,215,1857.45,1579.49,2182.53,1050000.0,237
Dubai Science Park,dubai-science-park,2026-07,Jul 2026,69,1748.81,1496.42,1988.17,825000.0,70
Dubai Science Park,dubai-science-park,2026-08,Aug 2026,62,1650.98,1397.48,1826.84,1045150.0,63
Arjan,arjan,2021-09,Sep 2021,64,1132.51,902.81,1212.05,772347.0,68
Arjan,arjan,2021-10,Oct 2021,49,917.43,808.92,1183.22,773730.0,50
Arjan,arjan,2021-11,Nov 2021,94,1096.14,811.04,1275.99,710000.0,97
Arjan,arjan,2021-12,Dec 2021,92,1094.9,859.16,1242.79,625000.0,97
Arjan,arjan,2022-01,Jan 2022,237,1161.29,902.72,1209.07,644000.0,241
Arjan,arjan,2022-02,Feb 2022,141,1198.98,923.68,1253.84,650000.0,149
Arjan,arjan,2022-03,Mar 2022,133,980.82,843.52,1228.85,648000.0,156
Arjan,arjan,2022-04,Apr 2022,191,1170.66,961.97,1247.55,640500.0,198
Arjan,arjan,2022-05,May 2022,112,1168.23,902.44,1241.38,650000.0,113
Arjan,arjan,2022-06,Jun 2022,142,1125.18,912.3,1217.22,634000.0,144
Arjan,arjan,2022-07,Jul 2022,175,1022.69,883.2,1160.6,580000.0,181
Arjan,arjan,2022-08,Aug 2022,349,1114.86,938.4,1166.89,569050.0,357
Arjan,arjan,2022-09,Sep 2022,574,1159.92,1035.2,1234.91,569050.0,579
Arjan,arjan,2022-10,Oct 2022,194,1136.48,971.96,1248.97,520000.0,197
Arjan,arjan,2022-11,Nov 2022,158,997.24,885.31,1143.14,722500.0,164
Arjan,arjan,2022-12,Dec 2022,183,985.85,802.5,1119.87,730750.0,186
Arjan,arjan,2023-01,Jan 2023,98,1018.41,876.13,1113.05,745000.0,107
Arjan,arjan,2023-02,Feb 2023,244,1050.96,936.72,1125.0,586430.0,247
Arjan,arjan,2023-03,Mar 2023,397,1044.54,900.11,1107.24,488000.0,404
Arjan,arjan,2023-04,Apr 2023,191,1094.8,995.07,1303.93,670000.0,201
Arjan,arjan,2023-05,May 2023,440,1350.7,1122.26,1418.99,672600.0,469
Arjan,arjan,2023-06,Jun 2023,364,1314.9,1135.49,1430.2,576995.0,370
Arjan,arjan,2023-07,Jul 2023,439,1207.16,1019.96,1367.95,708685.0,448
Arjan,arjan,2023-08,Aug 2023,620,1394.43,1267.87,1499.15,774471.0,634
Arjan,arjan,2023-09,Sep 2023,764,1377.55,1204.53,1487.07,794200.0,782
Arjan,arjan,2023-10,Oct 2023,241,1163.08,968.81,1330.56,809855.5,250
Arjan,arjan,2023-11,Nov 2023,262,1201.15,997.71,1350.42,840000.0,272
Arjan,arjan,2023-12,Dec 2023,330,1106.43,917.99,1317.32,815508.0,339
Arjan,arjan,2024-01,Jan 2024,337,1216.26,1062.0,1362.51,844639.5,348
Arjan,arjan,2024-02,Feb 2024,297,1317.5,1125.83,1450.1,773744.0,318
Arjan,arjan,2024-03,Mar 2024,360,1297.57,1088.05,1387.66,806889.0,365
Arjan,arjan,2024-04,Apr 2024,285,1304.83,1148.1,1449.8,974048.0,303
Arjan,arjan,2024-05,May 2024,575,1294.04,1081.3,1442.7,939755.0,596
Arjan,arjan,2024-06,Jun 2024,471,1335.36,1213.13,1478.48,995888.0,490
Arjan,arjan,2024-07,Jul 2024,488,1361.28,1213.76,1481.1,931828.0,491
Arjan,arjan,2024-08,Aug 2024,437,1364.75,1185.35,1516.25,940000.0,459
Arjan,arjan,2024-09,Sep 2024,321,1321.31,1157.25,1460.62,913500.0,338
Arjan,arjan,2024-10,Oct 2024,507,1350.0,1223.5,1466.67,977060.0,507
Arjan,arjan,2024-11,Nov 2024,269,1326.21,1157.71,1474.75,980000.0,276
Arjan,arjan,2024-12,Dec 2024,257,1381.96,1196.09,1492.37,959888.0,258
Arjan,arjan,2025-01,Jan 2025,221,1326.89,1188.24,1454.61,1029960.0,219
Arjan,arjan,2025-02,Feb 2025,270,1311.68,1173.43,1477.97,960944.0,284
Arjan,arjan,2025-03,Mar 2025,234,1309.97,1184.7,1504.85,961326.5,240
Arjan,arjan,2025-04,Apr 2025,364,1404.07,1258.91,1559.14,1000000.0,363
Arjan,arjan,2025-05,May 2025,309,1344.3,1161.8,1564.25,905000.0,332
Arjan,arjan,2025-06,Jun 2025,239,1401.92,1257.19,1568.42,909500.0,248
Arjan,arjan,2025-07,Jul 2025,302,1416.12,1199.96,1594.5,910000.0,311
Arjan,arjan,2025-08,Aug 2025,168,1396.73,1250.6,1587.96,930000.0,193
Arjan,arjan,2025-09,Sep 2025,296,1448.69,1260.84,1611.78,910913.0,317
Arjan,arjan,2025-10,Oct 2025,335,1464.3,1287.44,1616.39,906500.0,356
Arjan,arjan,2025-11,Nov 2025,464,1504.12,1333.35,1729.79,911777.0,489
Arjan,arjan,2025-12,Dec 2025,480,1624.57,1433.36,1814.89,885777.0,513
Arjan,arjan,2026-01,Jan 2026,320,1547.46,1301.79,1762.55,904777.0,347
Arjan,arjan,2026-02,Feb 2026,324,1541.56,1305.12,1717.76,1000000.0,366
Arjan,arjan,2026-03,Mar 2026,289,1621.41,1449.91,1814.54,1022500.0,314
Arjan,arjan,2026-04,Apr 2026,267,1528.7,1310.76,1786.52,1099211.5,278
Arjan,arjan,2026-05,May 2026,191,1614.43,1351.95,1799.5,1001907.5,198
Arjan,arjan,2026-06,Jun 2026,357,1696.7,1411.7,1836.0,857000.0,363
Arjan,arjan,2026-07,Jul 2026,275,1658.63,1386.5,1877.53,849915.0,280
Arjan,arjan,2026-08,Aug 2026,215,1505.01,1324.3,1743.89,908000.0,221
Dubai Creek Harbour,dubai-creek-harbour,2021-09,Sep 2021,169,1919.96,1567.5,2380.29,2809888.0,168
Dubai Creek Harbour,dubai-creek-harbour,2021-10,Oct 2021,211,1807.06,1598.96,2171.94,2853888.0,210
Dubai Creek Harbour,dubai-creek-harbour,2021-11,Nov 2021,232,1747.52,1582.98,1989.82,2650000.0,231
Dubai Creek Harbour,dubai-creek-harbour,2021-12,Dec 2021,213,1895.22,1646.27,2332.21,2856888.0,209
Dubai Creek Harbour,dubai-creek-harbour,2022-01,Jan 2022,216,1812.66,1599.0,2009.34,2339388.0,216
Dubai Creek Harbour,dubai-creek-harbour,2022-02,Feb 2022,229,1865.34,1645.8,2151.92,2284270.0,229
Dubai Creek Harbour,dubai-creek-harbour,2022-03,Mar 2022,352,1715.24,1534.72,1924.68,1998444.0,352
Dubai Creek Harbour,dubai-creek-harbour,2022-04,Apr 2022,307,1765.93,1576.58,2070.85,2242888.0,307
Dubai Creek Harbour,dubai-creek-harbour,2022-05,May 2022,270,1839.89,1577.63,1992.8,2017388.0,270
Dubai Creek Harbour,dubai-creek-harbour,2022-06,Jun 2022,374,1812.56,1632.05,1967.2,1628749.0,374
Dubai Creek Harbour,dubai-creek-harbour,2022-07,Jul 2022,308,1689.87,1578.87,1796.06,1447888.0,307
Dubai Creek Harbour,dubai-creek-harbour,2022-08,Aug 2022,405,1755.81,1636.27,1904.14,1727888.0,405
Dubai Creek Harbour,dubai-creek-harbour,2022-09,Sep 2022,272,1938.0,1581.87,2033.06,1853280.0,272
Dubai Creek Harbour,dubai-creek-harbour,2022-10,Oct 2022,246,1738.09,1573.19,1925.21,1769320.0,245
Dubai Creek Harbour,dubai-creek-harbour,2022-11,Nov 2022,335,1728.22,1591.41,1908.68,1833135.0,334
Dubai Creek Harbour,dubai-creek-harbour,2022-12,Dec 2022,310,1934.31,1786.8,2142.11,2146754.5,310
Dubai Creek Harbour,dubai-creek-harbour,2023-01,Jan 2023,588,2017.97,1870.67,2249.77,2407388.0,588
Dubai Creek Harbour,dubai-creek-harbour,2023-02,Feb 2023,378,1955.95,1837.42,2137.8,2094444.0,378
Dubai Creek Harbour,dubai-creek-harbour,2023-03,Mar 2023,788,2045.54,1847.65,2196.49,2112500.0,788
Dubai Creek Harbour,dubai-creek-harbour,2023-04,Apr 2023,410,2062.26,1926.14,2167.64,1813388.0,410
Dubai Creek Harbour,dubai-creek-harbour,2023-05,May 2023,368,2025.01,1783.88,2215.28,2000000.0,368
Dubai Creek Harbour,dubai-creek-harbour,2023-06,Jun 2023,503,2069.77,1886.35,2299.01,2284888.0,503
Dubai Creek Harbour,dubai-creek-harbour,2023-07,Jul 2023,502,2203.7,1986.77,2414.92,2350444.0,500
Dubai Creek Harbour,dubai-creek-harbour,2023-08,Aug 2023,322,2200.83,1958.74,2438.19,2300000.0,322
Dubai Creek Harbour,dubai-creek-harbour,2023-09,Sep 2023,349,2238.93,2027.29,2411.91,2205888.0,349
Dubai Creek Harbour,dubai-creek-harbour,2023-10,Oct 2023,184,2073.0,1881.78,2349.92,2162888.0,184
Dubai Creek Harbour,dubai-creek-harbour,2023-11,Nov 2023,173,2094.65,1879.58,2348.06,2148444.0,172
Dubai Creek Harbour,dubai-creek-harbour,2023-12,Dec 2023,140,2109.3,1959.5,2409.8,2350000.0,140
Dubai Creek Harbour,dubai-creek-harbour,2024-01,Jan 2024,180,2166.74,1946.03,2337.0,2600000.0,179
Dubai Creek Harbour,dubai-creek-harbour,2024-02,Feb 2024,373,2236.3,2104.47,2326.13,2700000.0,371
Dubai Creek Harbour,dubai-creek-harbour,2024-03,Mar 2024,266,2234.39,2038.39,2415.98,2372350.0,267
Dubai Creek Harbour,dubai-creek-harbour,2024-04,Apr 2024,233,2233.33,2112.03,2409.39,2780000.0,233
Dubai Creek Harbour,dubai-creek-harbour,2024-05,May 2024,267,2255.95,2087.26,2437.55,2380000.0,267
Dubai Creek Harbour,dubai-creek-harbour,2024-06,Jun 2024,348,2393.82,2235.41,2462.96,2431388.0,348
Dubai Creek Harbour,dubai-creek-harbour,2024-07,Jul 2024,723,2469.73,2304.41,2763.52,2350000.0,723
Dubai Creek Harbour,dubai-creek-harbour,2024-08,Aug 2024,444,2665.42,2376.71,2998.7,2453444.0,444
Dubai Creek Harbour,dubai-creek-harbour,2024-09,Sep 2024,601,2624.03,2382.97,2967.77,2506888.0,601
Dubai Creek Harbour,dubai-creek-harbour,2024-10,Oct 2024,331,2535.78,2301.07,2960.93,2660888.0,331
Dubai Creek Harbour,dubai-creek-harbour,2024-11,Nov 2024,180,2312.51,2118.33,2540.24,2500000.0,179
Dubai Creek Harbour,dubai-creek-harbour,2024-12,Dec 2024,253,2374.44,2196.29,2648.97,2729888.0,254
Dubai Creek Harbour,dubai-creek-harbour,2025-01,Jan 2025,167,2302.11,2122.06,2489.33,2450000.0,165
Dubai Creek Harbour,dubai-creek-harbour,2025-02,Feb 2025,244,2295.93,2130.98,2421.86,2372594.0,243
Dubai Creek Harbour,dubai-creek-harbour,2025-03,Mar 2025,153,2293.42,2121.83,2647.25,2782500.0,152
Dubai Creek Harbour,dubai-creek-harbour,2025-04,Apr 2025,263,2378.75,2142.92,2623.12,2450000.0,263
Dubai Creek Harbour,dubai-creek-harbour,2025-05,May 2025,522,2427.25,2283.8,2544.34,2550000.0,522
Dubai Creek Harbour,dubai-creek-harbour,2025-06,Jun 2025,405,2468.64,2323.33,2586.67,2090888.0,405
Dubai Creek Harbour,dubai-creek-harbour,2025-07,Jul 2025,353,2413.19,2282.93,2548.1,2678118.0,352
Dubai Creek Harbour,dubai-creek-harbour,2025-08,Aug 2025,308,2368.28,2217.79,2515.0,2627870.0,308
Dubai Creek Harbour,dubai-creek-harbour,2025-09,Sep 2025,421,2556.92,2317.93,2639.82,2448888.0,421
Dubai Creek Harbour,dubai-creek-harbour,2025-10,Oct 2025,275,2491.75,2287.36,2644.48,2520888.0,275
Dubai Creek Harbour,dubai-creek-harbour,2025-11,Nov 2025,562,2577.12,2345.67,2717.37,2536888.0,561
Dubai Creek Harbour,dubai-creek-harbour,2025-12,Dec 2025,250,2518.15,2304.62,2704.61,2938804.5,250
Dubai Creek Harbour,dubai-creek-harbour,2026-01,Jan 2026,607,2618.82,2419.09,2783.26,2650000.0,608
Dubai Creek Harbour,dubai-creek-harbour,2026-02,Feb 2026,420,2469.33,2279.64,2792.42,3050888.0,418
Dubai Creek Harbour,dubai-creek-harbour,2026-03,Mar 2026,181,2399.99,2245.41,2661.61,3046944.0,182
Dubai Creek Harbour,dubai-creek-harbour,2026-04,Apr 2026,604,2673.45,2503.09,2922.18,2170888.0,603
Dubai Creek Harbour,dubai-creek-harbour,2026-05,May 2026,149,2513.08,2270.61,2688.57,2168888.0,148
Dubai Creek Harbour,dubai-creek-harbour,2026-06,Jun 2026,187,2347.77,2254.9,2674.99,2400000.0,185
Dubai Creek Harbour,dubai-creek-harbour,2026-07,Jul 2026,163,2461.95,2223.5,2760.7,2600000.0,163
Dubai Creek Harbour,dubai-creek-harbour,2026-08,Aug 2026,208,2479.99,2284.65,2728.2,2936388.0,208
International Media Production Zone,international-media-production-zone,2021-09,Sep 2021,36,855.15,517.43,1089.42,534216.0,37
International Media Production Zone,international-media-production-zone,2021-10,Oct 2021,30,560.28,461.79,622.65,246250.0,30
International Media Production Zone,international-media-production-zone,2021-11,Nov 2021,48,556.27,477.89,1066.5,490000.0,49
International Media Production Zone,international-media-production-zone,2021-12,Dec 2021,22,712.62,475.94,1050.97,531500.0,22
International Media Production Zone,international-media-production-zone,2022-01,Jan 2022,21,609.24,513.11,1027.51,507987.0,21
International Media Production Zone,international-media-production-zone,2022-02,Feb 2022,37,885.25,504.03,1108.79,650000.0,37
International Media Production Zone,international-media-production-zone,2022-03,Mar 2022,47,676.94,550.59,1134.28,508305.0,48
International Media Production Zone,international-media-production-zone,2022-04,Apr 2022,59,1077.31,569.67,1232.44,561621.0,61
International Media Production Zone,international-media-production-zone,2022-05,May 2022,75,1115.44,612.07,1207.42,756770.5,78
International Media Production Zone,international-media-production-zone,2022-06,Jun 2022,94,733.18,513.29,1118.93,516847.0,94
International Media Production Zone,international-media-production-zone,2022-07,Jul 2022,48,1029.57,624.58,1205.96,642365.0,49
International Media Production Zone,international-media-production-zone,2022-08,Aug 2022,100,1147.54,567.44,1208.25,579622.0,100
International Media Production Zone,international-media-production-zone,2022-09,Sep 2022,104,750.0,514.84,1184.43,575000.0,107
International Media Production Zone,international-media-production-zone,2022-10,Oct 2022,91,750.0,585.43,1122.49,530000.0,91
International Media Production Zone,international-media-production-zone,2022-11,Nov 2022,40,706.9,554.23,1083.99,415000.0,40
International Media Production Zone,international-media-production-zone,2022-12,Dec 2022,35,606.05,472.36,881.26,405000.0,36
International Media Production Zone,international-media-production-zone,2023-01,Jan 2023,51,577.82,490.2,990.3,400000.0,53
International Media Production Zone,international-media-production-zone,2023-02,Feb 2023,88,749.88,549.95,960.67,376766.0,88
International Media Production Zone,international-media-production-zone,2023-03,Mar 2023,95,961.14,595.23,1195.94,455000.0,96
International Media Production Zone,international-media-production-zone,2023-04,Apr 2023,103,1064.83,892.25,1207.04,799461.0,103
International Media Production Zone,international-media-production-zone,2023-05,May 2023,155,983.76,609.87,1128.98,600000.0,157
International Media Production Zone,international-media-production-zone,2023-06,Jun 2023,73,766.66,554.31,1085.65,559953.0,76
International Media Production Zone,international-media-production-zone,2023-07,Jul 2023,68,966.37,675.34,1102.23,599402.0,72
International Media Production Zone,international-media-production-zone,2023-08,Aug 2023,101,1024.26,715.23,1127.99,817131.5,108
International Media Production Zone,international-media-production-zone,2023-09,Sep 2023,84,778.8,600.8,1100.96,600000.0,85
International Media Production Zone,international-media-production-zone,2023-10,Oct 2023,115,1108.03,889.54,1222.65,832287.0,113
International Media Production Zone,international-media-production-zone,2023-11,Nov 2023,94,1134.31,783.84,1321.73,698327.0,96
International Media Production Zone,international-media-production-zone,2023-12,Dec 2023,125,1031.6,752.97,1285.96,686698.0,126
International Media Production Zone,international-media-production-zone,2024-01,Jan 2024,67,1091.04,739.92,1187.96,746953.0,68
International Media Production Zone,international-media-production-zone,2024-02,Feb 2024,147,1117.24,730.25,1274.41,627500.0,152
International Media Production Zone,international-media-production-zone,2024-03,Mar 2024,126,1046.21,762.04,1222.53,726303.0,128
International Media Production Zone,international-media-production-zone,2024-04,Apr 2024,105,1164.77,851.68,1245.12,750500.0,105
International Media Production Zone,international-media-production-zone,2024-05,May 2024,182,1061.67,761.5,1229.52,650000.0,183
International Media Production Zone,international-media-production-zone,2024-06,Jun 2024,162,1054.3,843.47,1243.47,659016.0,169
International Media Production Zone,international-media-production-zone,2024-07,Jul 2024,390,1277.95,1021.0,1612.1,689666.0,391
International Media Production Zone,international-media-production-zone,2024-08,Aug 2024,234,1229.88,1009.72,1457.29,730000.0,235
International Media Production Zone,international-media-production-zone,2024-09,Sep 2024,220,1225.82,919.79,1480.78,713457.0,222
International Media Production Zone,international-media-production-zone,2024-10,Oct 2024,339,1272.15,1050.99,1603.5,713448.0,339
International Media Production Zone,international-media-production-zone,2024-11,Nov 2024,159,1180.02,966.56,1519.23,750000.0,161
International Media Production Zone,international-media-production-zone,2024-12,Dec 2024,167,1217.52,892.14,1433.22,728463.5,170
International Media Production Zone,international-media-production-zone,2025-01,Jan 2025,152,1137.64,915.25,1387.91,731733.0,153
International Media Production Zone,international-media-production-zone,2025-02,Feb 2025,290,1272.5,959.25,1529.02,690085.5,292
International Media Production Zone,international-media-production-zone,2025-03,Mar 2025,587,1330.23,1251.83,1336.73,500000.0,585
International Media Production Zone,international-media-production-zone,2025-04,Apr 2025,858,1330.23,1279.26,1450.4,550000.0,860
International Media Production Zone,international-media-production-zone,2025-05,May 2025,572,1330.23,1167.58,1474.69,703224.0,575
International Media Production Zone,international-media-production-zone,2025-06,Jun 2025,316,1368.98,1210.8,1613.19,849999.0,320
International Media Production Zone,international-media-production-zone,2025-07,Jul 2025,552,1346.3,1210.5,1567.57,849999.0,560
International Media Production Zone,international-media-production-zone,2025-08,Aug 2025,573,1413.61,1270.24,1789.89,849999.0,579
International Media Production Zone,international-media-production-zone,2025-09,Sep 2025,473,1452.93,1263.16,1733.32,849999.0,482
International Media Production Zone,international-media-production-zone,2025-10,Oct 2025,384,1407.66,1208.14,1693.77,831249.0,404
International Media Production Zone,international-media-production-zone,2025-11,Nov 2025,279,1329.25,1135.45,1545.41,818749.0,287
International Media Production Zone,international-media-production-zone,2025-12,Dec 2025,281,1311.79,1106.82,1438.05,924999.0,285
International Media Production Zone,international-media-production-zone,2026-01,Jan 2026,341,1326.85,1140.63,1441.84,1047274.5,344
International Media Production Zone,international-media-production-zone,2026-02,Feb 2026,365,1352.72,1222.88,1467.94,1067409.0,366
International Media Production Zone,international-media-production-zone,2026-03,Mar 2026,372,1363.31,1234.84,1485.86,1065159.0,379
International Media Production Zone,international-media-production-zone,2026-04,Apr 2026,246,1324.46,1182.03,1437.81,998721.0,248
International Media Production Zone,international-media-production-zone,2026-05,May 2026,129,1337.46,1109.82,1464.61,748361.0,132
International Media Production Zone,international-media-production-zone,2026-06,Jun 2026,191,1246.46,1009.9,1462.86,1000794.5,194
International Media Production Zone,international-media-production-zone,2026-07,Jul 2026,248,1396.67,1204.21,1539.95,790809.0,249
International Media Production Zone,international-media-production-zone,2026-08,Aug 2026,206,1339.58,1033.21,1562.88,773300.5,208
Dubai Sports City,dubai-sports-city,2021-09,Sep 2021,98,615.14,493.16,868.31,538500.0,109
Dubai Sports City,dubai-sports-city,2021-10,Oct 2021,61,614.98,554.77,736.79,566500.0,75
Dubai Sports City,dubai-sports-city,2021-11,Nov 2021,76,670.69,524.03,839.96,570000.0,96
Dubai Sports City,dubai-sports-city,2021-12,Dec 2021,118,644.51,503.95,819.84,425098.5,128
Dubai Sports City,dubai-sports-city,2022-01,Jan 2022,41,643.61,517.47,720.75,502505.0,60
Dubai Sports City,dubai-sports-city,2022-02,Feb 2022,49,561.12,520.0,706.9,520000.0,69
Dubai Sports City,dubai-sports-city,2022-03,Mar 2022,100,734.05,519.99,916.11,568505.0,122
Dubai Sports City,dubai-sports-city,2022-04,Apr 2022,84,654.78,533.19,795.17,550000.0,104
Dubai Sports City,dubai-sports-city,2022-05,May 2022,77,517.11,427.42,658.59,421750.0,94
Dubai Sports City,dubai-sports-city,2022-06,Jun 2022,77,628.51,521.3,710.27,600000.0,108
Dubai Sports City,dubai-sports-city,2022-07,Jul 2022,48,605.81,549.48,748.25,675000.0,66
Dubai Sports City,dubai-sports-city,2022-08,Aug 2022,76,554.82,464.01,680.13,560000.0,101
Dubai Sports City,dubai-sports-city,2022-09,Sep 2022,83,615.83,501.1,742.28,557000.0,113
Dubai Sports City,dubai-sports-city,2022-10,Oct 2022,91,632.43,506.9,777.29,415000.0,109
Dubai Sports City,dubai-sports-city,2022-11,Nov 2022,125,628.98,531.46,732.89,418000.0,134
Dubai Sports City,dubai-sports-city,2022-12,Dec 2022,107,599.86,530.93,749.87,500000.0,113
Dubai Sports City,dubai-sports-city,2023-01,Jan 2023,89,601.31,527.76,693.1,463250.0,95
Dubai Sports City,dubai-sports-city,2023-02,Feb 2023,89,663.91,576.14,755.12,450000.0,105
Dubai Sports City,dubai-sports-city,2023-03,Mar 2023,101,624.38,552.22,738.03,510000.0,116
Dubai Sports City,dubai-sports-city,2023-04,Apr 2023,78,620.83,528.56,715.62,485000.0,92
Dubai Sports City,dubai-sports-city,2023-05,May 2023,145,656.41,561.85,750.8,500000.0,168
Dubai Sports City,dubai-sports-city,2023-06,Jun 2023,134,710.3,579.72,879.42,500000.0,148
Dubai Sports City,dubai-sports-city,2023-07,Jul 2023,174,804.93,630.95,931.04,585000.0,195
Dubai Sports City,dubai-sports-city,2023-08,Aug 2023,174,782.86,622.57,921.6,592000.0,203
Dubai Sports City,dubai-sports-city,2023-09,Sep 2023,167,771.12,668.22,970.21,625000.0,182
Dubai Sports City,dubai-sports-city,2023-10,Oct 2023,190,825.0,679.24,982.6,545000.0,207
Dubai Sports City,dubai-sports-city,2023-11,Nov 2023,200,856.25,633.76,1133.99,647500.0,234
Dubai Sports City,dubai-sports-city,2023-12,Dec 2023,138,831.84,684.24,1020.99,595067.0,160
Dubai Sports City,dubai-sports-city,2024-01,Jan 2024,102,901.92,732.69,1059.49,775000.0,125
Dubai Sports City,dubai-sports-city,2024-02,Feb 2024,204,926.75,687.32,1377.03,670000.0,209
Dubai Sports City,dubai-sports-city,2024-03,Mar 2024,401,1420.97,853.59,1568.43,779000.0,475
Dubai Sports City,dubai-sports-city,2024-04,Apr 2024,323,1408.8,965.13,1511.8,908500.0,370
Dubai Sports City,dubai-sports-city,2024-05,May 2024,343,1001.27,856.15,1391.93,835990.0,433
Dubai Sports City,dubai-sports-city,2024-06,Jun 2024,318,1421.35,899.26,1521.29,955500.0,372
Dubai Sports City,dubai-sports-city,2024-07,Jul 2024,334,1398.45,859.51,1496.42,1025000.0,399
Dubai Sports City,dubai-sports-city,2024-08,Aug 2024,364,1359.03,909.93,1445.42,830000.0,417
Dubai Sports City,dubai-sports-city,2024-09,Sep 2024,260,984.14,785.71,1386.14,900000.0,326
Dubai Sports City,dubai-sports-city,2024-10,Oct 2024,236,1034.08,821.16,1388.39,906675.0,274
Dubai Sports City,dubai-sports-city,2024-11,Nov 2024,250,947.9,763.17,1228.11,822500.0,282
Dubai Sports City,dubai-sports-city,2024-12,Dec 2024,179,1015.01,798.57,1225.47,755000.0,201
Dubai Sports City,dubai-sports-city,2025-01,Jan 2025,159,942.35,760.69,1301.46,822500.0,182
Dubai Sports City,dubai-sports-city,2025-02,Feb 2025,171,969.12,797.86,1160.7,750000.0,189
Dubai Sports City,dubai-sports-city,2025-03,Mar 2025,316,1376.77,1007.58,1615.34,814150.0,349
Dubai Sports City,dubai-sports-city,2025-04,Apr 2025,215,1125.18,858.28,1445.26,835000.0,229
Dubai Sports City,dubai-sports-city,2025-05,May 2025,218,1091.62,836.29,1373.43,789680.0,236
Dubai Sports City,dubai-sports-city,2025-06,Jun 2025,291,1300.83,991.86,1460.39,799999.0,308
Dubai Sports City,dubai-sports-city,2025-07,Jul 2025,222,1168.94,873.07,1400.99,812500.0,250
Dubai Sports City,dubai-sports-city,2025-08,Aug 2025,321,1309.88,990.55,1458.47,973400.0,344
Dubai Sports City,dubai-sports-city,2025-09,Sep 2025,288,1093.25,846.07,1406.71,799999.5,320
Dubai Sports City,dubai-sports-city,2025-10,Oct 2025,269,1186.84,897.3,1422.0,922000.0,387
Dubai Sports City,dubai-sports-city,2025-11,Nov 2025,357,1391.04,1003.2,1886.45,1000000.0,411
Dubai Sports City,dubai-sports-city,2025-12,Dec 2025,418,1430.94,975.5,1751.93,935000.0,515
Dubai Sports City,dubai-sports-city,2026-01,Jan 2026,317,1321.93,1139.38,1583.24,1075000.0,364
Dubai Sports City,dubai-sports-city,2026-02,Feb 2026,281,1323.87,1023.53,1547.74,875000.0,308
Dubai Sports City,dubai-sports-city,2026-03,Mar 2026,201,1307.35,1034.01,1476.01,1057670.0,219
Dubai Sports City,dubai-sports-city,2026-04,Apr 2026,208,1335.92,905.96,1501.7,970390.0,236
Dubai Sports City,dubai-sports-city,2026-05,May 2026,123,1329.9,1129.5,1437.91,1070600.0,127
Dubai Sports City,dubai-sports-city,2026-06,Jun 2026,239,1294.7,1065.77,1398.75,969600.0,257
Dubai Sports City,dubai-sports-city,2026-07,Jul 2026,170,1277.59,1024.48,1423.76,853000.0,187
Dubai Sports City,dubai-sports-city,2026-08,Aug 2026,133,1181.53,873.52,1446.07,926000.0,161
Dubai Maritime City,dubai-maritime-city,2022-05,May 2022,8,1512.67,1509.57,1586.03,1858196.0,8
Dubai Maritime City,dubai-maritime-city,2022-06,Jun 2022,9,1733.57,1656.67,1784.11,1790000.0,9
Dubai Maritime City,dubai-maritime-city,2022-07,Jul 2022,6,1741.97,1716.18,1760.2,1686250.0,7
Dubai Maritime City,dubai-maritime-city,2022-08,Aug 2022,16,1761.76,1703.32,1850.79,2317050.0,17
Dubai Maritime City,dubai-maritime-city,2022-09,Sep 2022,6,1612.61,1499.79,1731.66,1640650.0,7
Dubai Maritime City,dubai-maritime-city,2022-10,Oct 2022,10,1619.6,1600.17,1877.61,1896775.0,12
Dubai Maritime City,dubai-maritime-city,2022-11,Nov 2022,6,1751.73,1729.94,1797.56,2376895.0,6
Dubai Maritime City,dubai-maritime-city,2022-12,Dec 2022,9,1830.93,1385.48,1877.2,1757500.0,9
Dubai Maritime City,dubai-maritime-city,2023-01,Jan 2023,2,,,,,2
Dubai Maritime City,dubai-maritime-city,2023-02,Feb 2023,5,1867.45,1840.03,1924.51,2281025.0,6
Dubai Maritime City,dubai-maritime-city,2023-03,Mar 2023,15,1807.03,1748.66,1984.26,2436600.0,15
Dubai Maritime City,dubai-maritime-city,2023-04,Apr 2023,6,1713.18,1507.65,1945.58,3587642.5,10
Dubai Maritime City,dubai-maritime-city,2023-05,May 2023,103,1770.56,1698.46,1870.64,1506000.0,103
Dubai Maritime City,dubai-maritime-city,2023-06,Jun 2023,42,1823.44,1778.43,1909.24,1558000.0,43
Dubai Maritime City,dubai-maritime-city,2023-07,Jul 2023,41,1925.84,1825.51,2015.18,1739000.0,42
Dubai Maritime City,dubai-maritime-city,2023-08,Aug 2023,21,1900.16,1798.6,2017.14,2528000.0,22
Dubai Maritime City,dubai-maritime-city,2023-09,Sep 2023,41,2165.39,1955.72,2315.44,2668000.0,43
Dubai Maritime City,dubai-maritime-city,2023-10,Oct 2023,103,1984.68,1810.39,2285.24,2437750.0,104
Dubai Maritime City,dubai-maritime-city,2023-11,Nov 2023,84,1824.21,1759.3,1860.47,1973145.0,87
Dubai Maritime City,dubai-maritime-city,2023-12,Dec 2023,351,2222.68,1860.33,2427.38,2017871.0,352
Dubai Maritime City,dubai-maritime-city,2024-01,Jan 2024,416,2271.42,1870.73,2700.43,1630744.0,418
Dubai Maritime City,dubai-maritime-city,2024-02,Feb 2024,1079,2529.14,2284.69,2760.65,1654000.0,1083
Dubai Maritime City,dubai-maritime-city,2024-03,Mar 2024,327,2439.1,2237.66,2700.96,1800000.0,327
Dubai Maritime City,dubai-maritime-city,2024-04,Apr 2024,151,2407.8,2260.12,2722.69,2014000.0,153
Dubai Maritime City,dubai-maritime-city,2024-05,May 2024,97,2527.7,2262.6,2720.5,1992312.5,98
Dubai Maritime City,dubai-maritime-city,2024-06,Jun 2024,223,2474.35,2308.76,2660.03,1756000.0,224
Dubai Maritime City,dubai-maritime-city,2024-07,Jul 2024,151,2269.03,1837.71,2727.92,1944634.0,151
Dubai Maritime City,dubai-maritime-city,2024-08,Aug 2024,105,2535.95,2269.8,2783.94,2025660.0,105
Dubai Maritime City,dubai-maritime-city,2024-09,Sep 2024,99,2389.83,2052.1,2618.67,1824769.0,99
Dubai Maritime City,dubai-maritime-city,2024-10,Oct 2024,155,2448.19,2239.18,2619.45,1931839.0,156
Dubai Maritime City,dubai-maritime-city,2024-11,Nov 2024,79,2431.11,2203.65,2581.27,1838383.0,81
Dubai Maritime City,dubai-maritime-city,2024-12,Dec 2024,77,2391.38,2166.51,2506.2,1988200.0,78
Dubai Maritime City,dubai-maritime-city,2025-01,Jan 2025,120,2407.44,2233.66,2588.75,2300000.0,121
Dubai Maritime City,dubai-maritime-city,2025-02,Feb 2025,194,2475.76,2326.8,2627.22,2351362.0,194
Dubai Maritime City,dubai-maritime-city,2025-03,Mar 2025,474,2776.49,2608.53,3018.44,2560000.0,471
Dubai Maritime City,dubai-maritime-city,2025-04,Apr 2025,248,2795.25,2609.26,2995.46,2680300.0,257
Dubai Maritime City,dubai-maritime-city,2025-05,May 2025,262,3173.2,2700.46,3502.4,2909000.0,263
Dubai Maritime City,dubai-maritime-city,2025-06,Jun 2025,288,3104.06,2729.83,3437.31,3245000.0,288
Dubai Maritime City,dubai-maritime-city,2025-07,Jul 2025,423,3004.92,2669.81,3236.08,2592500.0,424
Dubai Maritime City,dubai-maritime-city,2025-08,Aug 2025,434,3072.1,2870.72,3245.63,2490000.0,448
Dubai Maritime City,dubai-maritime-city,2025-09,Sep 2025,421,3071.73,2948.63,3212.7,2477000.0,427
Dubai Maritime City,dubai-maritime-city,2025-10,Oct 2025,346,3181.1,2981.59,3414.62,2568000.0,348
Dubai Maritime City,dubai-maritime-city,2025-11,Nov 2025,683,3157.78,2657.49,3474.92,2277000.0,683
Dubai Maritime City,dubai-maritime-city,2025-12,Dec 2025,607,3247.61,2730.35,3530.94,2184000.0,629
Dubai Maritime City,dubai-maritime-city,2026-01,Jan 2026,334,3104.6,2818.12,3475.24,2584000.0,371
Dubai Maritime City,dubai-maritime-city,2026-02,Feb 2026,314,3196.35,2842.19,3475.51,2518950.0,334
Dubai Maritime City,dubai-maritime-city,2026-03,Mar 2026,209,3099.1,2771.68,3467.51,2824000.0,239
Dubai Maritime City,dubai-maritime-city,2026-04,Apr 2026,177,3395.57,2910.71,3591.62,2637080.0,180
Dubai Maritime City,dubai-maritime-city,2026-05,May 2026,66,3163.0,2915.74,3537.42,2665000.0,71
Dubai Maritime City,dubai-maritime-city,2026-06,Jun 2026,76,3013.16,2814.46,3393.26,2662685.0,78
Dubai Maritime City,dubai-maritime-city,2026-07,Jul 2026,58,3083.17,2679.25,3551.57,2469150.0,59
Dubai Maritime City,dubai-maritime-city,2026-08,Aug 2026,62,3242.21,2762.86,3706.61,2537220.0,65
Dubai South Residential District,dubai-south-residential-district,2021-09,Sep 2021,136,694.23,624.38,761.92,1132750.0,139
Dubai South Residential District,dubai-south-residential-district,2021-10,Oct 2021,25,749.14,706.52,839.64,783619.0,63
Dubai South Residential District,dubai-south-residential-district,2021-11,Nov 2021,64,712.58,653.54,789.97,1024492.5,82
Dubai South Residential District,dubai-south-residential-district,2021-12,Dec 2021,30,729.84,704.26,794.97,1022925.0,31
Dubai South Residential District,dubai-south-residential-district,2022-01,Jan 2022,87,736.12,695.47,898.29,1375000.0,88
Dubai South Residential District,dubai-south-residential-district,2022-02,Feb 2022,18,683.7,618.26,732.12,415000.0,18
Dubai South Residential District,dubai-south-residential-district,2022-03,Mar 2022,125,527.28,497.19,688.1,1500000.0,130
Dubai South Residential District,dubai-south-residential-district,2022-04,Apr 2022,120,530.59,500.98,671.1,1500000.0,122
Dubai South Residential District,dubai-south-residential-district,2022-05,May 2022,141,603.33,571.97,670.94,790400.0,143
Dubai South Residential District,dubai-south-residential-district,2022-06,Jun 2022,161,527.28,489.79,691.98,1700000.0,164
Dubai South Residential District,dubai-south-residential-district,2022-07,Jul 2022,47,623.51,581.92,685.16,764320.0,51
Dubai South Residential District,dubai-south-residential-district,2022-08,Aug 2022,253,588.59,537.6,645.31,1900000.0,255
Dubai South Residential District,dubai-south-residential-district,2022-09,Sep 2022,111,642.74,554.37,707.57,1800000.0,112
Dubai South Residential District,dubai-south-residential-district,2022-10,Oct 2022,51,681.11,624.75,715.12,660500.0,52
Dubai South Residential District,dubai-south-residential-district,2022-11,Nov 2022,51,661.32,632.67,696.27,510000.0,56
Dubai South Residential District,dubai-south-residential-district,2022-12,Dec 2022,162,728.95,700.28,817.64,2900000.0,163
Dubai South Residential District,dubai-south-residential-district,2023-01,Jan 2023,31,679.58,653.92,722.12,454421.5,34
Dubai South Residential District,dubai-south-residential-district,2023-02,Feb 2023,36,678.11,611.53,714.44,623000.0,37
Dubai South Residential District,dubai-south-residential-district,2023-03,Mar 2023,78,805.79,700.37,843.44,1530000.0,81
Dubai South Residential District,dubai-south-residential-district,2023-04,Apr 2023,60,748.9,680.3,822.23,650054.0,67
Dubai South Residential District,dubai-south-residential-district,2023-05,May 2023,132,785.67,647.34,829.49,1348407.5,140
Dubai South Residential District,dubai-south-residential-district,2023-06,Jun 2023,56,733.1,650.47,827.93,1415000.0,76
Dubai South Residential District,dubai-south-residential-district,2023-07,Jul 2023,75,755.81,687.89,816.48,1480000.0,93
Dubai South Residential District,dubai-south-residential-district,2023-08,Aug 2023,188,791.79,708.48,841.34,2975000.0,190
Dubai South Residential District,dubai-south-residential-district,2023-09,Sep 2023,73,763.16,683.84,826.28,1700000.0,85
Dubai South Residential District,dubai-south-residential-district,2023-10,Oct 2023,64,743.77,673.08,849.15,1118300.0,77
Dubai South Residential District,dubai-south-residential-district,2023-11,Nov 2023,263,907.63,854.63,1092.98,3000000.0,258
Dubai South Residential District,dubai-south-residential-district,2023-12,Dec 2023,87,830.74,741.1,936.85,1122310.0,90
Dubai South Residential District,dubai-south-residential-district,2024-01,Jan 2024,63,800.56,739.48,913.76,597500.0,68
Dubai South Residential District,dubai-south-residential-district,2024-02,Feb 2024,72,807.68,736.96,943.76,928552.5,82
Dubai South Residential District,dubai-south-residential-district,2024-03,Mar 2024,178,936.14,833.71,1063.73,3225000.0,180
Dubai South Residential District,dubai-south-residential-district,2024-04,Apr 2024,74,813.47,595.73,964.89,725984.0,74
Dubai South Residential District,dubai-south-residential-district,2024-05,May 2024,115,890.07,768.96,1028.37,835000.0,119
Dubai South Residential District,dubai-south-residential-district,2024-06,Jun 2024,160,963.27,884.07,1170.21,3212000.0,166
Dubai South Residential District,dubai-south-residential-district,2024-07,Jul 2024,224,1005.52,911.18,1170.21,3275000.0,223
Dubai South Residential District,dubai-south-residential-district,2024-08,Aug 2024,219,982.82,861.46,1066.04,1592568.0,223
Dubai South Residential District,dubai-south-residential-district,2024-09,Sep 2024,101,969.04,859.25,1103.13,930270.0,113
Dubai South Residential District,dubai-south-residential-district,2024-10,Oct 2024,142,1111.59,905.0,1256.24,1142360.5,148
Dubai South Residential District,dubai-south-residential-district,2024-11,Nov 2024,97,1001.52,855.0,1205.2,1390000.0,107
Dubai South Residential District,dubai-south-residential-district,2024-12,Dec 2024,86,968.19,879.14,1163.09,1149728.0,96
Dubai South Residential District,dubai-south-residential-district,2025-01,Jan 2025,76,1003.07,908.45,1117.35,700000.0,85
Dubai South Residential District,dubai-south-residential-district,2025-02,Feb 2025,101,1058.53,937.31,1153.58,870000.0,102
Dubai South Residential District,dubai-south-residential-district,2025-03,Mar 2025,95,1087.19,990.19,1210.81,1260802.5,106
Dubai South Residential District,dubai-south-residential-district,2025-04,Apr 2025,191,1254.51,1057.67,1283.77,1109902.0,195
Dubai South Residential District,dubai-south-residential-district,2025-05,May 2025,135,1144.09,1018.12,1280.35,1009040.0,137
Dubai South Residential District,dubai-south-residential-district,2025-06,Jun 2025,110,1098.14,978.54,1191.14,890000.0,112
Dubai South Residential District,dubai-south-residential-district,2025-07,Jul 2025,166,1146.21,997.05,1249.23,788000.0,167
Dubai South Residential District,dubai-south-residential-district,2025-08,Aug 2025,202,1159.39,1064.41,1249.33,899106.0,206
Dubai South Residential District,dubai-south-residential-district,2025-09,Sep 2025,275,1191.81,1044.84,1317.47,1001912.0,282
Dubai South Residential District,dubai-south-residential-district,2025-10,Oct 2025,264,1111.36,897.76,1260.71,880972.0,268
Dubai South Residential District,dubai-south-residential-district,2025-11,Nov 2025,133,1188.75,1087.14,1286.75,1214000.0,135
Dubai South Residential District,dubai-south-residential-district,2025-12,Dec 2025,265,1208.69,1015.64,1393.88,1218594.0,270
Dubai South Residential District,dubai-south-residential-district,2026-01,Jan 2026,346,1400.45,1198.14,1473.95,1240328.0,352
Dubai South Residential District,dubai-south-residential-district,2026-02,Feb 2026,367,1422.51,1247.26,1526.44,1247828.0,367
Dubai South Residential District,dubai-south-residential-district,2026-03,Mar 2026,478,1471.48,1354.8,1578.38,1210828.0,477
Dubai South Residential District,dubai-south-residential-district,2026-04,Apr 2026,369,1471.06,1332.99,1580.41,1208828.0,377
Dubai South Residential District,dubai-south-residential-district,2026-05,May 2026,200,1409.82,1205.16,1584.82,1195271.5,206
Dubai South Residential District,dubai-south-residential-district,2026-06,Jun 2026,303,1313.32,1115.82,1497.71,1121641.0,304
Dubai South Residential District,dubai-south-residential-district,2026-07,Jul 2026,160,1285.87,1124.43,1421.48,1329900.0,174
Dubai South Residential District,dubai-south-residential-district,2026-08,Aug 2026,123,1242.45,1094.64,1414.39,1142828.0,117
DownTown Dubai,downtown-dubai,2021-09,Sep 2021,245,1999.6,1612.34,2676.87,2300000.0,244
DownTown Dubai,downtown-dubai,2021-10,Oct 2021,208,2116.99,1568.97,2883.91,2792155.0,208
DownTown Dubai,downtown-dubai,2021-11,Nov 2021,303,2119.94,1571.19,2662.82,2405888.0,301
DownTown Dubai,downtown-dubai,2021-12,Dec 2021,315,2278.06,1728.59,2689.65,2465998.0,313
DownTown Dubai,downtown-dubai,2022-01,Jan 2022,238,2242.97,1573.32,2678.63,2646388.0,238
DownTown Dubai,downtown-dubai,2022-02,Feb 2022,222,2089.71,1535.72,2640.45,2299944.0,216
DownTown Dubai,downtown-dubai,2022-03,Mar 2022,432,2237.98,1661.32,2657.45,2240000.0,425
DownTown Dubai,downtown-dubai,2022-04,Apr 2022,397,2498.09,1815.66,2754.09,2419092.0,399
DownTown Dubai,downtown-dubai,2022-05,May 2022,533,2658.59,2062.77,3177.03,2920000.0,535
DownTown Dubai,downtown-dubai,2022-06,Jun 2022,790,2491.36,1987.53,2905.92,2211732.0,787
DownTown Dubai,downtown-dubai,2022-07,Jul 2022,625,2179.54,708.84,2717.27,2000000.0,624
DownTown Dubai,downtown-dubai,2022-08,Aug 2022,553,2571.81,2052.12,2769.65,2573444.0,552
DownTown Dubai,downtown-dubai,2022-09,Sep 2022,271,2352.33,1794.4,2727.34,2434996.0,273
DownTown Dubai,downtown-dubai,2022-10,Oct 2022,279,2311.02,1789.59,2794.16,2222500.0,278
DownTown Dubai,downtown-dubai,2022-11,Nov 2022,373,2348.1,1866.4,2827.73,2325000.0,372
DownTown Dubai,downtown-dubai,2022-12,Dec 2022,277,2435.36,1913.36,2779.1,2500000.0,278
DownTown Dubai,downtown-dubai,2023-01,Jan 2023,413,2512.69,2142.37,2801.16,2563000.0,399
DownTown Dubai,downtown-dubai,2023-02,Feb 2023,312,2509.33,2094.32,3006.82,2640000.0,307
DownTown Dubai,downtown-dubai,2023-03,Mar 2023,359,2500.59,2111.89,2937.6,2559691.5,348
DownTown Dubai,downtown-dubai,2023-04,Apr 2023,302,2315.92,1875.03,2859.71,2494100.0,295
DownTown Dubai,downtown-dubai,2023-05,May 2023,543,2376.56,1963.6,2879.17,2713226.0,538
DownTown Dubai,downtown-dubai,2023-06,Jun 2023,465,2403.91,1854.66,3050.6,2622500.0,464
DownTown Dubai,downtown-dubai,2023-07,Jul 2023,325,2397.77,1811.76,3005.41,2670000.0,323
DownTown Dubai,downtown-dubai,2023-08,Aug 2023,342,2647.21,2048.15,2996.75,2295327.0,344
DownTown Dubai,downtown-dubai,2023-09,Sep 2023,390,2509.49,1857.43,2965.12,2417696.0,394
DownTown Dubai,downtown-dubai,2023-10,Oct 2023,387,2675.63,1981.34,3072.8,2500000.0,389
DownTown Dubai,downtown-dubai,2023-11,Nov 2023,486,2753.69,1972.83,3275.03,2200000.0,495
DownTown Dubai,downtown-dubai,2023-12,Dec 2023,351,2772.11,1970.63,3199.97,2350000.0,355
DownTown Dubai,downtown-dubai,2024-01,Jan 2024,338,2966.33,2074.35,3297.12,2267500.0,338
DownTown Dubai,downtown-dubai,2024-02,Feb 2024,333,2628.3,2020.51,3134.06,2500000.0,341
DownTown Dubai,downtown-dubai,2024-03,Mar 2024,348,2609.34,2086.03,3221.71,2646500.0,342
DownTown Dubai,downtown-dubai,2024-04,Apr 2024,271,2562.62,2136.91,3031.02,2550000.0,277
DownTown Dubai,downtown-dubai,2024-05,May 2024,349,2553.78,1950.96,3107.04,2755000.0,351
DownTown Dubai,downtown-dubai,2024-06,Jun 2024,248,2665.47,2175.99,3198.87,3087500.0,252
DownTown Dubai,downtown-dubai,2024-07,Jul 2024,256,2454.66,1931.02,2936.15,2650000.0,268
DownTown Dubai,downtown-dubai,2024-08,Aug 2024,437,2743.05,2310.9,3105.97,3025000.0,465
DownTown Dubai,downtown-dubai,2024-09,Sep 2024,358,2802.54,2349.47,3285.04,3000000.0,371
DownTown Dubai,downtown-dubai,2024-10,Oct 2024,383,2619.04,2105.96,2971.08,2509023.0,397
DownTown Dubai,downtown-dubai,2024-11,Nov 2024,339,2737.09,2265.6,3122.05,2799298.5,340
DownTown Dubai,downtown-dubai,2024-12,Dec 2024,299,2646.77,2107.79,3142.85,2750000.0,303
DownTown Dubai,downtown-dubai,2025-01,Jan 2025,313,2714.35,2216.68,3140.27,3050000.0,331
DownTown Dubai,downtown-dubai,2025-02,Feb 2025,322,2728.75,2192.17,3234.04,3000000.0,327
DownTown Dubai,downtown-dubai,2025-03,Mar 2025,314,2730.55,2232.64,3160.79,2925000.0,318
DownTown Dubai,downtown-dubai,2025-04,Apr 2025,316,2855.72,2334.05,3233.79,3037500.0,322
DownTown Dubai,downtown-dubai,2025-05,May 2025,315,2814.97,2272.59,3235.24,2900000.0,320
DownTown Dubai,downtown-dubai,2025-06,Jun 2025,229,2591.93,2091.55,3151.11,2700000.0,231
DownTown Dubai,downtown-dubai,2025-07,Jul 2025,241,2694.46,2152.02,3264.5,3060000.0,244
DownTown Dubai,downtown-dubai,2025-08,Aug 2025,211,2976.3,2175.14,3413.42,3500000.0,222
DownTown Dubai,downtown-dubai,2025-09,Sep 2025,219,2743.09,2352.99,3351.01,3250000.0,221
DownTown Dubai,downtown-dubai,2025-10,Oct 2025,412,3615.45,2758.94,3929.46,2550000.0,415
DownTown Dubai,downtown-dubai,2025-11,Nov 2025,448,3751.45,2707.94,3931.77,2800000.0,468
DownTown Dubai,downtown-dubai,2025-12,Dec 2025,311,3212.44,2516.06,3884.55,2850000.0,320
DownTown Dubai,downtown-dubai,2026-01,Jan 2026,246,3058.97,2526.82,3671.45,3298250.0,246
DownTown Dubai,downtown-dubai,2026-02,Feb 2026,223,2794.21,2322.79,3323.25,3200000.0,230
DownTown Dubai,downtown-dubai,2026-03,Mar 2026,147,2862.15,2325.3,3517.77,2975000.0,148
DownTown Dubai,downtown-dubai,2026-04,Apr 2026,124,2714.59,2254.26,3386.75,2937500.0,124
DownTown Dubai,downtown-dubai,2026-05,May 2026,107,2585.43,2047.06,3242.83,2981949.0,114
DownTown Dubai,downtown-dubai,2026-06,Jun 2026,138,2667.03,2072.76,3265.71,2762500.0,140
DownTown Dubai,downtown-dubai,2026-07,Jul 2026,154,2464.43,2023.93,2995.55,2600000.0,158
DownTown Dubai,downtown-dubai,2026-08,Aug 2026,140,2554.65,2090.04,3185.72,3050000.0,141
Al Furjan,al-furjan,2021-09,Sep 2021,28,931.09,857.0,1088.1,1858800.0,65
Al Furjan,al-furjan,2021-10,Oct 2021,50,947.42,826.01,1172.37,894430.0,78
Al Furjan,al-furjan,2021-11,Nov 2021,71,944.98,851.08,1121.85,1923800.0,174
Al Furjan,al-furjan,2021-12,Dec 2021,99,1032.99,895.92,1106.61,1988800.0,287
Al Furjan,al-furjan,2022-01,Jan 2022,133,1032.99,917.83,1112.27,1858800.0,357
Al Furjan,al-furjan,2022-02,Feb 2022,123,936.82,801.53,1062.02,1908800.0,333
Al Furjan,al-furjan,2022-03,Mar 2022,86,964.7,832.06,1099.13,1698800.0,179
Al Furjan,al-furjan,2022-04,Apr 2022,90,950.81,823.83,1044.75,1450000.0,171
Al Furjan,al-furjan,2022-05,May 2022,89,978.56,821.67,1055.22,994545.0,153
Al Furjan,al-furjan,2022-06,Jun 2022,210,982.7,823.73,1107.15,1050000.0,335
Al Furjan,al-furjan,2022-07,Jul 2022,190,1029.67,886.56,1158.6,1210000.0,311
Al Furjan,al-furjan,2022-08,Aug 2022,199,1038.36,862.35,1136.89,1481250.0,354
Al Furjan,al-furjan,2022-09,Sep 2022,255,1076.54,1012.47,1151.6,1207500.0,322
Al Furjan,al-furjan,2022-10,Oct 2022,139,1022.32,888.76,1155.81,1890680.0,283
Al Furjan,al-furjan,2022-11,Nov 2022,221,1097.28,934.94,1182.37,902715.0,371
Al Furjan,al-furjan,2022-12,Dec 2022,86,951.61,856.55,1177.88,1651640.0,142
Al Furjan,al-furjan,2023-01,Jan 2023,87,994.17,877.13,1098.34,1268500.0,148
Al Furjan,al-furjan,2023-02,Feb 2023,118,1011.26,922.76,1116.09,802500.0,160
Al Furjan,al-furjan,2023-03,Mar 2023,139,948.78,862.22,1096.46,971132.5,212
Al Furjan,al-furjan,2023-04,Apr 2023,188,1049.68,942.39,1117.95,910549.0,235
Al Furjan,al-furjan,2023-05,May 2023,194,999.56,906.51,1062.88,1293881.5,296
Al Furjan,al-furjan,2023-06,Jun 2023,192,1054.11,979.12,1205.16,1505000.0,281
Al Furjan,al-furjan,2023-07,Jul 2023,178,1029.59,891.99,1177.49,1508805.0,259
Al Furjan,al-furjan,2023-08,Aug 2023,271,988.18,932.29,1077.04,835323.0,347
Al Furjan,al-furjan,2023-09,Sep 2023,162,1028.99,916.64,1186.89,1708260.0,271
Al Furjan,al-furjan,2023-10,Oct 2023,161,1073.16,931.69,1198.72,1266834.0,224
Al Furjan,al-furjan,2023-11,Nov 2023,194,1123.28,955.01,1201.03,1300000.0,244
Al Furjan,al-furjan,2023-12,Dec 2023,101,1034.07,915.01,1225.0,1610000.0,156
Al Furjan,al-furjan,2024-01,Jan 2024,222,1137.22,1017.89,1250.71,1094312.0,255
Al Furjan,al-furjan,2024-02,Feb 2024,334,1041.48,996.53,1137.99,1325334.0,394
Al Furjan,al-furjan,2024-03,Mar 2024,239,1148.6,1016.94,1292.5,1317172.5,296
Al Furjan,al-furjan,2024-04,Apr 2024,149,1126.72,955.01,1279.0,1301134.0,194
Al Furjan,al-furjan,2024-05,May 2024,235,1194.26,1005.51,1308.99,1235857.5,292
Al Furjan,al-furjan,2024-06,Jun 2024,201,1075.15,950.01,1235.64,1227500.0,248
Al Furjan,al-furjan,2024-07,Jul 2024,418,1241.66,1034.57,1364.95,1134577.0,484
Al Furjan,al-furjan,2024-08,Aug 2024,312,1136.65,951.83,1331.46,1399662.0,366
Al Furjan,al-furjan,2024-09,Sep 2024,322,1172.28,1026.61,1301.64,1490664.0,382
Al Furjan,al-furjan,2024-10,Oct 2024,337,1244.89,1083.37,1404.61,1382549.0,397
Al Furjan,al-furjan,2024-11,Nov 2024,232,1202.46,1077.62,1368.67,1267424.0,279
Al Furjan,al-furjan,2024-12,Dec 2024,287,1305.38,1126.98,1534.27,1431189.0,336
Al Furjan,al-furjan,2025-01,Jan 2025,294,1217.91,1094.71,1411.33,1608535.0,365
Al Furjan,al-furjan,2025-02,Feb 2025,226,1322.21,1159.14,1470.88,1535000.0,276
Al Furjan,al-furjan,2025-03,Mar 2025,259,1319.42,1201.9,1441.88,1408000.0,313
Al Furjan,al-furjan,2025-04,Apr 2025,309,1300.22,1212.75,1415.17,1468155.5,376
Al Furjan,al-furjan,2025-05,May 2025,328,1320.54,1240.32,1447.7,1302317.0,383
Al Furjan,al-furjan,2025-06,Jun 2025,268,1416.64,1270.77,1589.38,1320660.0,311
Al Furjan,al-furjan,2025-07,Jul 2025,342,1446.73,1258.89,1612.68,1322000.0,388
Al Furjan,al-furjan,2025-08,Aug 2025,303,1386.38,1263.21,1573.69,1399386.5,354
Al Furjan,al-furjan,2025-09,Sep 2025,254,1376.08,1244.0,1539.13,1605920.0,308
Al Furjan,al-furjan,2025-10,Oct 2025,228,1373.46,1242.51,1525.63,1670000.0,289
Al Furjan,al-furjan,2025-11,Nov 2025,206,1350.01,1215.66,1504.0,1675000.0,247
Al Furjan,al-furjan,2025-12,Dec 2025,226,1411.78,1287.43,1587.34,1693742.5,268
Al Furjan,al-furjan,2026-01,Jan 2026,185,1353.98,1175.58,1547.16,1483040.0,216
Al Furjan,al-furjan,2026-02,Feb 2026,173,1365.84,1211.03,1515.25,1457325.0,210
Al Furjan,al-furjan,2026-03,Mar 2026,124,1360.71,1197.28,1504.06,1721730.0,153
Al Furjan,al-furjan,2026-04,Apr 2026,153,1433.0,1227.22,1650.76,1574100.0,175
Al Furjan,al-furjan,2026-05,May 2026,181,1453.39,1203.98,1572.78,1280035.0,190
Al Furjan,al-furjan,2026-06,Jun 2026,360,1507.51,1342.28,1607.35,673180.0,373
Al Furjan,al-furjan,2026-07,Jul 2026,171,1390.42,1192.63,1599.86,1348000.0,193
Al Furjan,al-furjan,2026-08,Aug 2026,143,1340.46,1181.93,1620.11,1353500.0,162
Down Town Jabal Ali,down-town-jabal-ali,2021-09,Sep 2021,23,876.19,656.48,989.5,425250.0,23
Down Town Jabal Ali,down-town-jabal-ali,2021-10,Oct 2021,15,962.51,863.05,1080.33,387150.0,15
Down Town Jabal Ali,down-town-jabal-ali,2021-11,Nov 2021,26,1153.9,831.86,1243.46,444000.0,27
Down Town Jabal Ali,down-town-jabal-ali,2021-12,Dec 2021,20,976.44,857.21,1224.99,471323.5,20
Down Town Jabal Ali,down-town-jabal-ali,2022-01,Jan 2022,9,1010.56,754.61,1227.34,441453.0,9
Down Town Jabal Ali,down-town-jabal-ali,2022-02,Feb 2022,17,1191.49,920.97,1314.93,446137.5,18
Down Town Jabal Ali,down-town-jabal-ali,2022-03,Mar 2022,29,1039.12,854.62,1227.34,439000.0,25
Down Town Jabal Ali,down-town-jabal-ali,2022-04,Apr 2022,19,1263.46,1235.85,1376.7,439000.0,19
Down Town Jabal Ali,down-town-jabal-ali,2022-05,May 2022,12,1165.51,847.68,1249.9,429000.0,14
Down Town Jabal Ali,down-town-jabal-ali,2022-06,Jun 2022,9,1221.08,993.77,1266.05,400500.0,9
Down Town Jabal Ali,down-town-jabal-ali,2022-07,Jul 2022,4,,,,,4
Down Town Jabal Ali,down-town-jabal-ali,2022-08,Aug 2022,14,1226.92,1037.76,1321.7,449785.0,14
Down Town Jabal Ali,down-town-jabal-ali,2022-09,Sep 2022,4,,,,,4
Down Town Jabal Ali,down-town-jabal-ali,2022-10,Oct 2022,15,996.35,850.78,1268.7,439000.0,15
Down Town Jabal Ali,down-town-jabal-ali,2022-11,Nov 2022,18,1046.85,891.23,1234.03,440500.0,12
Down Town Jabal Ali,down-town-jabal-ali,2022-12,Dec 2022,7,1147.94,1106.37,1179.8,429000.0,7
Down Town Jabal Ali,down-town-jabal-ali,2023-01,Jan 2023,12,1066.27,818.48,1237.13,450725.0,12
Down Town Jabal Ali,down-town-jabal-ali,2023-02,Feb 2023,6,1156.68,921.95,1395.57,515200.0,7
Down Town Jabal Ali,down-town-jabal-ali,2023-03,Mar 2023,13,820.58,540.46,1123.89,525360.0,15
Down Town Jabal Ali,down-town-jabal-ali,2023-04,Apr 2023,19,1169.81,885.18,1311.76,429000.0,19
Down Town Jabal Ali,down-town-jabal-ali,2023-05,May 2023,8,805.5,532.87,1305.11,400000.0,7
Down Town Jabal Ali,down-town-jabal-ali,2023-06,Jun 2023,8,1211.63,1113.89,1226.94,447370.0,8
Down Town Jabal Ali,down-town-jabal-ali,2023-07,Jul 2023,9,1074.02,881.46,1139.23,420000.0,7
Down Town Jabal Ali,down-town-jabal-ali,2023-08,Aug 2023,13,1049.11,701.76,1200.8,450963.0,11
Down Town Jabal Ali,down-town-jabal-ali,2023-09,Sep 2023,21,1156.47,1031.39,1246.36,430000.0,18
Down Town Jabal Ali,down-town-jabal-ali,2023-10,Oct 2023,24,1211.95,1031.83,1280.84,455070.0,25
Down Town Jabal Ali,down-town-jabal-ali,2023-11,Nov 2023,21,1082.47,719.15,1246.91,442500.0,20
Down Town Jabal Ali,down-town-jabal-ali,2023-12,Dec 2023,13,1212.25,791.87,1229.6,450000.0,14
Down Town Jabal Ali,down-town-jabal-ali,2024-01,Jan 2024,8,775.22,520.3,1215.87,485000.0,9
Down Town Jabal Ali,down-town-jabal-ali,2024-02,Feb 2024,17,875.99,575.59,1190.9,512200.0,16
Down Town Jabal Ali,down-town-jabal-ali,2024-03,Mar 2024,17,653.91,585.29,1199.08,480000.0,16
Down Town Jabal Ali,down-town-jabal-ali,2024-04,Apr 2024,11,1009.39,661.65,1122.54,600000.0,11
Down Town Jabal Ali,down-town-jabal-ali,2024-05,May 2024,18,1096.32,1031.15,1210.79,640000.0,15
Down Town Jabal Ali,down-town-jabal-ali,2024-06,Jun 2024,24,1277.83,696.77,1423.67,609785.0,23
Down Town Jabal Ali,down-town-jabal-ali,2024-07,Jul 2024,98,1294.8,1180.05,1396.96,895164.0,99
Down Town Jabal Ali,down-town-jabal-ali,2024-08,Aug 2024,135,1377.39,1240.95,1450.42,929299.0,133
Down Town Jabal Ali,down-town-jabal-ali,2024-09,Sep 2024,83,1301.62,1231.99,1391.57,1006613.0,85
Down Town Jabal Ali,down-town-jabal-ali,2024-10,Oct 2024,96,1299.87,1206.12,1365.88,982639.0,100
Down Town Jabal Ali,down-town-jabal-ali,2024-11,Nov 2024,63,1319.52,1228.67,1400.68,1000000.0,62
Down Town Jabal Ali,down-town-jabal-ali,2024-12,Dec 2024,42,1403.51,1262.67,1587.0,735000.0,44
Down Town Jabal Ali,down-town-jabal-ali,2025-01,Jan 2025,64,1276.06,1162.87,1394.24,846224.0,58
Down Town Jabal Ali,down-town-jabal-ali,2025-02,Feb 2025,65,1288.37,1203.54,1354.79,1010747.0,62
Down Town Jabal Ali,down-town-jabal-ali,2025-03,Mar 2025,86,1267.62,1215.72,1358.62,1027189.0,87
Down Town Jabal Ali,down-town-jabal-ali,2025-04,Apr 2025,89,1303.18,1235.42,1433.48,919138.5,88
Down Town Jabal Ali,down-town-jabal-ali,2025-05,May 2025,77,1271.92,1206.28,1431.05,930291.0,79
Down Town Jabal Ali,down-town-jabal-ali,2025-06,Jun 2025,50,1306.81,1216.17,1403.84,1050435.0,48
Down Town Jabal Ali,down-town-jabal-ali,2025-07,Jul 2025,100,1417.93,1248.54,1566.9,944099.0,104
Down Town Jabal Ali,down-town-jabal-ali,2025-08,Aug 2025,72,1339.15,1274.24,1578.71,1058596.0,73
Down Town Jabal Ali,down-town-jabal-ali,2025-09,Sep 2025,39,1515.04,1281.67,1671.83,639084.0,39
Down Town Jabal Ali,down-town-jabal-ali,2025-10,Oct 2025,36,1412.03,1275.67,1639.31,671568.0,37
Down Town Jabal Ali,down-town-jabal-ali,2025-11,Nov 2025,32,1542.11,1249.7,1670.35,647628.0,34
Down Town Jabal Ali,down-town-jabal-ali,2025-12,Dec 2025,65,1379.19,1151.81,1556.27,832000.0,67
Down Town Jabal Ali,down-town-jabal-ali,2026-01,Jan 2026,47,1378.92,1262.74,1524.29,1046789.5,48
Down Town Jabal Ali,down-town-jabal-ali,2026-02,Feb 2026,37,1322.93,1250.4,1521.95,1063550.0,38
Down Town Jabal Ali,down-town-jabal-ali,2026-03,Mar 2026,46,1350.75,1251.98,1472.88,1471727.5,46
Down Town Jabal Ali,down-town-jabal-ali,2026-04,Apr 2026,24,1409.18,1327.59,1587.17,1104846.5,24
Down Town Jabal Ali,down-town-jabal-ali,2026-05,May 2026,144,1617.2,1308.54,1706.62,595000.0,142
Down Town Jabal Ali,down-town-jabal-ali,2026-06,Jun 2026,265,1658.56,1419.28,1734.43,605000.0,295
Down Town Jabal Ali,down-town-jabal-ali,2026-07,Jul 2026,926,1719.18,1531.57,1783.12,756480.0,1043
Down Town Jabal Ali,down-town-jabal-ali,2026-08,Aug 2026,795,1690.12,1522.91,1793.92,719388.0,895
Silicon Oasis,silicon-oasis,2021-09,Sep 2021,85,624.29,519.28,739.32,401750.0,96
Silicon Oasis,silicon-oasis,2021-10,Oct 2021,56,599.07,523.17,671.25,495000.0,66
Silicon Oasis,silicon-oasis,2021-11,Nov 2021,69,619.21,523.03,680.18,489500.0,80
Silicon Oasis,silicon-oasis,2021-12,Dec 2021,62,609.73,513.58,671.01,510000.0,75
Silicon Oasis,silicon-oasis,2022-01,Jan 2022,29,605.41,551.41,698.81,463000.0,49
Silicon Oasis,silicon-oasis,2022-02,Feb 2022,45,653.93,498.16,720.91,462500.0,66
Silicon Oasis,silicon-oasis,2022-03,Mar 2022,59,568.04,472.19,652.71,396231.0,71
Silicon Oasis,silicon-oasis,2022-04,Apr 2022,61,613.13,520.94,701.36,485000.0,72
Silicon Oasis,silicon-oasis,2022-05,May 2022,76,535.49,520.72,599.23,445742.0,82
Silicon Oasis,silicon-oasis,2022-06,Jun 2022,68,610.58,501.53,680.02,396900.0,77
Silicon Oasis,silicon-oasis,2022-07,Jul 2022,49,610.01,509.65,678.12,480000.0,62
Silicon Oasis,silicon-oasis,2022-08,Aug 2022,60,594.87,527.56,668.04,445000.0,64
Silicon Oasis,silicon-oasis,2022-09,Sep 2022,99,595.26,499.34,677.96,394000.0,104
Silicon Oasis,silicon-oasis,2022-10,Oct 2022,89,634.41,525.82,727.36,465000.0,98
Silicon Oasis,silicon-oasis,2022-11,Nov 2022,190,976.54,610.0,1086.67,595920.0,199
Silicon Oasis,silicon-oasis,2022-12,Dec 2022,114,765.61,527.73,1051.79,523491.0,123
Silicon Oasis,silicon-oasis,2023-01,Jan 2023,178,749.26,616.39,1052.32,517539.0,187
Silicon Oasis,silicon-oasis,2023-02,Feb 2023,108,688.76,588.35,1005.59,526276.5,120
Silicon Oasis,silicon-oasis,2023-03,Mar 2023,138,781.03,595.5,1064.14,521385.0,153
Silicon Oasis,silicon-oasis,2023-04,Apr 2023,62,658.96,509.03,803.51,470000.0,69
Silicon Oasis,silicon-oasis,2023-05,May 2023,170,780.25,582.96,1041.34,541611.0,188
Silicon Oasis,silicon-oasis,2023-06,Jun 2023,99,663.36,537.49,876.3,500000.0,114
Silicon Oasis,silicon-oasis,2023-07,Jul 2023,109,614.44,558.01,723.69,425000.0,121
Silicon Oasis,silicon-oasis,2023-08,Aug 2023,109,638.16,582.3,778.63,495000.0,120
Silicon Oasis,silicon-oasis,2023-09,Sep 2023,188,770.83,629.06,991.14,600000.0,212
Silicon Oasis,silicon-oasis,2023-10,Oct 2023,148,708.8,580.91,777.27,460000.0,158
Silicon Oasis,silicon-oasis,2023-11,Nov 2023,90,678.87,582.87,814.8,553761.5,106
Silicon Oasis,silicon-oasis,2023-12,Dec 2023,111,744.6,620.05,808.04,566998.0,137
Silicon Oasis,silicon-oasis,2024-01,Jan 2024,147,803.51,597.28,987.82,675000.0,165
Silicon Oasis,silicon-oasis,2024-02,Feb 2024,166,920.96,672.62,1062.17,725775.0,194
Silicon Oasis,silicon-oasis,2024-03,Mar 2024,137,868.54,682.79,1040.06,735000.0,156
Silicon Oasis,silicon-oasis,2024-04,Apr 2024,115,840.15,670.72,1020.37,800000.0,143
Silicon Oasis,silicon-oasis,2024-05,May 2024,142,778.48,667.68,911.34,570000.0,159
Silicon Oasis,silicon-oasis,2024-06,Jun 2024,132,862.72,758.73,928.26,650000.0,144
Silicon Oasis,silicon-oasis,2024-07,Jul 2024,172,878.52,744.01,921.82,555000.0,203
Silicon Oasis,silicon-oasis,2024-08,Aug 2024,132,886.49,762.98,967.24,630000.0,181
Silicon Oasis,silicon-oasis,2024-09,Sep 2024,153,890.3,765.73,1002.75,800000.0,163
Silicon Oasis,silicon-oasis,2024-10,Oct 2024,243,975.76,790.09,1147.87,833015.0,246
Silicon Oasis,silicon-oasis,2024-11,Nov 2024,234,1038.21,793.45,1726.8,820000.0,252
Silicon Oasis,silicon-oasis,2024-12,Dec 2024,194,992.78,757.19,1731.19,768000.0,217
Silicon Oasis,silicon-oasis,2025-01,Jan 2025,245,1710.71,894.59,1848.95,810000.0,262
Silicon Oasis,silicon-oasis,2025-02,Feb 2025,356,1393.37,1044.8,1794.06,950000.0,374
Silicon Oasis,silicon-oasis,2025-03,Mar 2025,305,1218.19,962.37,1654.24,974631.0,322
Silicon Oasis,silicon-oasis,2025-04,Apr 2025,334,1734.79,911.85,1979.28,872500.0,346
Silicon Oasis,silicon-oasis,2025-05,May 2025,362,1385.52,905.7,1969.7,815000.0,374
Silicon Oasis,silicon-oasis,2025-06,Jun 2025,435,1730.4,1103.64,1980.07,865000.0,454
Silicon Oasis,silicon-oasis,2025-07,Jul 2025,292,1328.88,1015.21,1917.69,864000.0,321
Silicon Oasis,silicon-oasis,2025-08,Aug 2025,332,1610.24,1083.17,1888.55,1020000.0,341
Silicon Oasis,silicon-oasis,2025-09,Sep 2025,398,1526.96,956.81,1917.6,867000.0,409
Silicon Oasis,silicon-oasis,2025-10,Oct 2025,381,1319.32,998.87,1893.83,909688.0,395
Silicon Oasis,silicon-oasis,2025-11,Nov 2025,344,1555.43,980.2,1929.38,896000.0,363
Silicon Oasis,silicon-oasis,2025-12,Dec 2025,230,1348.63,955.77,1885.67,950000.0,248
Silicon Oasis,silicon-oasis,2026-01,Jan 2026,181,1127.2,912.75,1543.5,1006888.5,204
Silicon Oasis,silicon-oasis,2026-02,Feb 2026,173,1120.41,914.99,1375.76,960000.0,199
Silicon Oasis,silicon-oasis,2026-03,Mar 2026,128,1220.91,950.0,1539.92,1289828.0,143
Silicon Oasis,silicon-oasis,2026-04,Apr 2026,133,1210.38,933.17,1590.37,1157339.0,148
Silicon Oasis,silicon-oasis,2026-05,May 2026,79,1200.0,906.62,1353.18,1103000.0,89
Silicon Oasis,silicon-oasis,2026-06,Jun 2026,85,1179.13,895.35,1275.0,1000000.0,95
Silicon Oasis,silicon-oasis,2026-07,Jul 2026,150,1200.0,907.2,1566.39,1097788.0,157
Silicon Oasis,silicon-oasis,2026-08,Aug 2026,132,1121.75,927.8,1337.72,878900.0,137
City Of Arabia,city-of-arabia,2024-03,Mar 2024,23,1223.47,1069.58,1375.65,944500.0,24
City Of Arabia,city-of-arabia,2024-04,Apr 2024,44,1379.62,1293.08,1501.38,1030000.0,44
City Of Arabia,city-of-arabia,2024-05,May 2024,74,1378.92,1248.86,1444.59,1021500.0,74
City Of Arabia,city-of-arabia,2024-06,Jun 2024,181,1275.95,1212.06,1347.73,992850.0,184
City Of Arabia,city-of-arabia,2024-07,Jul 2024,138,1237.42,1184.0,1302.56,949630.0,139
City Of Arabia,city-of-arabia,2024-08,Aug 2024,30,1188.93,1148.09,1258.6,950600.0,32
City Of Arabia,city-of-arabia,2024-09,Sep 2024,1,,,,,2
City Of Arabia,city-of-arabia,2024-10,Oct 2024,0,,,,,0
City Of Arabia,city-of-arabia,2024-11,Nov 2024,1,,,,,1
City Of Arabia,city-of-arabia,2024-12,Dec 2024,2,,,,22366954.0,5
City Of Arabia,city-of-arabia,2025-01,Jan 2025,32,1598.65,1523.7,1677.68,739827.0,32
City Of Arabia,city-of-arabia,2025-02,Feb 2025,12,1349.83,1221.71,1374.27,1046630.0,13
City Of Arabia,city-of-arabia,2025-03,Mar 2025,19,1594.39,1529.87,1676.73,735000.0,19
City Of Arabia,city-of-arabia,2025-04,Apr 2025,149,1502.3,1381.07,1599.53,778050.0,149
City Of Arabia,city-of-arabia,2025-05,May 2025,50,1402.63,1259.38,1593.28,805500.0,50
City Of Arabia,city-of-arabia,2025-06,Jun 2025,15,1444.12,1112.93,1591.27,776440.0,15
City Of Arabia,city-of-arabia,2025-07,Jul 2025,40,1520.0,1400.57,1663.33,605385.0,40
City Of Arabia,city-of-arabia,2025-08,Aug 2025,34,1581.97,1411.91,1636.54,910255.0,34
City Of Arabia,city-of-arabia,2025-09,Sep 2025,43,1607.57,1372.99,1677.84,622375.0,46
City Of Arabia,city-of-arabia,2025-10,Oct 2025,113,1633.92,1489.22,1710.55,750000.0,113
City Of Arabia,city-of-arabia,2025-11,Nov 2025,73,1601.96,1398.98,1690.99,607860.0,73
City Of Arabia,city-of-arabia,2025-12,Dec 2025,103,1596.73,1409.46,1728.79,656600.0,103
City Of Arabia,city-of-arabia,2026-01,Jan 2026,65,1652.33,1509.04,1703.32,591510.0,64
City Of Arabia,city-of-arabia,2026-02,Feb 2026,64,1641.43,1412.58,1740.44,611260.0,64
City Of Arabia,city-of-arabia,2026-03,Mar 2026,37,1626.57,1580.99,1737.11,700000.0,37
City Of Arabia,city-of-arabia,2026-04,Apr 2026,25,1663.18,1529.79,1728.38,620000.0,25
City Of Arabia,city-of-arabia,2026-05,May 2026,245,1660.19,1573.95,1753.4,595000.0,246
City Of Arabia,city-of-arabia,2026-06,Jun 2026,415,1719.96,1613.78,1761.11,597000.0,417
City Of Arabia,city-of-arabia,2026-07,Jul 2026,532,1727.24,1605.94,1766.9,607600.0,559
City Of Arabia,city-of-arabia,2026-08,Aug 2026,842,1693.86,1575.63,1768.67,610915.0,842
Dubai Hills Estate,dubai-hills-estate,2021-09,Sep 2021,110,1567.8,1406.04,1648.75,1655388.0,110
Dubai Hills Estate,dubai-hills-estate,2021-10,Oct 2021,69,1438.42,1284.61,1609.76,1580970.0,70
Dubai Hills Estate,dubai-hills-estate,2021-11,Nov 2021,158,1542.25,1416.66,1595.79,1590888.0,158
Dubai Hills Estate,dubai-hills-estate,2021-12,Dec 2021,80,1527.82,1314.43,1647.25,1646888.0,81
Dubai Hills Estate,dubai-hills-estate,2022-01,Jan 2022,90,1556.97,1410.02,1639.71,1564388.0,90
Dubai Hills Estate,dubai-hills-estate,2022-02,Feb 2022,106,1602.3,1420.76,1629.6,1201749.0,107
Dubai Hills Estate,dubai-hills-estate,2022-03,Mar 2022,146,1572.42,1377.67,1629.98,1222888.0,149
Dubai Hills Estate,dubai-hills-estate,2022-04,Apr 2022,106,1530.32,1362.57,1638.2,1170888.0,107
Dubai Hills Estate,dubai-hills-estate,2022-05,May 2022,78,1537.21,1334.01,1676.9,1259944.0,78
Dubai Hills Estate,dubai-hills-estate,2022-06,Jun 2022,163,1583.56,1449.69,1688.82,1199888.0,163
Dubai Hills Estate,dubai-hills-estate,2022-07,Jul 2022,205,1584.43,1437.51,1641.65,1206888.0,206
Dubai Hills Estate,dubai-hills-estate,2022-08,Aug 2022,91,1542.9,1397.24,1681.44,1250000.0,99
Dubai Hills Estate,dubai-hills-estate,2022-09,Sep 2022,536,1783.9,1737.1,1886.26,1668888.0,539
Dubai Hills Estate,dubai-hills-estate,2022-10,Oct 2022,408,1755.63,1674.68,1836.68,1530659.5,408
Dubai Hills Estate,dubai-hills-estate,2022-11,Nov 2022,391,1790.45,1677.94,1830.27,1470000.0,391
Dubai Hills Estate,dubai-hills-estate,2022-12,Dec 2022,149,1788.84,1601.25,1859.73,1400000.0,151
Dubai Hills Estate,dubai-hills-estate,2023-01,Jan 2023,303,1865.54,1792.8,1931.07,1550000.0,303
Dubai Hills Estate,dubai-hills-estate,2023-02,Feb 2023,101,1832.91,1611.5,1975.56,1858888.0,101
Dubai Hills Estate,dubai-hills-estate,2023-03,Mar 2023,469,1944.71,1870.95,2033.71,1880000.0,469
Dubai Hills Estate,dubai-hills-estate,2023-04,Apr 2023,472,2042.71,1966.55,2169.18,1855414.0,472
Dubai Hills Estate,dubai-hills-estate,2023-05,May 2023,380,1866.89,1677.9,2020.15,1549828.0,381
Dubai Hills Estate,dubai-hills-estate,2023-06,Jun 2023,491,1901.0,1725.0,2092.94,1604023.0,500
Dubai Hills Estate,dubai-hills-estate,2023-07,Jul 2023,264,1934.06,1780.81,2094.12,1710828.0,265
Dubai Hills Estate,dubai-hills-estate,2023-08,Aug 2023,215,1917.98,1779.98,2093.29,1900000.0,215
Dubai Hills Estate,dubai-hills-estate,2023-09,Sep 2023,395,2014.89,1859.05,2113.23,1792332.5,396
Dubai Hills Estate,dubai-hills-estate,2023-10,Oct 2023,472,2032.36,1833.93,2293.45,2050485.0,473
Dubai Hills Estate,dubai-hills-estate,2023-11,Nov 2023,387,2090.42,1891.0,2154.45,1715888.0,393
Dubai Hills Estate,dubai-hills-estate,2023-12,Dec 2023,701,2123.58,2010.59,2269.84,1658888.0,701
Dubai Hills Estate,dubai-hills-estate,2024-01,Jan 2024,475,2160.92,2024.29,2453.65,1723388.0,478
Dubai Hills Estate,dubai-hills-estate,2024-02,Feb 2024,307,2172.89,2050.08,2503.46,1638888.0,307
Dubai Hills Estate,dubai-hills-estate,2024-03,Mar 2024,197,2107.51,1901.9,2338.38,1700000.0,197
Dubai Hills Estate,dubai-hills-estate,2024-04,Apr 2024,418,2177.05,2082.11,2282.5,2204888.0,418
Dubai Hills Estate,dubai-hills-estate,2024-05,May 2024,1003,2266.83,2086.38,2363.03,1805888.0,1003
Dubai Hills Estate,dubai-hills-estate,2024-06,Jun 2024,340,2189.55,2074.53,2331.7,2200000.0,340
Dubai Hills Estate,dubai-hills-estate,2024-07,Jul 2024,1170,2394.37,2230.57,2486.62,2420388.0,1170
Dubai Hills Estate,dubai-hills-estate,2024-08,Aug 2024,149,2204.8,2045.22,2395.69,2182888.0,149
Dubai Hills Estate,dubai-hills-estate,2024-09,Sep 2024,816,2369.3,2158.93,2606.97,2080888.0,816
Dubai Hills Estate,dubai-hills-estate,2024-10,Oct 2024,867,2451.15,2183.3,2631.24,2086888.0,867
Dubai Hills Estate,dubai-hills-estate,2024-11,Nov 2024,411,2275.6,2172.95,2519.87,2120349.0,411
Dubai Hills Estate,dubai-hills-estate,2024-12,Dec 2024,375,2252.89,2143.31,2500.45,2162500.0,376
Dubai Hills Estate,dubai-hills-estate,2025-01,Jan 2025,271,2304.82,2141.15,2611.79,2110000.0,271
Dubai Hills Estate,dubai-hills-estate,2025-02,Feb 2025,338,2391.49,2148.06,2623.33,1924948.0,338
Dubai Hills Estate,dubai-hills-estate,2025-03,Mar 2025,359,2417.89,2150.79,2601.75,2039888.0,360
Dubai Hills Estate,dubai-hills-estate,2025-04,Apr 2025,398,2469.46,2186.18,2614.05,1961888.0,397
Dubai Hills Estate,dubai-hills-estate,2025-05,May 2025,298,2387.72,2099.77,2598.1,1842615.0,298
Dubai Hills Estate,dubai-hills-estate,2025-06,Jun 2025,235,2397.2,2228.13,2558.95,2010000.0,235
Dubai Hills Estate,dubai-hills-estate,2025-07,Jul 2025,383,2561.32,2379.15,2680.02,2125000.0,383
Dubai Hills Estate,dubai-hills-estate,2025-08,Aug 2025,439,2422.81,2211.71,2583.55,2325739.0,438
Dubai Hills Estate,dubai-hills-estate,2025-09,Sep 2025,282,2302.9,2166.12,2521.98,1959888.0,281
Dubai Hills Estate,dubai-hills-estate,2025-10,Oct 2025,271,2313.76,2132.46,2548.6,1884888.0,271
Dubai Hills Estate,dubai-hills-estate,2025-11,Nov 2025,303,2499.03,2279.42,2680.93,2011888.0,303
Dubai Hills Estate,dubai-hills-estate,2025-12,Dec 2025,259,2520.22,2268.84,2708.21,2525000.0,259
Dubai Hills Estate,dubai-hills-estate,2026-01,Jan 2026,301,2512.26,2335.4,2670.49,2534888.0,301
Dubai Hills Estate,dubai-hills-estate,2026-02,Feb 2026,301,2350.55,2139.99,2627.99,2475366.0,298
Dubai Hills Estate,dubai-hills-estate,2026-03,Mar 2026,194,2421.34,2174.32,2637.08,2072777.0,195
Dubai Hills Estate,dubai-hills-estate,2026-04,Apr 2026,138,2355.17,2132.46,2594.72,2218333.0,162
Dubai Hills Estate,dubai-hills-estate,2026-05,May 2026,66,2401.12,2157.74,2645.41,2277888.0,69
Dubai Hills Estate,dubai-hills-estate,2026-06,Jun 2026,107,2223.76,2059.92,2533.42,2030000.0,108
Dubai Hills Estate,dubai-hills-estate,2026-07,Jul 2026,131,2262.28,2030.39,2481.3,1977888.0,133
Dubai Hills Estate,dubai-hills-estate,2026-08,Aug 2026,129,2232.54,2030.95,2448.8,2236944.0,130
Dubai Marina,dubai-marina,2021-09,Sep 2021,232,1269.5,905.4,1662.58,1600000.0,253
Dubai Marina,dubai-marina,2021-10,Oct 2021,194,1263.96,919.18,1747.32,1475000.0,219
Dubai Marina,dubai-marina,2021-11,Nov 2021,239,1329.06,917.6,1765.01,1500000.0,271
Dubai Marina,dubai-marina,2021-12,Dec 2021,191,1278.6,918.15,1693.14,1390000.0,208
Dubai Marina,dubai-marina,2022-01,Jan 2022,154,1544.81,1066.13,1846.38,1540000.0,192
Dubai Marina,dubai-marina,2022-02,Feb 2022,170,1371.75,1057.12,1773.71,1500000.0,209
Dubai Marina,dubai-marina,2022-03,Mar 2022,267,1365.99,981.92,1734.93,1492500.0,364
Dubai Marina,dubai-marina,2022-04,Apr 2022,278,1383.62,873.63,1907.72,1350000.0,326
Dubai Marina,dubai-marina,2022-05,May 2022,257,1322.8,873.93,1834.15,1441392.0,294
Dubai Marina,dubai-marina,2022-06,Jun 2022,380,1558.11,999.87,1984.53,1612500.0,426
Dubai Marina,dubai-marina,2022-07,Jul 2022,257,1521.89,994.33,1964.0,1855548.0,349
Dubai Marina,dubai-marina,2022-08,Aug 2022,292,1545.34,1026.61,2057.37,1592500.0,320
Dubai Marina,dubai-marina,2022-09,Sep 2022,291,1528.47,987.4,2177.07,1582274.0,310
Dubai Marina,dubai-marina,2022-10,Oct 2022,349,1527.07,1066.48,2121.22,1638888.0,383
Dubai Marina,dubai-marina,2022-11,Nov 2022,401,1663.31,1185.43,2294.81,1700000.0,451
Dubai Marina,dubai-marina,2022-12,Dec 2022,564,2104.24,1262.86,2566.71,1826888.0,571
Dubai Marina,dubai-marina,2023-01,Jan 2023,285,1562.42,1072.78,2307.47,1600000.0,350
Dubai Marina,dubai-marina,2023-02,Feb 2023,332,1542.96,1082.61,2251.21,1592415.0,376
Dubai Marina,dubai-marina,2023-03,Mar 2023,413,1592.13,1141.6,2448.04,1650000.0,468
Dubai Marina,dubai-marina,2023-04,Apr 2023,301,1585.71,1095.79,2254.0,1600000.0,355
Dubai Marina,dubai-marina,2023-05,May 2023,412,1416.8,942.18,2070.37,1500000.0,462
Dubai Marina,dubai-marina,2023-06,Jun 2023,345,1568.83,1104.57,2205.39,1710000.0,398
Dubai Marina,dubai-marina,2023-07,Jul 2023,241,1417.54,1085.4,1936.16,1500000.0,266
Dubai Marina,dubai-marina,2023-08,Aug 2023,309,1541.05,1164.9,2042.72,1700000.0,350
Dubai Marina,dubai-marina,2023-09,Sep 2023,286,1480.87,1027.69,2095.73,1450000.0,338
Dubai Marina,dubai-marina,2023-10,Oct 2023,242,1518.29,1153.11,2080.59,1500000.0,304
Dubai Marina,dubai-marina,2023-11,Nov 2023,297,1414.52,1106.43,2042.81,1384500.0,362
Dubai Marina,dubai-marina,2023-12,Dec 2023,262,1394.94,1154.05,1941.18,1680000.0,289
Dubai Marina,dubai-marina,2024-01,Jan 2024,230,1731.68,1271.88,2347.43,1750000.0,269
Dubai Marina,dubai-marina,2024-02,Feb 2024,253,1688.8,1250.68,2346.37,1715000.0,294
Dubai Marina,dubai-marina,2024-03,Mar 2024,298,1705.13,1280.71,2222.92,1706209.5,340
Dubai Marina,dubai-marina,2024-04,Apr 2024,305,1938.96,1403.04,2331.4,1955000.0,333
Dubai Marina,dubai-marina,2024-05,May 2024,470,1951.34,1526.13,2359.18,2200000.0,477
Dubai Marina,dubai-marina,2024-06,Jun 2024,349,1890.66,1392.77,2252.61,2091181.5,364
Dubai Marina,dubai-marina,2024-07,Jul 2024,388,1708.44,1251.68,2224.11,2127200.0,434
Dubai Marina,dubai-marina,2024-08,Aug 2024,496,1962.45,1603.36,2208.76,2297320.0,538
Dubai Marina,dubai-marina,2024-09,Sep 2024,392,1893.51,1378.06,2233.17,2010000.0,430
Dubai Marina,dubai-marina,2024-10,Oct 2024,423,1852.82,1350.94,2171.6,2150000.0,452
Dubai Marina,dubai-marina,2024-11,Nov 2024,489,2125.44,1516.08,2579.38,2106388.0,542
Dubai Marina,dubai-marina,2024-12,Dec 2024,425,2049.43,1434.84,2564.21,2085888.0,431
Dubai Marina,dubai-marina,2025-01,Jan 2025,339,2159.75,1586.32,2642.98,2047870.0,365
Dubai Marina,dubai-marina,2025-02,Feb 2025,355,2061.64,1496.25,2599.2,1819476.0,420
Dubai Marina,dubai-marina,2025-03,Mar 2025,557,2548.03,1529.74,3387.56,1581000.0,560
Dubai Marina,dubai-marina,2025-04,Apr 2025,572,2984.15,1821.27,3526.08,1911000.0,595
Dubai Marina,dubai-marina,2025-05,May 2025,395,2242.29,1543.15,3153.62,1860000.0,427
Dubai Marina,dubai-marina,2025-06,Jun 2025,271,2148.12,1529.48,2628.48,2087444.0,298
Dubai Marina,dubai-marina,2025-07,Jul 2025,288,2181.89,1556.76,3185.42,1800000.0,332
Dubai Marina,dubai-marina,2025-08,Aug 2025,238,2161.23,1565.1,3050.23,2271846.0,261
Dubai Marina,dubai-marina,2025-09,Sep 2025,239,2044.41,1551.29,2742.51,2000000.0,282
Dubai Marina,dubai-marina,2025-10,Oct 2025,232,2086.18,1484.42,2717.51,2000000.0,239
Dubai Marina,dubai-marina,2025-11,Nov 2025,220,1952.17,1494.06,2578.27,2200000.0,230
Dubai Marina,dubai-marina,2025-12,Dec 2025,216,2169.64,1620.91,2773.6,2333583.0,223
Dubai Marina,dubai-marina,2026-01,Jan 2026,155,1918.54,1487.22,2301.52,2070000.0,169
Dubai Marina,dubai-marina,2026-02,Feb 2026,191,1959.23,1560.77,2552.37,2150011.0,207
Dubai Marina,dubai-marina,2026-03,Mar 2026,137,2062.99,1535.59,2572.0,2100000.0,144
Dubai Marina,dubai-marina,2026-04,Apr 2026,121,1918.13,1501.94,2357.95,1520665.0,185
Dubai Marina,dubai-marina,2026-05,May 2026,104,1700.72,1361.46,2282.53,1500000.0,147
Dubai Marina,dubai-marina,2026-06,Jun 2026,130,1792.74,1432.21,2229.84,1875000.0,151
Dubai Marina,dubai-marina,2026-07,Jul 2026,185,2147.05,1531.03,2995.41,2200000.0,213
Dubai Marina,dubai-marina,2026-08,Aug 2026,172,2129.56,1521.86,2973.52,2444548.0,186
TOWN SQUARE,town-square,2021-09,Sep 2021,41,786.43,713.29,845.44,1577888.0,41
TOWN SQUARE,town-square,2021-10,Oct 2021,25,780.07,719.24,866.28,1325000.0,25
TOWN SQUARE,town-square,2021-11,Nov 2021,95,833.96,663.89,884.73,1725888.0,95
TOWN SQUARE,town-square,2021-12,Dec 2021,152,826.5,729.7,841.5,1709888.0,152
TOWN SQUARE,town-square,2022-01,Jan 2022,80,717.28,600.9,827.93,1585444.0,82
TOWN SQUARE,town-square,2022-02,Feb 2022,52,803.38,689.55,845.08,1700000.0,52
TOWN SQUARE,town-square,2022-03,Mar 2022,44,813.48,738.35,852.29,1709888.0,44
TOWN SQUARE,town-square,2022-04,Apr 2022,88,791.44,693.89,845.08,1600888.0,89
TOWN SQUARE,town-square,2022-05,May 2022,56,850.65,791.43,873.73,1725888.0,56
TOWN SQUARE,town-square,2022-06,Jun 2022,69,815.68,754.6,853.56,1688888.0,69
TOWN SQUARE,town-square,2022-07,Jul 2022,154,892.13,806.07,924.17,1730888.0,154
TOWN SQUARE,town-square,2022-08,Aug 2022,100,835.11,744.69,901.97,1730888.0,100
TOWN SQUARE,town-square,2022-09,Sep 2022,46,812.25,771.03,838.27,1522373.5,46
TOWN SQUARE,town-square,2022-10,Oct 2022,47,839.32,795.57,917.49,1620000.0,47
TOWN SQUARE,town-square,2022-11,Nov 2022,53,816.8,779.01,900.59,1675000.0,53
TOWN SQUARE,town-square,2022-12,Dec 2022,44,831.94,759.15,892.37,1647944.0,44
TOWN SQUARE,town-square,2023-01,Jan 2023,357,1235.82,1159.76,1293.91,597388.0,358
TOWN SQUARE,town-square,2023-02,Feb 2023,430,964.21,905.45,1200.13,1230944.0,430
TOWN SQUARE,town-square,2023-03,Mar 2023,250,1016.52,898.92,1075.74,918388.0,250
TOWN SQUARE,town-square,2023-04,Apr 2023,154,1009.76,886.67,1091.12,875444.0,154
TOWN SQUARE,town-square,2023-05,May 2023,292,963.79,867.9,1025.74,1822944.0,292
TOWN SQUARE,town-square,2023-06,Jun 2023,316,988.93,914.5,1058.18,1142888.0,317
TOWN SQUARE,town-square,2023-07,Jul 2023,168,971.08,898.63,1051.81,1100888.0,168
TOWN SQUARE,town-square,2023-08,Aug 2023,210,1035.4,952.35,1129.97,1017888.0,210
TOWN SQUARE,town-square,2023-09,Sep 2023,275,1041.63,951.26,1132.41,1050888.0,275
TOWN SQUARE,town-square,2023-10,Oct 2023,150,1021.14,925.66,1120.95,985444.0,152
TOWN SQUARE,town-square,2023-11,Nov 2023,174,1070.72,958.94,1235.95,1141888.0,175
TOWN SQUARE,town-square,2023-12,Dec 2023,179,1154.71,990.59,1247.63,1100000.0,179
TOWN SQUARE,town-square,2024-01,Jan 2024,215,1147.66,985.83,1214.11,1116388.0,216
TOWN SQUARE,town-square,2024-02,Feb 2024,342,1168.87,1075.15,1222.77,1160388.0,344
TOWN SQUARE,town-square,2024-03,Mar 2024,283,1142.34,1051.81,1196.56,1139888.0,285
TOWN SQUARE,town-square,2024-04,Apr 2024,295,1128.7,1054.91,1186.56,1170888.0,297
TOWN SQUARE,town-square,2024-05,May 2024,345,1143.25,1045.15,1227.84,1150888.0,345
TOWN SQUARE,town-square,2024-06,Jun 2024,267,1216.16,1073.39,1290.66,1250888.0,267
TOWN SQUARE,town-square,2024-07,Jul 2024,275,1147.99,1009.08,1261.04,1192388.0,276
TOWN SQUARE,town-square,2024-08,Aug 2024,192,1202.56,1066.57,1292.78,1180000.0,195
TOWN SQUARE,town-square,2024-09,Sep 2024,243,1241.92,1056.32,1314.11,1174944.0,244
TOWN SQUARE,town-square,2024-10,Oct 2024,223,1207.9,1079.39,1344.03,1200888.0,223
TOWN SQUARE,town-square,2024-11,Nov 2024,208,1250.85,1077.87,1362.75,1375888.0,208
TOWN SQUARE,town-square,2024-12,Dec 2024,207,1283.06,1126.93,1399.31,1348944.0,208
TOWN SQUARE,town-square,2025-01,Jan 2025,204,1330.12,1190.89,1433.93,1335888.0,204
TOWN SQUARE,town-square,2025-02,Feb 2025,233,1399.55,1190.75,1488.18,1250000.0,233
TOWN SQUARE,town-square,2025-03,Mar 2025,181,1354.55,1228.02,1480.84,1250000.0,183
TOWN SQUARE,town-square,2025-04,Apr 2025,189,1362.21,1210.1,1477.67,1372944.0,190
TOWN SQUARE,town-square,2025-05,May 2025,295,1421.79,1257.23,1526.31,1200000.0,295
TOWN SQUARE,town-square,2025-06,Jun 2025,183,1405.24,1233.78,1543.01,1325444.0,182
TOWN SQUARE,town-square,2025-07,Jul 2025,231,1391.69,1210.1,1554.54,1380888.0,231
TOWN SQUARE,town-square,2025-08,Aug 2025,251,1446.88,1263.01,1551.38,1435888.0,251
TOWN SQUARE,town-square,2025-09,Sep 2025,256,1490.47,1296.89,1603.74,1330000.0,257
TOWN SQUARE,town-square,2025-10,Oct 2025,192,1379.59,1232.14,1540.33,1394888.0,193
TOWN SQUARE,town-square,2025-11,Nov 2025,293,1584.35,1373.48,1694.87,1381888.0,293
TOWN SQUARE,town-square,2025-12,Dec 2025,229,1598.87,1307.62,1757.2,1361888.0,229
TOWN SQUARE,town-square,2026-01,Jan 2026,241,1530.28,1317.85,1722.99,1480888.0,241
TOWN SQUARE,town-square,2026-02,Feb 2026,226,1599.55,1378.9,1779.79,1454888.0,227
TOWN SQUARE,town-square,2026-03,Mar 2026,230,1712.31,1417.87,1851.02,1450000.0,230
TOWN SQUARE,town-square,2026-04,Apr 2026,170,1551.16,1352.06,1797.23,1475000.0,170
TOWN SQUARE,town-square,2026-05,May 2026,89,1323.63,1177.59,1550.56,1465000.0,89
TOWN SQUARE,town-square,2026-06,Jun 2026,102,1400.41,1238.71,1588.24,1370000.0,101
TOWN SQUARE,town-square,2026-07,Jul 2026,142,1365.1,1229.57,1568.56,1433944.0,142
TOWN SQUARE,town-square,2026-08,Aug 2026,92,1377.32,1235.21,1570.86,1440000.0,92
DAMAC Lagoons,damac-lagoons,2026-01,Jan 2026,8,1715.93,1665.15,1777.88,3447500.0,64
DAMAC Lagoons,damac-lagoons,2026-02,Feb 2026,46,1712.81,1654.84,1798.71,2650000.0,111
DAMAC Lagoons,damac-lagoons,2026-03,Mar 2026,183,1882.07,1690.15,1931.71,1220000.0,223
DAMAC Lagoons,damac-lagoons,2026-04,Apr 2026,558,1896.4,1696.22,1932.13,780000.0,628
DAMAC Lagoons,damac-lagoons,2026-05,May 2026,143,1831.39,1673.72,1905.93,1220000.0,179
DAMAC Lagoons,damac-lagoons,2026-06,Jun 2026,205,1837.05,1660.86,1901.7,1228000.0,292
DAMAC Lagoons,damac-lagoons,2026-07,Jul 2026,163,1690.04,1588.85,1873.5,1287990.0,227
DAMAC Lagoons,damac-lagoons,2026-08,Aug 2026,172,1647.18,1556.37,1851.65,1291640.0,246
Wasl Gate,wasl-gate,2022-02,Feb 2022,19,927.36,922.37,940.26,721999.0,20
Wasl Gate,wasl-gate,2022-03,Mar 2022,7,936.77,918.37,952.01,733388.0,10
Wasl Gate,wasl-gate,2022-04,Apr 2022,7,927.36,911.75,948.53,749277.0,8
Wasl Gate,wasl-gate,2022-05,May 2022,0,,,,,0
Wasl Gate,wasl-gate,2022-06,Jun 2022,2,,,,,3
Wasl Gate,wasl-gate,2022-07,Jul 2022,1,,,,,2
Wasl Gate,wasl-gate,2022-08,Aug 2022,0,,,,2920777.0,5
Wasl Gate,wasl-gate,2022-09,Sep 2022,11,960.43,943.04,1035.19,738777.0,16
Wasl Gate,wasl-gate,2022-10,Oct 2022,25,1072.72,1012.72,1153.45,833777.0,25
Wasl Gate,wasl-gate,2022-11,Nov 2022,135,1132.33,1076.58,1170.97,869777.0,138
Wasl Gate,wasl-gate,2022-12,Dec 2022,21,1125.87,1055.1,1161.57,877861.0,24
Wasl Gate,wasl-gate,2023-01,Jan 2023,59,1104.42,1065.22,1156.92,852777.0,73
Wasl Gate,wasl-gate,2023-02,Feb 2023,14,1116.29,1064.44,1155.56,2797777.0,30
Wasl Gate,wasl-gate,2023-03,Mar 2023,44,1106.88,1065.97,1147.54,880777.0,69
Wasl Gate,wasl-gate,2023-04,Apr 2023,14,1064.3,1043.9,1101.84,812777.0,15
Wasl Gate,wasl-gate,2023-05,May 2023,8,1137.17,1091.45,1148.75,2835277.0,18
Wasl Gate,wasl-gate,2023-06,Jun 2023,7,1042.66,983.09,1079.05,2882941.0,22
Wasl Gate,wasl-gate,2023-07,Jul 2023,9,1132.28,1127.24,1166.77,859777.0,10
Wasl Gate,wasl-gate,2023-08,Aug 2023,18,1121.34,1099.03,1154.74,907777.0,33
Wasl Gate,wasl-gate,2023-09,Sep 2023,7,1129.81,1082.72,1180.49,875777.0,7
Wasl Gate,wasl-gate,2023-10,Oct 2023,26,1162.61,1130.67,1213.14,880777.0,29
Wasl Gate,wasl-gate,2023-11,Nov 2023,12,1170.18,1074.34,1225.55,1211888.5,22
Wasl Gate,wasl-gate,2023-12,Dec 2023,10,1262.29,1164.8,1392.1,1010388.5,16
Wasl Gate,wasl-gate,2024-01,Jan 2024,1,,,,3600000.0,7
Wasl Gate,wasl-gate,2024-02,Feb 2024,5,1254.95,1226.18,1321.64,939388.5,8
Wasl Gate,wasl-gate,2024-03,Mar 2024,52,1137.12,1111.93,1204.11,1429000.0,57
Wasl Gate,wasl-gate,2024-04,Apr 2024,50,1168.4,1148.23,1213.0,1456000.0,53
Wasl Gate,wasl-gate,2024-05,May 2024,96,1172.18,1127.22,1232.33,1451000.0,103
Wasl Gate,wasl-gate,2024-06,Jun 2024,87,1202.46,1157.06,1233.73,1457500.0,90
Wasl Gate,wasl-gate,2024-07,Jul 2024,59,1191.03,1158.01,1318.74,1460000.0,62
Wasl Gate,wasl-gate,2024-08,Aug 2024,114,1247.15,1166.76,1306.29,1561500.0,116
Wasl Gate,wasl-gate,2024-09,Sep 2024,143,1212.54,1154.57,1276.84,1520000.0,147
Wasl Gate,wasl-gate,2024-10,Oct 2024,61,1298.32,1239.45,1382.71,1625000.0,62
Wasl Gate,wasl-gate,2024-11,Nov 2024,144,1452.64,1279.62,1529.86,1114000.0,147
Wasl Gate,wasl-gate,2024-12,Dec 2024,64,1523.27,1440.9,1619.83,1046780.0,68
Wasl Gate,wasl-gate,2025-01,Jan 2025,118,1290.06,1225.92,1370.37,1347000.0,125
Wasl Gate,wasl-gate,2025-02,Feb 2025,164,1289.72,1218.31,1362.21,1348000.0,164
Wasl Gate,wasl-gate,2025-03,Mar 2025,64,1310.27,1228.5,1391.24,1384500.0,68
Wasl Gate,wasl-gate,2025-04,Apr 2025,226,1328.55,1265.59,1388.99,1483000.0,227
Wasl Gate,wasl-gate,2025-05,May 2025,108,1297.86,1209.42,1383.25,1352000.0,111
Wasl Gate,wasl-gate,2025-06,Jun 2025,74,1441.61,1336.16,1567.93,945450.0,77
Wasl Gate,wasl-gate,2025-07,Jul 2025,26,1404.94,1304.63,1460.64,1152000.0,31
Wasl Gate,wasl-gate,2025-08,Aug 2025,186,1298.8,1237.06,1401.91,1230250.0,191
Wasl Gate,wasl-gate,2025-09,Sep 2025,80,1362.33,1280.54,1454.2,1193800.0,83
Wasl Gate,wasl-gate,2025-10,Oct 2025,128,1461.91,1359.21,1576.52,1068000.0,131
Wasl Gate,wasl-gate,2025-11,Nov 2025,119,1409.41,1312.89,1550.0,1086571.0,121
Wasl Gate,wasl-gate,2025-12,Dec 2025,155,1479.57,1375.97,1579.97,1027708.5,156
Wasl Gate,wasl-gate,2026-01,Jan 2026,131,1479.55,1404.42,1594.43,1059472.0,131
Wasl Gate,wasl-gate,2026-02,Feb 2026,228,1476.63,1389.01,1587.5,1148630.0,230
Wasl Gate,wasl-gate,2026-03,Mar 2026,127,1471.81,1352.77,1586.99,1399000.0,129
Wasl Gate,wasl-gate,2026-04,Apr 2026,285,1465.61,1376.43,1563.68,1479947.5,288
Wasl Gate,wasl-gate,2026-05,May 2026,115,1475.99,1393.11,1660.82,1294650.0,114
Wasl Gate,wasl-gate,2026-06,Jun 2026,268,1668.28,1562.29,1761.58,1563500.0,268
Wasl Gate,wasl-gate,2026-07,Jul 2026,189,1673.56,1557.62,1765.63,1616000.0,191
Wasl Gate,wasl-gate,2026-08,Aug 2026,160,1690.79,1569.97,1759.75,1658000.0,163
Meydan Racecourse Community,meydan-racecourse-community,2021-09,Sep 2021,7,1010.38,876.76,1161.95,1550000.0,7
Meydan Racecourse Community,meydan-racecourse-community,2021-10,Oct 2021,5,954.12,889.83,1040.2,800000.0,5
Meydan Racecourse Community,meydan-racecourse-community,2021-11,Nov 2021,13,854.03,775.24,951.99,1000000.0,13
Meydan Racecourse Community,meydan-racecourse-community,2021-12,Dec 2021,6,1096.63,943.43,1299.03,1582117.0,8
Meydan Racecourse Community,meydan-racecourse-community,2022-01,Jan 2022,6,1125.13,1057.0,1196.03,1550000.0,7
Meydan Racecourse Community,meydan-racecourse-community,2022-02,Feb 2022,8,1207.5,1104.15,1285.46,1862000.0,9
Meydan Racecourse Community,meydan-racecourse-community,2022-03,Mar 2022,15,1053.07,986.52,1149.6,1525000.0,16
Meydan Racecourse Community,meydan-racecourse-community,2022-04,Apr 2022,27,781.9,696.29,1200.57,946558.0,32
Meydan Racecourse Community,meydan-racecourse-community,2022-05,May 2022,8,1020.15,947.83,1071.81,1585000.0,9
Meydan Racecourse Community,meydan-racecourse-community,2022-06,Jun 2022,47,1039.92,1030.03,1057.53,828120.0,49
Meydan Racecourse Community,meydan-racecourse-community,2022-07,Jul 2022,7,1005.44,944.69,1029.91,1292500.0,10
Meydan Racecourse Community,meydan-racecourse-community,2022-08,Aug 2022,14,1054.37,932.14,1287.83,1446500.0,14
Meydan Racecourse Community,meydan-racecourse-community,2022-09,Sep 2022,7,977.79,928.88,1046.21,1330000.0,7
Meydan Racecourse Community,meydan-racecourse-community,2022-10,Oct 2022,12,1048.37,984.82,1218.73,1220000.0,12
Meydan Racecourse Community,meydan-racecourse-community,2022-11,Nov 2022,12,1051.0,960.93,1122.7,1586000.0,14
Meydan Racecourse Community,meydan-racecourse-community,2022-12,Dec 2022,10,1027.74,999.21,1099.78,1220000.0,11
Meydan Racecourse Community,meydan-racecourse-community,2023-01,Jan 2023,15,1289.13,1168.81,1370.58,1138413.5,16
Meydan Racecourse Community,meydan-racecourse-community,2023-02,Feb 2023,8,1078.86,1067.65,1224.28,1225000.0,8
Meydan Racecourse Community,meydan-racecourse-community,2023-03,Mar 2023,29,1088.65,1042.61,1153.79,1463490.0,30
Meydan Racecourse Community,meydan-racecourse-community,2023-04,Apr 2023,23,1133.76,1060.42,1306.15,1120000.0,23
Meydan Racecourse Community,meydan-racecourse-community,2023-05,May 2023,22,1215.58,1069.05,1360.88,1396380.0,23
Meydan Racecourse Community,meydan-racecourse-community,2023-06,Jun 2023,14,1205.52,1131.48,1348.07,1351240.0,15
Meydan Racecourse Community,meydan-racecourse-community,2023-07,Jul 2023,18,1213.53,1119.46,1338.94,1121500.0,18
Meydan Racecourse Community,meydan-racecourse-community,2023-08,Aug 2023,39,1169.03,1098.26,1344.42,1128840.0,40
Meydan Racecourse Community,meydan-racecourse-community,2023-09,Sep 2023,33,1368.91,1192.48,1452.0,1300000.0,35
Meydan Racecourse Community,meydan-racecourse-community,2023-10,Oct 2023,25,1394.23,1286.03,1493.46,1750000.0,43
Meydan Racecourse Community,meydan-racecourse-community,2023-11,Nov 2023,27,1380.19,1321.29,1445.24,1323720.0,36
Meydan Racecourse Community,meydan-racecourse-community,2023-12,Dec 2023,28,1410.23,1300.94,1539.34,2245000.0,48
Meydan Racecourse Community,meydan-racecourse-community,2024-01,Jan 2024,25,1346.01,1271.91,1428.26,1598300.0,34
Meydan Racecourse Community,meydan-racecourse-community,2024-02,Feb 2024,31,1350.01,1289.22,1391.85,1220490.0,43
Meydan Racecourse Community,meydan-racecourse-community,2024-03,Mar 2024,194,1380.02,1324.84,1458.6,1120000.0,197
Meydan Racecourse Community,meydan-racecourse-community,2024-04,Apr 2024,47,1383.75,1297.55,1446.43,959890.0,48
Meydan Racecourse Community,meydan-racecourse-community,2024-05,May 2024,25,1401.5,1284.37,1602.55,1944320.0,29
Meydan Racecourse Community,meydan-racecourse-community,2024-06,Jun 2024,23,1339.53,1222.57,1443.64,2000000.0,27
Meydan Racecourse Community,meydan-racecourse-community,2024-07,Jul 2024,22,1452.98,1390.52,1684.31,1250000.0,30
Meydan Racecourse Community,meydan-racecourse-community,2024-08,Aug 2024,43,1730.18,1529.4,1787.39,2188554.0,46
Meydan Racecourse Community,meydan-racecourse-community,2024-09,Sep 2024,25,1353.53,1306.94,1434.09,1950000.0,27
Meydan Racecourse Community,meydan-racecourse-community,2024-10,Oct 2024,31,1382.47,1322.8,1523.17,1100270.0,32
Meydan Racecourse Community,meydan-racecourse-community,2024-11,Nov 2024,54,1706.22,1423.38,1768.48,2037421.0,56
Meydan Racecourse Community,meydan-racecourse-community,2024-12,Dec 2024,26,1435.12,1321.39,1499.53,1208500.0,26
Meydan Racecourse Community,meydan-racecourse-community,2025-01,Jan 2025,19,1715.57,1415.83,1741.49,2018395.5,22
Meydan Racecourse Community,meydan-racecourse-community,2025-02,Feb 2025,24,1471.12,1401.91,1615.74,1200000.0,24
Meydan Racecourse Community,meydan-racecourse-community,2025-03,Mar 2025,49,1371.3,1302.55,1528.53,1080000.0,41
Meydan Racecourse Community,meydan-racecourse-community,2025-04,Apr 2025,15,1629.65,1455.9,2528.36,2500000.0,19
Meydan Racecourse Community,meydan-racecourse-community,2025-05,May 2025,29,1640.1,1421.15,2252.92,2180000.0,31
Meydan Racecourse Community,meydan-racecourse-community,2025-06,Jun 2025,39,1614.47,1452.97,2071.61,1690870.0,43
Meydan Racecourse Community,meydan-racecourse-community,2025-07,Jul 2025,46,2499.87,1508.02,2545.65,2486123.5,54
Meydan Racecourse Community,meydan-racecourse-community,2025-08,Aug 2025,35,2499.99,1659.33,2500.0,2450000.0,35
Meydan Racecourse Community,meydan-racecourse-community,2025-09,Sep 2025,35,2500.0,1713.04,2500.0,2401190.5,36
Meydan Racecourse Community,meydan-racecourse-community,2025-10,Oct 2025,50,2499.99,1819.86,2500.0,3184499.0,52
Meydan Racecourse Community,meydan-racecourse-community,2025-11,Nov 2025,38,2139.54,1550.92,2507.41,2245639.0,43
Meydan Racecourse Community,meydan-racecourse-community,2025-12,Dec 2025,58,2035.2,1756.38,2346.43,2221749.0,60
Meydan Racecourse Community,meydan-racecourse-community,2026-01,Jan 2026,84,2499.99,1963.59,3437.37,1806750.0,88
Meydan Racecourse Community,meydan-racecourse-community,2026-02,Feb 2026,641,3608.96,3449.69,3811.7,1397000.0,645
Meydan Racecourse Community,meydan-racecourse-community,2026-03,Mar 2026,329,3560.95,3391.45,3772.6,1416000.0,346
Meydan Racecourse Community,meydan-racecourse-community,2026-04,Apr 2026,270,3497.43,1900.48,3791.37,1430000.0,274
Meydan Racecourse Community,meydan-racecourse-community,2026-05,May 2026,20,2242.13,1746.37,3306.77,1600000.0,21
Meydan Racecourse Community,meydan-racecourse-community,2026-06,Jun 2026,152,3544.87,3325.15,3729.31,1402000.0,161
Meydan Racecourse Community,meydan-racecourse-community,2026-07,Jul 2026,152,3432.57,3193.29,3675.12,1352000.0,159
Meydan Racecourse Community,meydan-racecourse-community,2026-08,Aug 2026,97,3415.55,3194.23,3665.3,1363200.0,103
DAMAC HILLS,damac-hills,2021-09,Sep 2021,96,1070.58,988.1,1228.69,1813980.0,209
DAMAC HILLS,damac-hills,2021-10,Oct 2021,79,1194.05,1033.93,1243.54,1881000.0,221
DAMAC HILLS,damac-hills,2021-11,Nov 2021,73,1069.27,961.44,1245.04,1988000.0,162
DAMAC HILLS,damac-hills,2021-12,Dec 2021,47,1024.88,888.39,1172.25,1478000.0,85
DAMAC HILLS,damac-hills,2022-01,Jan 2022,34,1189.46,907.43,1225.89,1551500.0,60
DAMAC HILLS,damac-hills,2022-02,Feb 2022,42,1033.03,833.67,1200.79,1126128.5,76
DAMAC HILLS,damac-hills,2022-03,Mar 2022,65,1022.56,861.98,1213.49,1112250.0,98
DAMAC HILLS,damac-hills,2022-04,Apr 2022,53,948.21,833.38,1080.69,1553300.0,91
DAMAC HILLS,damac-hills,2022-05,May 2022,52,1024.46,898.19,1213.18,1236500.0,80
DAMAC HILLS,damac-hills,2022-06,Jun 2022,55,1024.76,886.79,1267.45,1247880.0,82
DAMAC HILLS,damac-hills,2022-07,Jul 2022,85,1061.2,840.12,1237.67,1110000.0,127
DAMAC HILLS,damac-hills,2022-08,Aug 2022,148,1139.67,989.43,1252.57,1005000.0,199
DAMAC HILLS,damac-hills,2022-09,Sep 2022,77,1096.71,924.59,1236.71,1067000.0,110
DAMAC HILLS,damac-hills,2022-10,Oct 2022,33,943.78,827.28,1148.24,957000.0,53
DAMAC HILLS,damac-hills,2022-11,Nov 2022,127,1141.96,999.3,1269.49,1289500.0,206
DAMAC HILLS,damac-hills,2022-12,Dec 2022,152,1063.62,883.07,1265.62,826400.0,192
DAMAC HILLS,damac-hills,2023-01,Jan 2023,254,1152.33,1038.18,1247.67,884000.0,289
DAMAC HILLS,damac-hills,2023-02,Feb 2023,113,1213.39,1050.75,1327.41,1041000.0,166
DAMAC HILLS,damac-hills,2023-03,Mar 2023,101,1156.03,1021.58,1312.35,1343749.5,166
DAMAC HILLS,damac-hills,2023-04,Apr 2023,49,1126.19,973.77,1331.9,1950000.0,104
DAMAC HILLS,damac-hills,2023-05,May 2023,115,925.22,882.8,1132.51,1339000.0,201
DAMAC HILLS,damac-hills,2023-06,Jun 2023,100,934.47,882.88,1174.44,862500.0,166
DAMAC HILLS,damac-hills,2023-07,Jul 2023,80,1091.91,964.48,1270.66,1389000.0,154
DAMAC HILLS,damac-hills,2023-08,Aug 2023,89,1241.3,1073.1,1345.63,1006000.0,142
DAMAC HILLS,damac-hills,2023-09,Sep 2023,177,1226.22,979.08,1340.37,894740.0,229
DAMAC HILLS,damac-hills,2023-10,Oct 2023,84,1236.12,1061.9,1406.65,956000.0,139
DAMAC HILLS,damac-hills,2023-11,Nov 2023,162,1457.84,1252.18,1555.86,1082000.0,207
DAMAC HILLS,damac-hills,2023-12,Dec 2023,241,1530.25,1420.09,1593.46,1136500.0,278
DAMAC HILLS,damac-hills,2024-01,Jan 2024,158,1521.3,1395.42,1626.06,1157000.0,204
DAMAC HILLS,damac-hills,2024-02,Feb 2024,189,1535.44,1255.76,1655.86,1111620.0,225
DAMAC HILLS,damac-hills,2024-03,Mar 2024,228,1526.14,1325.34,1756.44,1189000.0,260
DAMAC HILLS,damac-hills,2024-04,Apr 2024,93,1510.18,1295.5,1795.81,1294080.0,125
DAMAC HILLS,damac-hills,2024-05,May 2024,123,1414.77,1200.55,1675.71,1335000.0,171
DAMAC HILLS,damac-hills,2024-06,Jun 2024,67,1250.04,1150.67,1452.3,1529000.0,105
DAMAC HILLS,damac-hills,2024-07,Jul 2024,73,1213.89,1089.1,1399.83,1756800.0,121
DAMAC HILLS,damac-hills,2024-08,Aug 2024,66,1285.87,1169.52,1406.14,1250000.0,105
DAMAC HILLS,damac-hills,2024-09,Sep 2024,83,1349.98,1198.81,1533.37,1890000.0,150
DAMAC HILLS,damac-hills,2024-10,Oct 2024,96,1341.45,1213.44,1509.85,1387000.0,153
DAMAC HILLS,damac-hills,2024-11,Nov 2024,71,1299.99,1173.5,1479.55,2200000.0,135
DAMAC HILLS,damac-hills,2024-12,Dec 2024,64,1250.5,1160.32,1325.05,1037439.0,112
DAMAC HILLS,damac-hills,2025-01,Jan 2025,71,1360.27,1212.91,1480.33,1463000.0,113
DAMAC HILLS,damac-hills,2025-02,Feb 2025,67,1378.72,1213.87,1547.72,2012500.0,116
DAMAC HILLS,damac-hills,2025-03,Mar 2025,75,1302.72,1197.21,1427.78,1090740.0,111
DAMAC HILLS,damac-hills,2025-04,Apr 2025,115,1160.47,1033.32,1356.61,1050000.0,160
DAMAC HILLS,damac-hills,2025-05,May 2025,148,1134.8,1000.94,1389.08,990000.0,187
DAMAC HILLS,damac-hills,2025-06,Jun 2025,105,1500.74,1300.01,1619.97,1630500.0,148
DAMAC HILLS,damac-hills,2025-07,Jul 2025,81,1407.62,1282.1,1583.48,1628000.0,123
DAMAC HILLS,damac-hills,2025-08,Aug 2025,57,1310.23,1180.39,1427.75,1871540.0,91
DAMAC HILLS,damac-hills,2025-09,Sep 2025,130,1535.14,1385.56,1685.34,1287000.0,158
DAMAC HILLS,damac-hills,2025-10,Oct 2025,199,1700.78,1469.82,1862.73,1329500.0,258
DAMAC HILLS,damac-hills,2025-11,Nov 2025,254,1755.63,1476.38,1847.85,1352000.0,326
DAMAC HILLS,damac-hills,2025-12,Dec 2025,132,1627.13,1407.78,1823.31,1380215.0,178
DAMAC HILLS,damac-hills,2026-01,Jan 2026,88,1509.13,1346.96,1776.88,1390000.0,124
DAMAC HILLS,damac-hills,2026-02,Feb 2026,95,1560.38,1399.37,1770.35,1885000.0,161
DAMAC HILLS,damac-hills,2026-03,Mar 2026,72,1513.4,1312.06,1749.9,1737000.0,110
DAMAC HILLS,damac-hills,2026-04,Apr 2026,89,1670.44,1423.61,1786.05,1476500.0,122
DAMAC HILLS,damac-hills,2026-05,May 2026,41,1445.12,1260.27,1774.73,1624000.0,69
DAMAC HILLS,damac-hills,2026-06,Jun 2026,66,1495.47,1305.8,1688.39,1525000.0,91
DAMAC HILLS,damac-hills,2026-07,Jul 2026,174,1819.76,1570.66,1877.81,1176000.0,199
DAMAC HILLS,damac-hills,2026-08,Aug 2026,135,1784.56,1553.49,1837.16,1213080.0,146
DMCC-EZ2,dmcc-ez2,2022-01,Jan 2022,12,1018.75,618.26,1020.73,,1
DMCC-EZ2,dmcc-ez2,2022-02,Feb 2022,0,,,,,1
DMCC-EZ2,dmcc-ez2,2022-03,Mar 2022,4,,,,,0
DMCC-EZ2,dmcc-ez2,2022-04,Apr 2022,1,,,,,0
DMCC-EZ2,dmcc-ez2,2022-05,May 2022,1,,,,,0
DMCC-EZ2,dmcc-ez2,2022-06,Jun 2022,0,,,,,0
DMCC-EZ2,dmcc-ez2,2022-07,Jul 2022,0,,,,,0
DMCC-EZ2,dmcc-ez2,2022-08,Aug 2022,0,,,,,1
DMCC-EZ2,dmcc-ez2,2022-09,Sep 2022,0,,,,,0
DMCC-EZ2,dmcc-ez2,2022-10,Oct 2022,0,,,,,0
DMCC-EZ2,dmcc-ez2,2022-11,Nov 2022,0,,,,,0
DMCC-EZ2,dmcc-ez2,2022-12,Dec 2022,0,,,,,0
DMCC-EZ2,dmcc-ez2,2023-01,Jan 2023,0,,,,,0
DMCC-EZ2,dmcc-ez2,2023-02,Feb 2023,0,,,,,1
DMCC-EZ2,dmcc-ez2,2023-03,Mar 2023,0,,,,,0
DMCC-EZ2,dmcc-ez2,2023-04,Apr 2023,0,,,,,0
DMCC-EZ2,dmcc-ez2,2023-05,May 2023,8,858.91,795.35,1346.81,,0
DMCC-EZ2,dmcc-ez2,2023-06,Jun 2023,0,,,,,0
DMCC-EZ2,dmcc-ez2,2023-07,Jul 2023,0,,,,,2
DMCC-EZ2,dmcc-ez2,2023-08,Aug 2023,0,,,,,2
DMCC-EZ2,dmcc-ez2,2023-09,Sep 2023,0,,,,,2
DMCC-EZ2,dmcc-ez2,2023-10,Oct 2023,0,,,,,0
DMCC-EZ2,dmcc-ez2,2023-11,Nov 2023,0,,,,,0
DMCC-EZ2,dmcc-ez2,2023-12,Dec 2023,0,,,,,1
DMCC-EZ2,dmcc-ez2,2024-01,Jan 2024,0,,,,,0
DMCC-EZ2,dmcc-ez2,2024-02,Feb 2024,0,,,,,0
DMCC-EZ2,dmcc-ez2,2024-03,Mar 2024,0,,,,,1
DMCC-EZ2,dmcc-ez2,2024-04,Apr 2024,0,,,,,1
DMCC-EZ2,dmcc-ez2,2024-05,May 2024,0,,,,,0
DMCC-EZ2,dmcc-ez2,2024-06,Jun 2024,8,1229.96,1229.96,1229.96,,4
DMCC-EZ2,dmcc-ez2,2024-07,Jul 2024,0,,,,,2
DMCC-EZ2,dmcc-ez2,2024-08,Aug 2024,0,,,,,2
DMCC-EZ2,dmcc-ez2,2024-09,Sep 2024,0,,,,,0
DMCC-EZ2,dmcc-ez2,2024-10,Oct 2024,0,,,,,2
DMCC-EZ2,dmcc-ez2,2024-11,Nov 2024,0,,,,,3
DMCC-EZ2,dmcc-ez2,2024-12,Dec 2024,13,1024.97,1024.97,1024.97,,2
DMCC-EZ2,dmcc-ez2,2025-01,Jan 2025,0,,,,,0
DMCC-EZ2,dmcc-ez2,2025-02,Feb 2025,0,,,,,0
DMCC-EZ2,dmcc-ez2,2025-03,Mar 2025,0,,,,,0
DMCC-EZ2,dmcc-ez2,2025-04,Apr 2025,0,,,,,1
DMCC-EZ2,dmcc-ez2,2025-05,May 2025,0,,,,,0
DMCC-EZ2,dmcc-ez2,2025-06,Jun 2025,0,,,,,2
DMCC-EZ2,dmcc-ez2,2025-07,Jul 2025,0,,,,,2
DMCC-EZ2,dmcc-ez2,2025-08,Aug 2025,417,2844.99,2770.01,2920.0,1951921.0,417
DMCC-EZ2,dmcc-ez2,2025-09,Sep 2025,171,2855.0,2770.01,2922.51,1943630.5,172
DMCC-EZ2,dmcc-ez2,2025-10,Oct 2025,309,2925.01,2840.01,2990.01,2049193.0,309
DMCC-EZ2,dmcc-ez2,2025-11,Nov 2025,399,2955.02,2890.03,3009.98,2228178.0,399
DMCC-EZ2,dmcc-ez2,2025-12,Dec 2025,211,2959.99,2894.99,3004.99,2500895.0,216
DMCC-EZ2,dmcc-ez2,2026-01,Jan 2026,90,2924.99,2864.97,2979.96,2481706.0,90
DMCC-EZ2,dmcc-ez2,2026-02,Feb 2026,58,2905.0,2825.01,2948.76,2500586.0,58
DMCC-EZ2,dmcc-ez2,2026-03,Mar 2026,146,3245.01,3015.01,3276.07,2097625.0,146
DMCC-EZ2,dmcc-ez2,2026-04,Apr 2026,258,3200.01,3110.03,3263.75,2113010.5,278
DMCC-EZ2,dmcc-ez2,2026-05,May 2026,101,3214.99,3099.99,3260.01,2109412.0,115
DMCC-EZ2,dmcc-ez2,2026-06,Jun 2026,54,3137.52,2992.51,3240.01,2131989.0,57
DMCC-EZ2,dmcc-ez2,2026-07,Jul 2026,45,3199.99,2910.0,3229.99,2228178.0,47
DMCC-EZ2,dmcc-ez2,2026-08,Aug 2026,40,3200.0,2855.02,3239.99,2347103.5,40
International City Phase 1,international-city-phase-1,2021-09,Sep 2021,99,432.11,412.9,491.66,290000.0,112
International City Phase 1,international-city-phase-1,2021-10,Oct 2021,116,453.95,411.04,721.74,325000.0,148
International City Phase 1,international-city-phase-1,2021-11,Nov 2021,102,439.68,408.45,475.27,300000.0,125
International City Phase 1,international-city-phase-1,2021-12,Dec 2021,104,432.06,405.82,474.92,295000.0,124
International City Phase 1,international-city-phase-1,2022-01,Jan 2022,77,443.87,412.9,494.59,310000.0,83
International City Phase 1,international-city-phase-1,2022-02,Feb 2022,105,446.75,415.98,469.73,295000.0,134
International City Phase 1,international-city-phase-1,2022-03,Mar 2022,179,437.33,412.9,480.73,295000.0,199
International City Phase 1,international-city-phase-1,2022-04,Apr 2022,107,438.13,396.75,496.97,315000.0,134
International City Phase 1,international-city-phase-1,2022-05,May 2022,102,430.29,396.25,464.25,292500.0,116
International City Phase 1,international-city-phase-1,2022-06,Jun 2022,137,425.24,403.93,463.5,305000.0,165
International City Phase 1,international-city-phase-1,2022-07,Jul 2022,142,453.84,436.78,457.14,314914.0,189
International City Phase 1,international-city-phase-1,2022-08,Aug 2022,158,431.05,410.54,454.19,308000.0,201
International City Phase 1,international-city-phase-1,2022-09,Sep 2022,164,454.19,422.99,539.07,315000.0,191
International City Phase 1,international-city-phase-1,2022-10,Oct 2022,128,475.08,423.97,659.72,324000.0,153
International City Phase 1,international-city-phase-1,2022-11,Nov 2022,225,461.39,443.4,481.03,391000.0,252
International City Phase 1,international-city-phase-1,2022-12,Dec 2022,144,432.83,412.81,502.88,290000.0,168
International City Phase 1,international-city-phase-1,2023-01,Jan 2023,109,461.27,433.55,507.83,340000.0,145
International City Phase 1,international-city-phase-1,2023-02,Feb 2023,159,464.52,434.95,518.74,335000.0,161
International City Phase 1,international-city-phase-1,2023-03,Mar 2023,172,464.52,424.12,509.33,320000.0,187
International City Phase 1,international-city-phase-1,2023-04,Apr 2023,101,476.9,424.7,531.73,335000.0,124
International City Phase 1,international-city-phase-1,2023-05,May 2023,167,471.45,432.6,528.59,325000.0,180
International City Phase 1,international-city-phase-1,2023-06,Jun 2023,160,490.56,444.85,544.87,320000.0,171
International City Phase 1,international-city-phase-1,2023-07,Jul 2023,135,498.87,461.08,556.46,350000.0,169
International City Phase 1,international-city-phase-1,2023-08,Aug 2023,167,505.81,457.73,561.38,329646.5,168
International City Phase 1,international-city-phase-1,2023-09,Sep 2023,205,506.74,464.52,559.08,347000.0,233
International City Phase 1,international-city-phase-1,2023-10,Oct 2023,146,516.13,483.08,575.04,365000.0,181
International City Phase 1,international-city-phase-1,2023-11,Nov 2023,136,516.13,464.52,568.73,360000.0,181
International City Phase 1,international-city-phase-1,2023-12,Dec 2023,182,505.81,452.24,560.97,350000.0,213
International City Phase 1,international-city-phase-1,2024-01,Jan 2024,238,497.8,464.41,539.29,350000.0,252
International City Phase 1,international-city-phase-1,2024-02,Feb 2024,153,527.86,483.64,578.99,360000.0,166
International City Phase 1,international-city-phase-1,2024-03,Mar 2024,180,536.77,480.91,598.36,383000.0,193
International City Phase 1,international-city-phase-1,2024-04,Apr 2024,159,547.71,485.01,586.69,400000.0,172
International City Phase 1,international-city-phase-1,2024-05,May 2024,152,557.89,512.1,621.71,400000.0,179
International City Phase 1,international-city-phase-1,2024-06,Jun 2024,131,570.09,502.34,627.05,385000.0,142
International City Phase 1,international-city-phase-1,2024-07,Jul 2024,114,574.15,527.4,629.44,390000.0,139
International City Phase 1,international-city-phase-1,2024-08,Aug 2024,152,560.55,505.96,619.35,370000.0,169
International City Phase 1,international-city-phase-1,2024-09,Sep 2024,152,560.15,513.86,627.57,400000.0,172
International City Phase 1,international-city-phase-1,2024-10,Oct 2024,170,579.35,516.13,659.2,382000.0,201
International City Phase 1,international-city-phase-1,2024-11,Nov 2024,138,584.98,531.84,668.83,390000.0,156
International City Phase 1,international-city-phase-1,2024-12,Dec 2024,103,619.35,545.68,688.79,419790.0,136
International City Phase 1,international-city-phase-1,2025-01,Jan 2025,125,612.32,558.76,655.71,400000.0,135
International City Phase 1,international-city-phase-1,2025-02,Feb 2025,204,634.09,570.49,695.76,400000.0,229
International City Phase 1,international-city-phase-1,2025-03,Mar 2025,155,623.48,558.56,694.59,435000.0,196
International City Phase 1,international-city-phase-1,2025-04,Apr 2025,134,619.35,555.1,680.05,415500.0,156
International City Phase 1,international-city-phase-1,2025-05,May 2025,153,626.31,575.44,681.29,426251.0,198
International City Phase 1,international-city-phase-1,2025-06,Jun 2025,127,619.35,560.15,666.67,412000.0,137
International City Phase 1,international-city-phase-1,2025-07,Jul 2025,146,639.48,568.91,720.0,435000.0,177
International City Phase 1,international-city-phase-1,2025-08,Aug 2025,125,648.16,580.64,718.45,427500.0,158
International City Phase 1,international-city-phase-1,2025-09,Sep 2025,155,637.73,556.71,702.52,440000.0,194
International City Phase 1,international-city-phase-1,2025-10,Oct 2025,138,634.95,579.07,701.3,430000.0,167
International City Phase 1,international-city-phase-1,2025-11,Nov 2025,162,617.15,517.43,710.86,430000.0,196
International City Phase 1,international-city-phase-1,2025-12,Dec 2025,117,668.91,619.35,732.9,475000.0,150
International City Phase 1,international-city-phase-1,2026-01,Jan 2026,135,670.97,613.82,769.58,477500.0,178
International City Phase 1,international-city-phase-1,2026-02,Feb 2026,141,723.78,642.12,977.16,530000.0,192
International City Phase 1,international-city-phase-1,2026-03,Mar 2026,144,830.44,649.13,1117.45,596226.0,159
International City Phase 1,international-city-phase-1,2026-04,Apr 2026,145,888.85,635.43,1144.07,552256.0,174
International City Phase 1,international-city-phase-1,2026-05,May 2026,108,718.41,625.56,1085.39,507500.0,118
International City Phase 1,international-city-phase-1,2026-06,Jun 2026,82,629.68,567.93,720.28,425000.0,92
International City Phase 1,international-city-phase-1,2026-07,Jul 2026,90,648.16,591.14,926.04,460000.0,114
International City Phase 1,international-city-phase-1,2026-08,Aug 2026,104,670.97,585.55,750.56,445000.0,122
Dubai Investment Park First,dubai-investment-park-first,2021-09,Sep 2021,48,634.85,539.67,694.83,2556237.5,52
Dubai Investment Park First,dubai-investment-park-first,2021-10,Oct 2021,10,532.49,379.77,605.5,2693999.0,17
Dubai Investment Park First,dubai-investment-park-first,2021-11,Nov 2021,14,558.67,362.53,687.75,2850000.0,22
Dubai Investment Park First,dubai-investment-park-first,2021-12,Dec 2021,10,575.53,571.57,692.66,932675.0,12
Dubai Investment Park First,dubai-investment-park-first,2022-01,Jan 2022,7,679.93,541.87,731.72,2350000.0,7
Dubai Investment Park First,dubai-investment-park-first,2022-02,Feb 2022,27,842.32,527.47,894.67,1308447.0,40
Dubai Investment Park First,dubai-investment-park-first,2022-03,Mar 2022,46,600.0,600.0,641.72,890220.0,57
Dubai Investment Park First,dubai-investment-park-first,2022-04,Apr 2022,42,611.52,599.47,959.59,1162308.0,43
Dubai Investment Park First,dubai-investment-park-first,2022-05,May 2022,18,600.0,482.31,600.0,980000.0,21
Dubai Investment Park First,dubai-investment-park-first,2022-06,Jun 2022,24,600.0,530.88,657.06,1287699.5,28
Dubai Investment Park First,dubai-investment-park-first,2022-07,Jul 2022,27,600.0,497.4,791.24,3137500.0,26
Dubai Investment Park First,dubai-investment-park-first,2022-08,Aug 2022,40,753.13,600.0,1220.76,1065000.0,41
Dubai Investment Park First,dubai-investment-park-first,2022-09,Sep 2022,60,1139.28,851.52,1284.87,1149000.0,60
Dubai Investment Park First,dubai-investment-park-first,2022-10,Oct 2022,44,1310.67,813.01,1545.44,1233050.0,47
Dubai Investment Park First,dubai-investment-park-first,2022-11,Nov 2022,52,1355.8,706.68,1533.92,1326500.0,55
Dubai Investment Park First,dubai-investment-park-first,2022-12,Dec 2022,36,1390.53,685.0,1572.79,1327200.0,39
Dubai Investment Park First,dubai-investment-park-first,2023-01,Jan 2023,40,1152.88,600.0,1534.44,1303560.0,40
Dubai Investment Park First,dubai-investment-park-first,2023-02,Feb 2023,19,600.0,474.17,646.56,1450000.0,22
Dubai Investment Park First,dubai-investment-park-first,2023-03,Mar 2023,27,1132.49,775.24,1569.22,1354004.0,31
Dubai Investment Park First,dubai-investment-park-first,2023-04,Apr 2023,20,796.11,651.58,1208.2,1700000.0,27
Dubai Investment Park First,dubai-investment-park-first,2023-05,May 2023,17,646.37,598.36,922.8,1327900.0,25
Dubai Investment Park First,dubai-investment-park-first,2023-06,Jun 2023,23,839.76,616.76,1475.06,1516000.0,31
Dubai Investment Park First,dubai-investment-park-first,2023-07,Jul 2023,26,767.04,570.39,981.19,1950000.0,36
Dubai Investment Park First,dubai-investment-park-first,2023-08,Aug 2023,26,646.46,478.6,797.77,1500000.0,33
Dubai Investment Park First,dubai-investment-park-first,2023-09,Sep 2023,37,922.17,726.67,1498.62,1323500.0,48
Dubai Investment Park First,dubai-investment-park-first,2023-10,Oct 2023,30,905.69,829.55,1122.68,587886.0,48
Dubai Investment Park First,dubai-investment-park-first,2023-11,Nov 2023,22,837.64,783.81,1329.3,1288000.0,25
Dubai Investment Park First,dubai-investment-park-first,2023-12,Dec 2023,35,1008.45,774.72,1035.0,823245.0,45
Dubai Investment Park First,dubai-investment-park-first,2024-01,Jan 2024,78,1035.0,1010.0,1070.0,825000.0,97
Dubai Investment Park First,dubai-investment-park-first,2024-02,Feb 2024,94,1010.0,884.44,1049.96,938827.0,104
Dubai Investment Park First,dubai-investment-park-first,2024-03,Mar 2024,78,1010.0,884.95,1089.74,1147125.0,73
Dubai Investment Park First,dubai-investment-park-first,2024-04,Apr 2024,56,1020.47,855.3,1088.37,1143129.0,47
Dubai Investment Park First,dubai-investment-park-first,2024-05,May 2024,79,1010.0,854.33,1052.13,1159450.0,75
Dubai Investment Park First,dubai-investment-park-first,2024-06,Jun 2024,49,1010.0,856.77,1116.35,1133770.0,56
Dubai Investment Park First,dubai-investment-park-first,2024-07,Jul 2024,31,1077.53,868.85,1307.92,1235853.5,48
Dubai Investment Park First,dubai-investment-park-first,2024-08,Aug 2024,41,984.59,793.65,1063.41,1300000.0,47
Dubai Investment Park First,dubai-investment-park-first,2024-09,Sep 2024,31,933.77,834.67,1072.86,1900000.0,43
Dubai Investment Park First,dubai-investment-park-first,2024-10,Oct 2024,36,928.33,841.05,1035.03,1337379.0,45
Dubai Investment Park First,dubai-investment-park-first,2024-11,Nov 2024,30,970.6,771.64,1011.96,1319138.0,34
Dubai Investment Park First,dubai-investment-park-first,2024-12,Dec 2024,26,1057.76,924.63,1214.95,900000.0,27
Dubai Investment Park First,dubai-investment-park-first,2025-01,Jan 2025,26,1022.5,928.05,1123.17,1489000.0,32
Dubai Investment Park First,dubai-investment-park-first,2025-02,Feb 2025,18,914.08,647.89,1142.28,1294000.0,37
Dubai Investment Park First,dubai-investment-park-first,2025-03,Mar 2025,17,1013.16,725.18,1239.19,2662150.0,30
Dubai Investment Park First,dubai-investment-park-first,2025-04,Apr 2025,22,1030.42,852.04,1262.75,1126398.0,32
Dubai Investment Park First,dubai-investment-park-first,2025-05,May 2025,28,979.13,793.45,1136.51,1507800.0,41
Dubai Investment Park First,dubai-investment-park-first,2025-06,Jun 2025,22,927.21,881.26,1170.33,1350000.0,39
Dubai Investment Park First,dubai-investment-park-first,2025-07,Jul 2025,23,1007.3,877.95,1326.84,1425000.0,38
Dubai Investment Park First,dubai-investment-park-first,2025-08,Aug 2025,39,1018.47,852.29,1345.38,1229792.0,47
Dubai Investment Park First,dubai-investment-park-first,2025-09,Sep 2025,15,1047.52,797.68,1231.45,1938750.0,28
Dubai Investment Park First,dubai-investment-park-first,2025-10,Oct 2025,21,980.9,858.03,1289.54,1400000.0,33
Dubai Investment Park First,dubai-investment-park-first,2025-11,Nov 2025,25,1047.52,960.61,1243.96,1000000.0,42
Dubai Investment Park First,dubai-investment-park-first,2025-12,Dec 2025,27,1231.4,973.32,1452.21,1309905.5,46
Dubai Investment Park First,dubai-investment-park-first,2026-01,Jan 2026,16,1126.48,976.41,1287.99,2818181.0,43
Dubai Investment Park First,dubai-investment-park-first,2026-02,Feb 2026,18,1025.0,818.79,1105.54,1248710.5,28
Dubai Investment Park First,dubai-investment-park-first,2026-03,Mar 2026,59,1069.86,928.38,1272.22,1252556.0,75
Dubai Investment Park First,dubai-investment-park-first,2026-04,Apr 2026,258,1240.77,1098.79,1259.1,1317000.0,261
Dubai Investment Park First,dubai-investment-park-first,2026-05,May 2026,386,1227.8,1128.08,1261.51,903446.0,398
Dubai Investment Park First,dubai-investment-park-first,2026-06,Jun 2026,206,1134.0,940.65,1331.5,1142643.5,230
Dubai Investment Park First,dubai-investment-park-first,2026-07,Jul 2026,221,1161.23,920.75,1255.6,1156000.0,225
Dubai Investment Park First,dubai-investment-park-first,2026-08,Aug 2026,134,1222.89,1002.56,1404.55,1300000.0,145
Dubai Studio City,dubai-studio-city,2021-09,Sep 2021,16,1177.64,1110.66,1203.47,417154.0,16
Dubai Studio City,dubai-studio-city,2021-10,Oct 2021,10,616.0,581.96,742.67,535745.0,11
Dubai Studio City,dubai-studio-city,2021-11,Nov 2021,28,1127.61,650.48,1196.22,435684.0,32
Dubai Studio City,dubai-studio-city,2021-12,Dec 2021,12,1180.59,1112.14,1192.4,470000.0,17
Dubai Studio City,dubai-studio-city,2022-01,Jan 2022,8,1199.44,1169.39,1204.23,418727.5,8
Dubai Studio City,dubai-studio-city,2022-02,Feb 2022,2,,,,,3
Dubai Studio City,dubai-studio-city,2022-03,Mar 2022,2,,,,,2
Dubai Studio City,dubai-studio-city,2022-04,Apr 2022,5,1150.48,810.64,1176.11,416087.0,5
Dubai Studio City,dubai-studio-city,2022-05,May 2022,6,724.19,667.28,1063.69,507183.5,6
Dubai Studio City,dubai-studio-city,2022-06,Jun 2022,4,,,,,4
Dubai Studio City,dubai-studio-city,2022-07,Jul 2022,4,,,,,4
Dubai Studio City,dubai-studio-city,2022-08,Aug 2022,7,636.62,626.51,656.38,740000.0,7
Dubai Studio City,dubai-studio-city,2022-09,Sep 2022,5,750.15,682.57,750.15,585000.0,5
Dubai Studio City,dubai-studio-city,2022-10,Oct 2022,4,,,,586250.0,6
Dubai Studio City,dubai-studio-city,2022-11,Nov 2022,14,968.4,674.79,1174.51,495000.0,14
Dubai Studio City,dubai-studio-city,2022-12,Dec 2022,62,1200.92,1063.01,1341.39,722000.0,63
Dubai Studio City,dubai-studio-city,2023-01,Jan 2023,43,1213.87,1090.13,1322.51,529570.0,42
Dubai Studio City,dubai-studio-city,2023-02,Feb 2023,58,1082.3,1018.78,1134.99,590000.0,51
Dubai Studio City,dubai-studio-city,2023-03,Mar 2023,62,1231.54,1051.01,1318.47,596027.0,61
Dubai Studio City,dubai-studio-city,2023-04,Apr 2023,89,1303.49,1138.47,1553.28,725781.0,88
Dubai Studio City,dubai-studio-city,2023-05,May 2023,75,1283.03,1141.22,1603.4,705515.0,75
Dubai Studio City,dubai-studio-city,2023-06,Jun 2023,41,1265.75,1159.48,1604.16,713644.0,41
Dubai Studio City,dubai-studio-city,2023-07,Jul 2023,85,1221.2,1043.63,1343.86,663500.0,84
Dubai Studio City,dubai-studio-city,2023-08,Aug 2023,22,1143.47,739.89,1625.9,744638.0,22
Dubai Studio City,dubai-studio-city,2023-09,Sep 2023,36,1234.73,1060.72,1417.85,649071.0,36
Dubai Studio City,dubai-studio-city,2023-10,Oct 2023,72,1248.8,1088.33,1386.59,647256.0,76
Dubai Studio City,dubai-studio-city,2023-11,Nov 2023,80,1232.02,1087.17,1342.48,620000.0,80
Dubai Studio City,dubai-studio-city,2023-12,Dec 2023,30,1382.92,1173.68,1424.45,686200.0,32
Dubai Studio City,dubai-studio-city,2024-01,Jan 2024,44,1241.63,1140.36,1367.61,762500.0,42
Dubai Studio City,dubai-studio-city,2024-02,Feb 2024,42,1284.07,929.98,1419.15,728957.0,38
Dubai Studio City,dubai-studio-city,2024-03,Mar 2024,59,1373.92,1178.83,1621.09,640000.0,59
Dubai Studio City,dubai-studio-city,2024-04,Apr 2024,25,1169.64,888.87,1350.5,750000.0,23
Dubai Studio City,dubai-studio-city,2024-05,May 2024,55,1299.94,989.0,1427.15,650000.0,54
Dubai Studio City,dubai-studio-city,2024-06,Jun 2024,40,1356.14,1237.53,1407.38,770000.0,41
Dubai Studio City,dubai-studio-city,2024-07,Jul 2024,43,1375.1,1169.27,1445.51,640000.0,41
Dubai Studio City,dubai-studio-city,2024-08,Aug 2024,208,1387.86,1300.8,1430.91,560000.0,193
Dubai Studio City,dubai-studio-city,2024-09,Sep 2024,119,1412.38,1266.88,1471.08,656600.0,113
Dubai Studio City,dubai-studio-city,2024-10,Oct 2024,120,1369.93,1221.38,1466.86,788955.0,117
Dubai Studio City,dubai-studio-city,2024-11,Nov 2024,64,1428.31,1249.9,1535.09,835000.0,63
Dubai Studio City,dubai-studio-city,2024-12,Dec 2024,110,1419.49,1350.74,1523.26,641000.0,100
Dubai Studio City,dubai-studio-city,2025-01,Jan 2025,53,1447.09,1262.5,1621.69,705000.0,49
Dubai Studio City,dubai-studio-city,2025-02,Feb 2025,62,1390.79,1162.87,1628.84,788299.0,73
Dubai Studio City,dubai-studio-city,2025-03,Mar 2025,43,1445.16,1161.95,1593.01,1051650.0,69
Dubai Studio City,dubai-studio-city,2025-04,Apr 2025,162,1453.02,1371.74,1555.46,1051650.0,258
Dubai Studio City,dubai-studio-city,2025-05,May 2025,118,1414.52,1254.73,1547.6,1043662.0,176
Dubai Studio City,dubai-studio-city,2025-06,Jun 2025,111,1432.68,1271.14,1580.92,1016000.0,153
Dubai Studio City,dubai-studio-city,2025-07,Jul 2025,129,1448.27,1277.74,1579.93,929450.0,162
Dubai Studio City,dubai-studio-city,2025-08,Aug 2025,70,1415.92,1253.92,1494.97,903500.0,94
Dubai Studio City,dubai-studio-city,2025-09,Sep 2025,125,1440.61,1367.62,1565.95,1005480.0,147
Dubai Studio City,dubai-studio-city,2025-10,Oct 2025,190,1380.69,1282.3,1466.6,800187.0,169
Dubai Studio City,dubai-studio-city,2025-11,Nov 2025,211,1397.96,1309.47,1449.09,682678.0,223
Dubai Studio City,dubai-studio-city,2025-12,Dec 2025,128,1448.55,1356.92,1557.78,889380.0,144
Dubai Studio City,dubai-studio-city,2026-01,Jan 2026,135,1506.07,1355.76,1597.87,903588.0,161
Dubai Studio City,dubai-studio-city,2026-02,Feb 2026,177,1529.89,1390.59,1639.84,769900.0,186
Dubai Studio City,dubai-studio-city,2026-03,Mar 2026,85,1465.85,1332.19,1625.0,790000.0,109
Dubai Studio City,dubai-studio-city,2026-04,Apr 2026,61,1512.52,1380.21,1646.78,855355.0,88
Dubai Studio City,dubai-studio-city,2026-05,May 2026,75,1499.29,1388.55,1611.77,594000.0,83
Dubai Studio City,dubai-studio-city,2026-06,Jun 2026,133,1518.5,1437.76,1626.38,566440.0,151
Dubai Studio City,dubai-studio-city,2026-07,Jul 2026,154,1503.07,1418.81,1586.4,566000.0,179
Dubai Studio City,dubai-studio-city,2026-08,Aug 2026,68,1566.64,1453.7,1644.05,570000.0,90
Jumeirah Garden City,jumeirah-garden-city,2024-02,Feb 2024,64,2372.7,1936.79,2654.25,1185000.0,69
Jumeirah Garden City,jumeirah-garden-city,2024-03,Mar 2024,21,2090.21,1958.25,2845.61,1420000.0,25
Jumeirah Garden City,jumeirah-garden-city,2024-04,Apr 2024,4,,,,21000000.0,13
Jumeirah Garden City,jumeirah-garden-city,2024-05,May 2024,0,,,,,1
Jumeirah Garden City,jumeirah-garden-city,2024-06,Jun 2024,2,,,,20949017.0,7
Jumeirah Garden City,jumeirah-garden-city,2024-07,Jul 2024,4,,,,11775000.0,8
Jumeirah Garden City,jumeirah-garden-city,2024-08,Aug 2024,4,,,,2229000.0,7
Jumeirah Garden City,jumeirah-garden-city,2024-09,Sep 2024,11,1889.53,1804.69,1963.83,1611000.0,15
Jumeirah Garden City,jumeirah-garden-city,2024-10,Oct 2024,16,1758.75,1732.51,1812.12,1582657.0,16
Jumeirah Garden City,jumeirah-garden-city,2024-11,Nov 2024,92,1796.5,1732.51,1948.55,1185669.0,94
Jumeirah Garden City,jumeirah-garden-city,2024-12,Dec 2024,57,1883.43,1750.0,1998.18,1098554.0,58
Jumeirah Garden City,jumeirah-garden-city,2025-01,Jan 2025,69,1885.01,1792.99,1975.0,1251054.0,73
Jumeirah Garden City,jumeirah-garden-city,2025-02,Feb 2025,47,1963.51,1792.24,2308.44,1249082.0,51
Jumeirah Garden City,jumeirah-garden-city,2025-03,Mar 2025,66,1892.35,1784.47,2167.05,1250000.0,68
Jumeirah Garden City,jumeirah-garden-city,2025-04,Apr 2025,83,1999.87,1783.58,2175.63,1374625.0,85
Jumeirah Garden City,jumeirah-garden-city,2025-05,May 2025,96,2117.69,1878.01,2363.65,1137831.5,102
Jumeirah Garden City,jumeirah-garden-city,2025-06,Jun 2025,113,2002.56,1784.73,2303.45,1289979.0,122
Jumeirah Garden City,jumeirah-garden-city,2025-07,Jul 2025,122,2251.89,1959.97,2507.32,1387774.0,123
Jumeirah Garden City,jumeirah-garden-city,2025-08,Aug 2025,169,2268.78,1970.45,2405.25,1337500.0,172
Jumeirah Garden City,jumeirah-garden-city,2025-09,Sep 2025,103,2088.01,1842.56,2280.78,1548524.0,105
Jumeirah Garden City,jumeirah-garden-city,2025-10,Oct 2025,119,2338.23,2062.16,2481.27,1200348.0,120
Jumeirah Garden City,jumeirah-garden-city,2025-11,Nov 2025,154,2375.02,2240.31,2471.68,1193351.0,155
Jumeirah Garden City,jumeirah-garden-city,2025-12,Dec 2025,69,2286.86,1955.08,2464.09,1518300.0,69
Jumeirah Garden City,jumeirah-garden-city,2026-01,Jan 2026,118,2255.01,2036.79,2414.58,1425000.0,122
Jumeirah Garden City,jumeirah-garden-city,2026-02,Feb 2026,171,2177.2,2065.86,2412.92,1451250.0,173
Jumeirah Garden City,jumeirah-garden-city,2026-03,Mar 2026,172,2229.98,2144.31,2404.65,1461328.0,175
Jumeirah Garden City,jumeirah-garden-city,2026-04,Apr 2026,314,2233.47,2147.3,2510.59,1451250.0,315
Jumeirah Garden City,jumeirah-garden-city,2026-05,May 2026,143,2468.91,2301.92,2625.22,1538016.5,148
Jumeirah Garden City,jumeirah-garden-city,2026-06,Jun 2026,99,2381.17,2109.62,2621.08,1385288.0,99
Jumeirah Garden City,jumeirah-garden-city,2026-07,Jul 2026,70,2251.68,1900.68,2508.24,1257511.0,71
Jumeirah Garden City,jumeirah-garden-city,2026-08,Aug 2026,45,2129.98,1982.03,2419.64,1408288.0,48
International City Phase 3,international-city-phase-3,2021-09,Sep 2021,9,521.52,479.96,627.89,366500.0,10
International City Phase 3,international-city-phase-3,2021-10,Oct 2021,22,732.28,496.19,812.02,335000.0,24
International City Phase 3,international-city-phase-3,2021-11,Nov 2021,30,594.46,451.02,703.17,344445.0,30
International City Phase 3,international-city-phase-3,2021-12,Dec 2021,15,620.79,487.38,726.55,321300.0,21
International City Phase 3,international-city-phase-3,2022-01,Jan 2022,7,681.51,647.32,704.04,465000.0,7
International City Phase 3,international-city-phase-3,2022-02,Feb 2022,14,624.23,492.3,671.86,357009.0,16
International City Phase 3,international-city-phase-3,2022-03,Mar 2022,13,637.82,521.22,799.11,347900.0,15
International City Phase 3,international-city-phase-3,2022-04,Apr 2022,8,774.75,655.45,812.0,465892.0,10
International City Phase 3,international-city-phase-3,2022-05,May 2022,6,750.46,655.08,823.89,480000.0,9
International City Phase 3,international-city-phase-3,2022-06,Jun 2022,5,588.16,484.6,603.12,382400.0,7
International City Phase 3,international-city-phase-3,2022-07,Jul 2022,3,,,,575923.0,5
International City Phase 3,international-city-phase-3,2022-08,Aug 2022,13,478.39,450.0,509.99,384500.0,18
International City Phase 3,international-city-phase-3,2022-09,Sep 2022,14,521.35,496.6,587.08,400000.0,19
International City Phase 3,international-city-phase-3,2022-10,Oct 2022,7,530.08,504.67,548.67,3690870.0,17
International City Phase 3,international-city-phase-3,2022-11,Nov 2022,35,410.0,410.0,599.38,375000.0,37
International City Phase 3,international-city-phase-3,2022-12,Dec 2022,6,410.0,410.0,410.0,535740.5,10
International City Phase 3,international-city-phase-3,2023-01,Jan 2023,25,410.0,410.0,478.27,375000.0,25
International City Phase 3,international-city-phase-3,2023-02,Feb 2023,17,650.51,488.56,771.59,400000.0,17
International City Phase 3,international-city-phase-3,2023-03,Mar 2023,20,634.33,503.72,815.29,400000.0,25
International City Phase 3,international-city-phase-3,2023-04,Apr 2023,17,812.92,569.26,913.06,557125.0,18
International City Phase 3,international-city-phase-3,2023-05,May 2023,42,795.51,656.84,879.05,505500.0,50
International City Phase 3,international-city-phase-3,2023-06,Jun 2023,26,684.96,495.96,781.55,391050.5,30
International City Phase 3,international-city-phase-3,2023-07,Jul 2023,20,570.75,481.44,786.47,492458.0,25
International City Phase 3,international-city-phase-3,2023-08,Aug 2023,23,760.57,698.06,793.27,519221.0,25
International City Phase 3,international-city-phase-3,2023-09,Sep 2023,28,765.89,668.0,784.05,575922.0,37
International City Phase 3,international-city-phase-3,2023-10,Oct 2023,36,783.17,697.39,797.18,540761.0,41
International City Phase 3,international-city-phase-3,2023-11,Nov 2023,27,760.65,684.77,842.44,651392.5,36
International City Phase 3,international-city-phase-3,2023-12,Dec 2023,27,681.37,459.3,822.99,350000.0,25
International City Phase 3,international-city-phase-3,2024-01,Jan 2024,35,801.36,715.75,841.88,620000.0,47
International City Phase 3,international-city-phase-3,2024-02,Feb 2024,48,748.43,698.88,783.44,581000.0,64
International City Phase 3,international-city-phase-3,2024-03,Mar 2024,30,756.97,657.11,853.07,450000.0,31
International City Phase 3,international-city-phase-3,2024-04,Apr 2024,45,824.49,744.95,911.82,605306.0,50
International City Phase 3,international-city-phase-3,2024-05,May 2024,91,848.35,764.26,902.47,583750.0,100
International City Phase 3,international-city-phase-3,2024-06,Jun 2024,46,786.27,729.08,859.84,600675.0,52
International City Phase 3,international-city-phase-3,2024-07,Jul 2024,52,845.95,729.84,901.14,580000.0,57
International City Phase 3,international-city-phase-3,2024-08,Aug 2024,65,763.67,604.02,896.06,459537.0,76
International City Phase 3,international-city-phase-3,2024-09,Sep 2024,161,682.0,682.0,818.71,488615.0,164
International City Phase 3,international-city-phase-3,2024-10,Oct 2024,93,830.3,720.47,975.04,603000.0,98
International City Phase 3,international-city-phase-3,2024-11,Nov 2024,71,887.5,729.78,980.87,690000.0,81
International City Phase 3,international-city-phase-3,2024-12,Dec 2024,76,861.33,812.77,992.35,689700.0,91
International City Phase 3,international-city-phase-3,2025-01,Jan 2025,37,865.51,747.93,1241.76,682006.5,74
International City Phase 3,international-city-phase-3,2025-02,Feb 2025,103,1101.65,999.34,1323.81,645815.0,138
International City Phase 3,international-city-phase-3,2025-03,Mar 2025,88,1043.47,952.87,1287.22,695237.0,113
International City Phase 3,international-city-phase-3,2025-04,Apr 2025,102,1030.09,840.13,1321.17,727704.0,120
International City Phase 3,international-city-phase-3,2025-05,May 2025,93,1000.0,880.0,1187.09,750000.0,111
International City Phase 3,international-city-phase-3,2025-06,Jun 2025,196,702.28,626.02,1031.87,517163.5,208
International City Phase 3,international-city-phase-3,2025-07,Jul 2025,142,1048.2,945.88,1222.15,691110.5,162
International City Phase 3,international-city-phase-3,2025-08,Aug 2025,175,1057.02,952.16,1271.17,725464.0,174
International City Phase 3,international-city-phase-3,2025-09,Sep 2025,131,1087.64,1000.0,1293.1,784658.0,129
International City Phase 3,international-city-phase-3,2025-10,Oct 2025,147,1059.4,968.51,1143.08,790825.0,145
International City Phase 3,international-city-phase-3,2025-11,Nov 2025,132,1075.09,995.55,1200.0,827455.0,128
International City Phase 3,international-city-phase-3,2025-12,Dec 2025,92,1075.34,974.98,1258.54,686211.0,93
International City Phase 3,international-city-phase-3,2026-01,Jan 2026,85,1080.51,932.45,1293.17,754957.0,88
International City Phase 3,international-city-phase-3,2026-02,Feb 2026,90,1125.41,1008.89,1270.33,740000.0,95
International City Phase 3,international-city-phase-3,2026-03,Mar 2026,63,1201.49,1077.9,1309.51,682500.0,66
International City Phase 3,international-city-phase-3,2026-04,Apr 2026,127,1224.11,1057.1,1413.21,867294.0,123
International City Phase 3,international-city-phase-3,2026-05,May 2026,256,1014.58,876.16,1362.71,842656.0,182
International City Phase 3,international-city-phase-3,2026-06,Jun 2026,151,1158.62,1067.59,1400.83,881500.0,149
International City Phase 3,international-city-phase-3,2026-07,Jul 2026,130,1273.68,1106.42,1437.34,834000.0,131
International City Phase 3,international-city-phase-3,2026-08,Aug 2026,78,1221.54,1018.04,1322.42,800580.5,80
DAMAC HILLS 2,damac-hills-2,2021-09,Sep 2021,9,870.52,786.4,950.17,1078000.0,183
DAMAC HILLS 2,damac-hills-2,2021-10,Oct 2021,9,862.28,806.79,950.17,1217500.0,160
DAMAC HILLS 2,damac-hills-2,2021-11,Nov 2021,6,844.48,826.35,890.62,1150000.0,174
DAMAC HILLS 2,damac-hills-2,2021-12,Dec 2021,6,812.83,781.29,901.27,1059000.0,100
DAMAC HILLS 2,damac-hills-2,2022-01,Jan 2022,2,,,,1235000.0,70
DAMAC HILLS 2,damac-hills-2,2022-02,Feb 2022,4,,,,1120000.0,109
DAMAC HILLS 2,damac-hills-2,2022-03,Mar 2022,6,783.09,749.89,789.99,1111000.0,116
DAMAC HILLS 2,damac-hills-2,2022-04,Apr 2022,7,902.53,867.09,937.17,1130000.0,95
DAMAC HILLS 2,damac-hills-2,2022-05,May 2022,6,876.48,788.76,919.75,1034470.0,98
DAMAC HILLS 2,damac-hills-2,2022-06,Jun 2022,6,870.22,828.67,932.49,1150000.0,97
DAMAC HILLS 2,damac-hills-2,2022-07,Jul 2022,13,933.04,881.17,1005.65,1150000.0,133
DAMAC HILLS 2,damac-hills-2,2022-08,Aug 2022,24,963.96,887.4,1032.95,1247790.0,188
DAMAC HILLS 2,damac-hills-2,2022-09,Sep 2022,6,777.55,699.94,890.66,1200000.0,87
DAMAC HILLS 2,damac-hills-2,2022-10,Oct 2022,4,,,,1145000.0,64
DAMAC HILLS 2,damac-hills-2,2022-11,Nov 2022,17,970.13,803.38,1015.75,1150000.0,128
DAMAC HILLS 2,damac-hills-2,2022-12,Dec 2022,22,788.54,732.49,936.65,1104000.0,93
DAMAC HILLS 2,damac-hills-2,2023-01,Jan 2023,31,834.3,767.33,938.46,1000000.0,83
DAMAC HILLS 2,damac-hills-2,2023-02,Feb 2023,33,769.72,698.19,813.52,811000.0,69
DAMAC HILLS 2,damac-hills-2,2023-03,Mar 2023,33,789.99,732.2,848.67,1125000.0,118
DAMAC HILLS 2,damac-hills-2,2023-04,Apr 2023,45,835.72,785.7,850.93,1175000.0,149
DAMAC HILLS 2,damac-hills-2,2023-05,May 2023,50,840.75,810.61,853.63,1060000.0,156
DAMAC HILLS 2,damac-hills-2,2023-06,Jun 2023,27,837.82,779.47,859.61,1200000.0,121
DAMAC HILLS 2,damac-hills-2,2023-07,Jul 2023,31,807.11,749.66,849.2,1405500.0,304
DAMAC HILLS 2,damac-hills-2,2023-08,Aug 2023,18,811.46,769.15,909.78,1427860.0,229
DAMAC HILLS 2,damac-hills-2,2023-09,Sep 2023,17,850.08,835.64,886.12,1457000.0,271
DAMAC HILLS 2,damac-hills-2,2023-10,Oct 2023,23,861.32,814.66,918.82,1550000.0,231
DAMAC HILLS 2,damac-hills-2,2023-11,Nov 2023,5,872.85,854.5,948.23,1475000.0,164
DAMAC HILLS 2,damac-hills-2,2023-12,Dec 2023,15,834.81,821.95,868.18,1480000.0,128
DAMAC HILLS 2,damac-hills-2,2024-01,Jan 2024,12,903.68,842.88,935.0,1977500.0,274
DAMAC HILLS 2,damac-hills-2,2024-02,Feb 2024,16,880.07,794.04,996.44,2856150.0,304
DAMAC HILLS 2,damac-hills-2,2024-03,Mar 2024,8,906.79,881.11,936.99,2000001.0,277
DAMAC HILLS 2,damac-hills-2,2024-04,Apr 2024,5,936.91,894.06,962.91,1861000.0,154
DAMAC HILLS 2,damac-hills-2,2024-05,May 2024,14,949.05,884.23,1013.29,1862000.0,308
DAMAC HILLS 2,damac-hills-2,2024-06,Jun 2024,47,1055.09,959.17,1135.61,1893000.0,406
DAMAC HILLS 2,damac-hills-2,2024-07,Jul 2024,216,1171.41,1086.72,1250.05,1420500.0,528
DAMAC HILLS 2,damac-hills-2,2024-08,Aug 2024,150,1155.19,1068.31,1224.51,1250000.0,371
DAMAC HILLS 2,damac-hills-2,2024-09,Sep 2024,573,1211.62,1141.2,1283.06,1037000.0,1099
DAMAC HILLS 2,damac-hills-2,2024-10,Oct 2024,496,1228.7,1156.16,1309.87,946000.0,912
DAMAC HILLS 2,damac-hills-2,2024-11,Nov 2024,134,1210.05,1116.99,1298.46,1300000.0,344
DAMAC HILLS 2,damac-hills-2,2024-12,Dec 2024,65,1201.51,1119.03,1283.06,1900000.0,449
DAMAC HILLS 2,damac-hills-2,2025-01,Jan 2025,67,1212.17,1121.43,1293.29,2000000.0,676
DAMAC HILLS 2,damac-hills-2,2025-02,Feb 2025,56,1233.02,1157.65,1288.56,1974000.0,479
DAMAC HILLS 2,damac-hills-2,2025-03,Mar 2025,21,1094.36,939.7,1183.54,1575000.0,212
DAMAC HILLS 2,damac-hills-2,2025-04,Apr 2025,24,1117.44,1017.6,1271.13,1750000.0,215
DAMAC HILLS 2,damac-hills-2,2025-05,May 2025,22,1107.39,1012.54,1155.79,1918000.0,244
DAMAC HILLS 2,damac-hills-2,2025-06,Jun 2025,29,1079.39,981.05,1254.16,1956000.0,258
DAMAC HILLS 2,damac-hills-2,2025-07,Jul 2025,24,1082.88,967.67,1250.39,1900000.0,233
DAMAC HILLS 2,damac-hills-2,2025-08,Aug 2025,21,1108.47,1078.6,1238.45,1700000.0,184
DAMAC HILLS 2,damac-hills-2,2025-09,Sep 2025,19,1068.12,996.95,1195.31,1583310.0,182
DAMAC HILLS 2,damac-hills-2,2025-10,Oct 2025,22,1180.61,1042.99,1250.86,1400000.0,191
DAMAC HILLS 2,damac-hills-2,2025-11,Nov 2025,21,1090.52,1025.47,1186.8,1400000.0,199
DAMAC HILLS 2,damac-hills-2,2025-12,Dec 2025,12,1184.62,1108.57,1298.39,1500000.0,159
DAMAC HILLS 2,damac-hills-2,2026-01,Jan 2026,22,1218.91,1071.72,1287.12,1490000.0,149
DAMAC HILLS 2,damac-hills-2,2026-02,Feb 2026,22,1140.05,981.23,1279.8,1550000.0,143
DAMAC HILLS 2,damac-hills-2,2026-03,Mar 2026,10,1113.63,1027.97,1181.43,1650000.0,77
DAMAC HILLS 2,damac-hills-2,2026-04,Apr 2026,12,1223.48,1038.41,1278.76,1650000.0,110
DAMAC HILLS 2,damac-hills-2,2026-05,May 2026,10,862.65,782.32,1087.87,1750000.0,83
DAMAC HILLS 2,damac-hills-2,2026-06,Jun 2026,13,1282.9,1082.27,1342.49,1580000.0,79
DAMAC HILLS 2,damac-hills-2,2026-07,Jul 2026,11,1168.92,1057.53,1261.97,1620000.0,98
DAMAC HILLS 2,damac-hills-2,2026-08,Aug 2026,14,1154.68,1059.22,1235.88,1650000.0,87
Palm Jumeirah,palm-jumeirah,2021-09,Sep 2021,88,1984.37,1328.83,2579.65,2550000.0,141
Palm Jumeirah,palm-jumeirah,2021-10,Oct 2021,70,1285.97,1127.89,2299.51,2557720.0,90
Palm Jumeirah,palm-jumeirah,2021-11,Nov 2021,135,2298.55,1304.24,2974.45,3123600.0,166
Palm Jumeirah,palm-jumeirah,2021-12,Dec 2021,90,1876.23,1270.37,2616.72,2825000.0,120
Palm Jumeirah,palm-jumeirah,2022-01,Jan 2022,93,1931.42,1200.37,3280.47,3520000.0,115
Palm Jumeirah,palm-jumeirah,2022-02,Feb 2022,71,1696.78,1243.72,2591.11,2215000.0,98
Palm Jumeirah,palm-jumeirah,2022-03,Mar 2022,210,2094.88,1578.87,2728.97,3050000.0,233
Palm Jumeirah,palm-jumeirah,2022-04,Apr 2022,140,1946.28,1296.51,2694.49,2710000.0,170
Palm Jumeirah,palm-jumeirah,2022-05,May 2022,140,2183.9,1410.64,2894.33,3078000.0,173
Palm Jumeirah,palm-jumeirah,2022-06,Jun 2022,161,1725.15,1272.2,2410.8,2487500.0,202
Palm Jumeirah,palm-jumeirah,2022-07,Jul 2022,94,1724.83,1288.38,2382.15,2200000.0,161
Palm Jumeirah,palm-jumeirah,2022-08,Aug 2022,152,2085.73,1350.37,3001.4,2794900.0,181
Palm Jumeirah,palm-jumeirah,2022-09,Sep 2022,126,2467.39,1756.57,2957.93,3362500.0,164
Palm Jumeirah,palm-jumeirah,2022-10,Oct 2022,458,2976.24,2584.38,3323.14,5225400.0,467
Palm Jumeirah,palm-jumeirah,2022-11,Nov 2022,646,3180.03,2844.61,3494.65,4408800.0,676
Palm Jumeirah,palm-jumeirah,2022-12,Dec 2022,272,3181.29,1832.61,3563.83,3825000.0,301
Palm Jumeirah,palm-jumeirah,2023-01,Jan 2023,250,3059.25,1790.7,3560.68,3734400.0,270
Palm Jumeirah,palm-jumeirah,2023-02,Feb 2023,153,2550.84,1666.17,3301.81,3200000.0,183
Palm Jumeirah,palm-jumeirah,2023-03,Mar 2023,176,2063.65,1449.84,2876.81,3075000.0,213
Palm Jumeirah,palm-jumeirah,2023-04,Apr 2023,147,2549.78,1591.61,3637.01,3850000.0,173
Palm Jumeirah,palm-jumeirah,2023-05,May 2023,196,2530.35,1684.57,3719.73,3950000.0,234
Palm Jumeirah,palm-jumeirah,2023-06,Jun 2023,142,2384.19,1607.99,3198.72,3590000.0,174
Palm Jumeirah,palm-jumeirah,2023-07,Jul 2023,113,2371.84,1676.6,3864.73,3195000.0,127
Palm Jumeirah,palm-jumeirah,2023-08,Aug 2023,105,2463.06,1692.11,3555.29,3425000.0,136
Palm Jumeirah,palm-jumeirah,2023-09,Sep 2023,116,2702.23,1702.87,4362.54,4500000.0,139
Palm Jumeirah,palm-jumeirah,2023-10,Oct 2023,105,2204.5,1785.21,3622.91,3200000.0,121
Palm Jumeirah,palm-jumeirah,2023-11,Nov 2023,115,2183.34,1696.57,3107.26,3150000.0,143
Palm Jumeirah,palm-jumeirah,2023-12,Dec 2023,116,2571.68,1879.38,3883.17,3200000.0,127
Palm Jumeirah,palm-jumeirah,2024-01,Jan 2024,79,2141.17,1712.98,2956.53,3150000.0,103
Palm Jumeirah,palm-jumeirah,2024-02,Feb 2024,74,2052.02,1752.77,2536.41,2837500.0,116
Palm Jumeirah,palm-jumeirah,2024-03,Mar 2024,78,2161.62,1760.79,2677.32,3550000.0,103
Palm Jumeirah,palm-jumeirah,2024-04,Apr 2024,111,2279.23,1846.62,3136.07,3800000.0,124
Palm Jumeirah,palm-jumeirah,2024-05,May 2024,143,2466.06,1879.33,3145.44,3250000.0,164
Palm Jumeirah,palm-jumeirah,2024-06,Jun 2024,109,2111.74,1845.51,2947.87,3700000.0,135
Palm Jumeirah,palm-jumeirah,2024-07,Jul 2024,115,2125.57,1734.3,2947.42,4500000.0,179
Palm Jumeirah,palm-jumeirah,2024-08,Aug 2024,85,2513.53,1890.37,3247.63,3800000.0,101
Palm Jumeirah,palm-jumeirah,2024-09,Sep 2024,96,2210.03,1830.72,2846.75,3650000.0,111
Palm Jumeirah,palm-jumeirah,2024-10,Oct 2024,132,2468.14,2001.24,3412.89,3498405.0,140
Palm Jumeirah,palm-jumeirah,2024-11,Nov 2024,92,2446.94,2065.0,2948.61,3800000.0,105
Palm Jumeirah,palm-jumeirah,2024-12,Dec 2024,124,2941.71,2162.56,3114.65,3639400.0,142
Palm Jumeirah,palm-jumeirah,2025-01,Jan 2025,86,2548.31,2058.18,3350.16,4325000.0,100
Palm Jumeirah,palm-jumeirah,2025-02,Feb 2025,86,2529.3,2109.53,3126.04,3850000.0,99
Palm Jumeirah,palm-jumeirah,2025-03,Mar 2025,103,2406.36,2078.69,3171.75,4000000.0,111
Palm Jumeirah,palm-jumeirah,2025-04,Apr 2025,117,2618.75,2101.73,3559.35,4175000.0,132
Palm Jumeirah,palm-jumeirah,2025-05,May 2025,95,2554.29,2066.76,3532.87,4100000.0,110
Palm Jumeirah,palm-jumeirah,2025-06,Jun 2025,101,2494.89,2154.3,3509.9,4200000.0,139
Palm Jumeirah,palm-jumeirah,2025-07,Jul 2025,87,3276.16,2283.86,3943.45,5300000.0,93
Palm Jumeirah,palm-jumeirah,2025-08,Aug 2025,53,2599.9,2234.69,3137.59,3970000.0,80
Palm Jumeirah,palm-jumeirah,2025-09,Sep 2025,74,2564.74,2166.18,3279.98,4300000.0,131
Palm Jumeirah,palm-jumeirah,2025-10,Oct 2025,91,2516.36,2189.0,3079.03,4491000.0,145
Palm Jumeirah,palm-jumeirah,2025-11,Nov 2025,89,2717.44,2234.21,3832.2,5750000.0,118
Palm Jumeirah,palm-jumeirah,2025-12,Dec 2025,99,2818.66,2235.12,3638.86,4438800.0,117
Palm Jumeirah,palm-jumeirah,2026-01,Jan 2026,62,2631.48,2180.58,3286.0,4400000.0,89
Palm Jumeirah,palm-jumeirah,2026-02,Feb 2026,87,3009.32,2491.56,3654.62,5100000.0,116
Palm Jumeirah,palm-jumeirah,2026-03,Mar 2026,45,2432.51,2098.09,3080.14,4906858.5,80
Palm Jumeirah,palm-jumeirah,2026-04,Apr 2026,40,2338.99,2114.83,2902.03,4440000.0,59
Palm Jumeirah,palm-jumeirah,2026-05,May 2026,35,2482.49,1998.15,3408.18,4713005.0,47
Palm Jumeirah,palm-jumeirah,2026-06,Jun 2026,57,2241.1,1992.71,3120.73,3950000.0,69
Palm Jumeirah,palm-jumeirah,2026-07,Jul 2026,49,2478.28,1983.37,3203.25,4550000.0,67
Palm Jumeirah,palm-jumeirah,2026-08,Aug 2026,38,2253.4,1796.22,2810.0,4225000.0,54
Jumeirah Islands,jumeirah-islands,2021-09,Sep 2021,168,1022.74,994.58,1071.28,754989.5,180
Jumeirah Islands,jumeirah-islands,2021-10,Oct 2021,47,983.52,934.3,1023.16,741015.0,53
Jumeirah Islands,jumeirah-islands,2021-11,Nov 2021,59,1002.69,962.87,1021.87,741015.0,79
Jumeirah Islands,jumeirah-islands,2021-12,Dec 2021,65,992.23,968.98,1010.3,769451.0,72
Jumeirah Islands,jumeirah-islands,2022-01,Jan 2022,15,984.11,794.79,1050.58,753637.0,19
Jumeirah Islands,jumeirah-islands,2022-02,Feb 2022,25,996.73,956.57,1031.69,1473565.0,40
Jumeirah Islands,jumeirah-islands,2022-03,Mar 2022,16,1015.66,837.83,1024.53,1556537.0,33
Jumeirah Islands,jumeirah-islands,2022-04,Apr 2022,26,988.05,815.08,1034.28,1567577.0,47
Jumeirah Islands,jumeirah-islands,2022-05,May 2022,18,1033.21,1018.55,1066.89,637500.0,30
Jumeirah Islands,jumeirah-islands,2022-06,Jun 2022,21,1008.97,844.57,1025.62,757766.0,53
Jumeirah Islands,jumeirah-islands,2022-07,Jul 2022,13,848.92,700.0,1040.11,900000.0,33
Jumeirah Islands,jumeirah-islands,2022-08,Aug 2022,19,984.84,919.4,1017.62,880000.0,44
Jumeirah Islands,jumeirah-islands,2022-09,Sep 2022,13,927.84,768.91,1035.2,887500.0,22
Jumeirah Islands,jumeirah-islands,2022-10,Oct 2022,21,952.48,831.07,1056.75,709948.5,28
Jumeirah Islands,jumeirah-islands,2022-11,Nov 2022,64,1048.9,888.65,1165.97,711057.0,106
Jumeirah Islands,jumeirah-islands,2022-12,Dec 2022,72,1068.41,967.07,1189.5,700000.0,104
Jumeirah Islands,jumeirah-islands,2023-01,Jan 2023,149,1123.06,1016.1,1255.86,602497.0,165
Jumeirah Islands,jumeirah-islands,2023-02,Feb 2023,32,1121.79,991.07,1222.24,619432.0,48
Jumeirah Islands,jumeirah-islands,2023-03,Mar 2023,145,1083.63,800.17,1273.92,654530.0,168
Jumeirah Islands,jumeirah-islands,2023-04,Apr 2023,81,1083.35,998.83,1221.73,704617.0,102
Jumeirah Islands,jumeirah-islands,2023-05,May 2023,106,1189.27,1022.93,1348.51,810000.0,121
Jumeirah Islands,jumeirah-islands,2023-06,Jun 2023,67,1166.49,985.66,1317.49,710000.0,82
Jumeirah Islands,jumeirah-islands,2023-07,Jul 2023,43,1285.7,956.64,1426.48,688115.0,55
Jumeirah Islands,jumeirah-islands,2023-08,Aug 2023,37,1237.04,1150.0,1357.76,833610.0,59
Jumeirah Islands,jumeirah-islands,2023-09,Sep 2023,35,1250.36,992.07,1335.08,625950.0,58
Jumeirah Islands,jumeirah-islands,2023-10,Oct 2023,42,1263.2,1167.06,1403.08,680000.0,69
Jumeirah Islands,jumeirah-islands,2023-11,Nov 2023,56,1170.16,1010.06,1326.75,745000.0,68
Jumeirah Islands,jumeirah-islands,2023-12,Dec 2023,27,1251.87,1080.2,1402.84,610000.0,36
Jumeirah Islands,jumeirah-islands,2024-01,Jan 2024,32,1308.77,1111.26,1393.36,759500.0,46
Jumeirah Islands,jumeirah-islands,2024-02,Feb 2024,44,1294.17,1139.42,1497.66,720000.0,63
Jumeirah Islands,jumeirah-islands,2024-03,Mar 2024,121,300.0,300.0,1290.68,550000.0,165
Jumeirah Islands,jumeirah-islands,2024-04,Apr 2024,134,300.0,300.0,1261.65,431449.0,147
Jumeirah Islands,jumeirah-islands,2024-05,May 2024,73,1456.5,1289.6,1607.59,733200.0,97
Jumeirah Islands,jumeirah-islands,2024-06,Jun 2024,63,1348.17,1150.0,1488.08,880000.0,81
Jumeirah Islands,jumeirah-islands,2024-07,Jul 2024,43,1353.09,1190.99,1516.6,786884.0,119
Jumeirah Islands,jumeirah-islands,2024-08,Aug 2024,51,1450.82,1297.38,1550.23,1150000.0,56
Jumeirah Islands,jumeirah-islands,2024-09,Sep 2024,86,1869.42,1500.08,2244.35,1064500.0,104
Jumeirah Islands,jumeirah-islands,2024-10,Oct 2024,100,1844.74,1497.12,2184.77,1150000.0,120
Jumeirah Islands,jumeirah-islands,2024-11,Nov 2024,103,1893.64,1478.3,2086.9,1596000.0,132
Jumeirah Islands,jumeirah-islands,2024-12,Dec 2024,61,1666.89,1480.57,2102.16,1740000.0,74
Jumeirah Islands,jumeirah-islands,2025-01,Jan 2025,60,1655.46,1478.52,2089.02,1587000.0,74
Jumeirah Islands,jumeirah-islands,2025-02,Feb 2025,45,1590.81,1348.86,2064.41,1598000.0,57
Jumeirah Islands,jumeirah-islands,2025-03,Mar 2025,52,1626.22,1430.05,2094.03,1520000.0,63
Jumeirah Islands,jumeirah-islands,2025-04,Apr 2025,223,2476.22,2276.04,2696.07,2381000.0,240
Jumeirah Islands,jumeirah-islands,2025-05,May 2025,125,2352.56,2112.04,2559.59,2683000.0,134
Jumeirah Islands,jumeirah-islands,2025-06,Jun 2025,58,2153.82,1495.41,2438.16,1820000.0,83
Jumeirah Islands,jumeirah-islands,2025-07,Jul 2025,74,2269.24,1909.42,2618.88,2412000.0,104
Jumeirah Islands,jumeirah-islands,2025-08,Aug 2025,126,2251.02,2124.15,2372.19,1846720.0,152
Jumeirah Islands,jumeirah-islands,2025-09,Sep 2025,50,2129.76,1563.44,2396.91,1696578.0,75
Jumeirah Islands,jumeirah-islands,2025-10,Oct 2025,129,2422.83,2170.27,2546.01,2063828.0,153
Jumeirah Islands,jumeirah-islands,2025-11,Nov 2025,168,2494.65,2376.54,2625.98,2164328.0,178
Jumeirah Islands,jumeirah-islands,2025-12,Dec 2025,111,2417.07,1495.09,2563.25,2151134.0,126
Jumeirah Islands,jumeirah-islands,2026-01,Jan 2026,52,2498.31,2386.73,2565.55,2247828.0,70
Jumeirah Islands,jumeirah-islands,2026-02,Feb 2026,21,2499.66,2380.6,2629.99,2308914.0,32
Jumeirah Islands,jumeirah-islands,2026-03,Mar 2026,13,2433.7,2396.46,2557.85,3270328.0,20
Jumeirah Islands,jumeirah-islands,2026-04,Apr 2026,20,2497.77,2302.32,2648.5,2690828.0,28
Jumeirah Islands,jumeirah-islands,2026-05,May 2026,70,2668.49,2578.39,2784.6,3287828.0,72
Jumeirah Islands,jumeirah-islands,2026-06,Jun 2026,280,2641.88,2518.75,2733.3,2279828.0,285
Jumeirah Islands,jumeirah-islands,2026-07,Jul 2026,282,2302.43,2212.28,2413.57,2056828.0,282
Jumeirah Islands,jumeirah-islands,2026-08,Aug 2026,69,2389.38,2346.85,2583.2,2287828.0,71
Meydan One Community,meydan-one-community,2021-09,Sep 2021,19,1453.66,1271.25,1565.79,689730.0,25
Meydan One Community,meydan-one-community,2021-10,Oct 2021,8,1299.76,1164.69,1486.33,583880.0,9
Meydan One Community,meydan-one-community,2021-11,Nov 2021,15,1388.04,1254.56,1533.87,514032.5,16
Meydan One Community,meydan-one-community,2021-12,Dec 2021,14,1422.25,1391.86,1504.2,660213.5,18
Meydan One Community,meydan-one-community,2022-01,Jan 2022,76,1489.06,1351.58,1562.3,619360.0,77
Meydan One Community,meydan-one-community,2022-02,Feb 2022,323,1423.29,1304.08,1502.08,560653.5,326
Meydan One Community,meydan-one-community,2022-03,Mar 2022,31,1465.68,1280.15,1705.29,666400.0,31
Meydan One Community,meydan-one-community,2022-04,Apr 2022,13,1523.39,1329.85,1655.19,568738.0,13
Meydan One Community,meydan-one-community,2022-05,May 2022,33,1504.55,1324.59,1632.04,655550.0,32
Meydan One Community,meydan-one-community,2022-06,Jun 2022,20,1564.48,1348.12,1748.52,596625.0,22
Meydan One Community,meydan-one-community,2022-07,Jul 2022,43,1456.14,1238.0,1551.24,731321.0,44
Meydan One Community,meydan-one-community,2022-08,Aug 2022,284,1463.68,1317.89,1554.51,606105.0,320
Meydan One Community,meydan-one-community,2022-09,Sep 2022,67,1467.04,1316.58,1525.24,621961.0,70
Meydan One Community,meydan-one-community,2022-10,Oct 2022,61,1495.22,1348.72,1592.83,609240.5,64
Meydan One Community,meydan-one-community,2022-11,Nov 2022,188,1596.21,1499.84,1715.68,891765.0,195
Meydan One Community,meydan-one-community,2022-12,Dec 2022,401,1725.17,1494.84,1967.99,799370.0,419
Meydan One Community,meydan-one-community,2023-01,Jan 2023,73,1471.57,1374.4,1528.23,593698.5,78
Meydan One Community,meydan-one-community,2023-02,Feb 2023,94,1527.35,1358.72,1726.35,744740.0,110
Meydan One Community,meydan-one-community,2023-03,Mar 2023,92,1521.43,1391.48,1733.74,684025.0,104
Meydan One Community,meydan-one-community,2023-04,Apr 2023,106,1460.76,1340.62,1674.76,701215.0,116
Meydan One Community,meydan-one-community,2023-05,May 2023,127,1625.61,1481.44,1830.8,694680.0,143
Meydan One Community,meydan-one-community,2023-06,Jun 2023,299,1479.68,1345.91,1560.72,622710.0,331
Meydan One Community,meydan-one-community,2023-07,Jul 2023,296,1532.43,1451.07,1646.05,580914.0,312
Meydan One Community,meydan-one-community,2023-08,Aug 2023,217,1555.16,1394.97,1796.62,763620.0,231
Meydan One Community,meydan-one-community,2023-09,Sep 2023,453,1455.35,1371.12,1574.63,584730.0,482
Meydan One Community,meydan-one-community,2023-10,Oct 2023,910,1509.75,1408.29,1632.61,605140.0,999
Meydan One Community,meydan-one-community,2023-11,Nov 2023,251,1527.31,1437.65,1673.79,677422.5,278
Meydan One Community,meydan-one-community,2023-12,Dec 2023,121,1613.47,1470.06,1888.27,775030.0,142
Meydan One Community,meydan-one-community,2024-01,Jan 2024,162,1573.4,1415.93,1792.08,633000.0,169
Meydan One Community,meydan-one-community,2024-02,Feb 2024,199,1547.38,1416.33,1737.72,665750.0,218
Meydan One Community,meydan-one-community,2024-03,Mar 2024,472,1552.08,1449.52,1738.44,696292.5,508
Meydan One Community,meydan-one-community,2024-04,Apr 2024,229,1619.65,1469.84,1799.32,609393.0,240
Meydan One Community,meydan-one-community,2024-05,May 2024,982,1786.37,1636.06,1983.63,694305.0,1085
Meydan One Community,meydan-one-community,2024-06,Jun 2024,711,1757.03,1645.97,1866.7,606800.0,701
Meydan One Community,meydan-one-community,2024-07,Jul 2024,149,1686.84,1576.43,1833.96,735000.0,156
Meydan One Community,meydan-one-community,2024-08,Aug 2024,337,1921.91,1625.13,2613.94,897345.0,347
Meydan One Community,meydan-one-community,2024-09,Sep 2024,423,2403.84,1777.26,2638.64,987615.0,446
Meydan One Community,meydan-one-community,2024-10,Oct 2024,424,2228.74,1801.02,2736.21,1588140.0,438
Meydan One Community,meydan-one-community,2024-11,Nov 2024,156,1837.68,1659.22,2118.34,770000.0,169
Meydan One Community,meydan-one-community,2024-12,Dec 2024,302,2120.84,1865.42,2434.82,970000.0,328
Meydan One Community,meydan-one-community,2025-01,Jan 2025,138,1937.16,1789.76,2166.2,747450.0,142
Meydan One Community,meydan-one-community,2025-02,Feb 2025,118,1910.99,1718.6,2210.85,841555.0,128
Meydan One Community,meydan-one-community,2025-03,Mar 2025,131,1925.77,1750.26,2122.78,810000.0,143
Meydan One Community,meydan-one-community,2025-04,Apr 2025,237,2253.13,1942.54,2386.87,877305.0,252
Meydan One Community,meydan-one-community,2025-05,May 2025,164,2054.08,1827.36,2310.8,839117.5,182
Meydan One Community,meydan-one-community,2025-06,Jun 2025,121,1905.55,1774.38,2115.55,700000.0,125
Meydan One Community,meydan-one-community,2025-07,Jul 2025,108,2025.66,1855.14,2246.42,744500.0,114
Meydan One Community,meydan-one-community,2025-08,Aug 2025,90,2018.0,1884.32,2238.38,820105.0,92
Meydan One Community,meydan-one-community,2025-09,Sep 2025,135,2052.96,1878.41,2283.85,883107.5,142
Meydan One Community,meydan-one-community,2025-10,Oct 2025,127,2012.09,1864.08,2195.32,745000.0,136
Meydan One Community,meydan-one-community,2025-11,Nov 2025,106,2050.09,1881.99,2234.38,768987.5,110
Meydan One Community,meydan-one-community,2025-12,Dec 2025,109,2099.11,1858.06,2238.02,900000.0,114
Meydan One Community,meydan-one-community,2026-01,Jan 2026,88,2028.07,1867.32,2263.34,818500.0,96
Meydan One Community,meydan-one-community,2026-02,Feb 2026,131,2109.29,1927.4,2301.46,950000.0,143
Meydan One Community,meydan-one-community,2026-03,Mar 2026,68,2053.77,1835.44,2165.0,929035.0,72
Meydan One Community,meydan-one-community,2026-04,Apr 2026,61,1972.56,1750.42,2230.63,930000.0,67
Meydan One Community,meydan-one-community,2026-05,May 2026,131,2148.24,1982.09,2466.14,1117325.0,136
Meydan One Community,meydan-one-community,2026-06,Jun 2026,106,2061.52,1770.4,2392.87,1286300.0,113
Meydan One Community,meydan-one-community,2026-07,Jul 2026,184,2127.57,1932.0,2418.18,1200000.0,197
Meydan One Community,meydan-one-community,2026-08,Aug 2026,69,1894.27,1726.04,2148.62,925000.0,80
Dubai Health Care City Phase 2,dubai-health-care-city-phase-2,2021-09,Sep 2021,11,867.88,794.95,932.83,607500.0,12
Dubai Health Care City Phase 2,dubai-health-care-city-phase-2,2021-10,Oct 2021,18,855.48,699.76,907.89,666686.5,20
Dubai Health Care City Phase 2,dubai-health-care-city-phase-2,2021-11,Nov 2021,28,808.42,676.68,934.89,728420.0,29
Dubai Health Care City Phase 2,dubai-health-care-city-phase-2,2021-12,Dec 2021,18,865.25,743.52,894.89,655000.0,18
Dubai Health Care City Phase 2,dubai-health-care-city-phase-2,2022-01,Jan 2022,9,873.9,722.02,1046.37,1068370.0,10
Dubai Health Care City Phase 2,dubai-health-care-city-phase-2,2022-02,Feb 2022,18,791.25,677.46,996.86,890000.0,21
Dubai Health Care City Phase 2,dubai-health-care-city-phase-2,2022-03,Mar 2022,7,943.15,794.93,1074.48,715000.0,7
Dubai Health Care City Phase 2,dubai-health-care-city-phase-2,2022-04,Apr 2022,21,990.07,702.71,1075.65,760000.0,23
Dubai Health Care City Phase 2,dubai-health-care-city-phase-2,2022-05,May 2022,28,993.3,929.32,1082.52,740000.0,28
Dubai Health Care City Phase 2,dubai-health-care-city-phase-2,2022-06,Jun 2022,265,1222.78,1023.16,1443.82,788580.0,266
Dubai Health Care City Phase 2,dubai-health-care-city-phase-2,2022-07,Jul 2022,131,1245.88,986.06,1459.69,690000.0,133
Dubai Health Care City Phase 2,dubai-health-care-city-phase-2,2022-08,Aug 2022,63,983.39,851.29,1091.7,749183.5,64
Dubai Health Care City Phase 2,dubai-health-care-city-phase-2,2022-09,Sep 2022,107,1005.44,907.9,1080.98,735000.0,112
Dubai Health Care City Phase 2,dubai-health-care-city-phase-2,2022-10,Oct 2022,27,1123.44,991.49,1241.31,815000.0,27
Dubai Health Care City Phase 2,dubai-health-care-city-phase-2,2022-11,Nov 2022,80,1064.11,973.29,1136.51,780000.0,81
Dubai Health Care City Phase 2,dubai-health-care-city-phase-2,2022-12,Dec 2022,44,1080.26,990.31,1270.19,780000.0,46
Dubai Health Care City Phase 2,dubai-health-care-city-phase-2,2023-01,Jan 2023,47,1322.62,967.97,1504.4,1866242.0,97
Dubai Health Care City Phase 2,dubai-health-care-city-phase-2,2023-02,Feb 2023,55,1461.94,1119.14,1758.22,862640.0,55
Dubai Health Care City Phase 2,dubai-health-care-city-phase-2,2023-03,Mar 2023,43,1077.14,946.56,1447.91,1100000.0,43
Dubai Health Care City Phase 2,dubai-health-care-city-phase-2,2023-04,Apr 2023,31,1212.31,1079.82,1580.19,987500.0,32
Dubai Health Care City Phase 2,dubai-health-care-city-phase-2,2023-05,May 2023,130,2550.71,2072.23,2979.73,2450000.0,130
Dubai Health Care City Phase 2,dubai-health-care-city-phase-2,2023-06,Jun 2023,36,1196.23,1122.38,2443.32,1165444.0,36
Dubai Health Care City Phase 2,dubai-health-care-city-phase-2,2023-07,Jul 2023,98,1471.29,1268.9,2431.23,1310000.0,99
Dubai Health Care City Phase 2,dubai-health-care-city-phase-2,2023-08,Aug 2023,102,2489.6,1521.88,3492.82,2600000.0,103
Dubai Health Care City Phase 2,dubai-health-care-city-phase-2,2023-09,Sep 2023,113,1315.81,1192.85,2802.69,1235000.0,113
Dubai Health Care City Phase 2,dubai-health-care-city-phase-2,2023-10,Oct 2023,52,1337.99,1153.82,2172.94,920000.0,53
Dubai Health Care City Phase 2,dubai-health-care-city-phase-2,2023-11,Nov 2023,58,1222.29,1109.05,1350.1,952239.0,58
Dubai Health Care City Phase 2,dubai-health-care-city-phase-2,2023-12,Dec 2023,72,1376.82,1213.97,1607.46,1027350.0,72
Dubai Health Care City Phase 2,dubai-health-care-city-phase-2,2024-01,Jan 2024,56,1373.94,1193.14,1704.51,1115009.0,56
Dubai Health Care City Phase 2,dubai-health-care-city-phase-2,2024-02,Feb 2024,50,1677.55,1254.21,2280.97,1165040.0,47
Dubai Health Care City Phase 2,dubai-health-care-city-phase-2,2024-03,Mar 2024,55,1593.14,1294.52,2037.88,1076200.0,54
Dubai Health Care City Phase 2,dubai-health-care-city-phase-2,2024-04,Apr 2024,78,2236.86,1930.48,2513.71,1347915.0,74
Dubai Health Care City Phase 2,dubai-health-care-city-phase-2,2024-05,May 2024,164,2004.38,1615.42,2244.31,1180020.0,160
Dubai Health Care City Phase 2,dubai-health-care-city-phase-2,2024-06,Jun 2024,65,1893.46,1472.18,2255.19,1182150.0,63
Dubai Health Care City Phase 2,dubai-health-care-city-phase-2,2024-07,Jul 2024,31,1515.16,1212.22,1801.6,905000.0,32
Dubai Health Care City Phase 2,dubai-health-care-city-phase-2,2024-08,Aug 2024,31,1548.84,1294.47,2113.68,915000.0,30
Dubai Health Care City Phase 2,dubai-health-care-city-phase-2,2024-09,Sep 2024,37,1345.6,1027.3,1724.52,915000.0,38
Dubai Health Care City Phase 2,dubai-health-care-city-phase-2,2024-10,Oct 2024,27,1529.69,1226.59,1925.77,950000.0,27
Dubai Health Care City Phase 2,dubai-health-care-city-phase-2,2024-11,Nov 2024,87,1666.35,1512.53,1890.18,1250000.0,89
Dubai Health Care City Phase 2,dubai-health-care-city-phase-2,2024-12,Dec 2024,229,1614.95,1462.85,1797.66,1225000.0,234
Dubai Health Care City Phase 2,dubai-health-care-city-phase-2,2025-01,Jan 2025,27,1564.8,1336.29,1810.81,971201.5,26
Dubai Health Care City Phase 2,dubai-health-care-city-phase-2,2025-02,Feb 2025,42,1422.57,1301.99,1732.12,1000000.0,43
Dubai Health Care City Phase 2,dubai-health-care-city-phase-2,2025-03,Mar 2025,107,1615.21,1415.94,1848.11,950000.0,109
Dubai Health Care City Phase 2,dubai-health-care-city-phase-2,2025-04,Apr 2025,110,1612.99,1515.15,1932.02,1200000.0,115
Dubai Health Care City Phase 2,dubai-health-care-city-phase-2,2025-05,May 2025,103,1836.48,1541.29,1940.93,880000.0,103
Dubai Health Care City Phase 2,dubai-health-care-city-phase-2,2025-06,Jun 2025,92,1691.69,1523.63,1852.91,1250000.0,94
Dubai Health Care City Phase 2,dubai-health-care-city-phase-2,2025-07,Jul 2025,162,1876.15,1557.67,2320.28,1200000.0,162
Dubai Health Care City Phase 2,dubai-health-care-city-phase-2,2025-08,Aug 2025,234,2157.32,1790.56,2474.58,1262249.5,240
Dubai Health Care City Phase 2,dubai-health-care-city-phase-2,2025-09,Sep 2025,229,2111.64,1810.98,2434.26,1175000.0,228
Dubai Health Care City Phase 2,dubai-health-care-city-phase-2,2025-10,Oct 2025,128,2104.73,1689.11,2393.81,1200000.0,131
Dubai Health Care City Phase 2,dubai-health-care-city-phase-2,2025-11,Nov 2025,188,2112.0,1950.98,2616.47,1187500.0,188
Dubai Health Care City Phase 2,dubai-health-care-city-phase-2,2025-12,Dec 2025,245,2064.24,1854.21,2183.71,1218750.0,246
Dubai Health Care City Phase 2,dubai-health-care-city-phase-2,2026-01,Jan 2026,86,2016.27,1751.91,2130.76,1350000.0,87
Dubai Health Care City Phase 2,dubai-health-care-city-phase-2,2026-02,Feb 2026,70,1910.67,1588.02,2186.03,1380000.0,69
Dubai Health Care City Phase 2,dubai-health-care-city-phase-2,2026-03,Mar 2026,64,1910.2,1629.59,2217.3,1713020.5,66
Dubai Health Care City Phase 2,dubai-health-care-city-phase-2,2026-04,Apr 2026,39,2068.24,1491.85,2272.71,1580000.0,39
Dubai Health Care City Phase 2,dubai-health-care-city-phase-2,2026-05,May 2026,71,1951.79,1834.47,2100.29,1517992.0,76
Dubai Health Care City Phase 2,dubai-health-care-city-phase-2,2026-06,Jun 2026,112,2028.37,1903.53,2171.79,1497301.5,112
Dubai Health Care City Phase 2,dubai-health-care-city-phase-2,2026-07,Jul 2026,55,1698.85,1529.23,1920.19,1322089.0,56
Dubai Health Care City Phase 2,dubai-health-care-city-phase-2,2026-08,Aug 2026,60,1614.74,1454.97,1972.75,1416000.0,61
DMCC Master Community,dmcc-master-community,2026-01,Jan 2026,78,1669.93,1363.89,2040.65,1750000.0,131
DMCC Master Community,dmcc-master-community,2026-02,Feb 2026,160,1572.27,1306.24,2100.36,1655000.0,271
DMCC Master Community,dmcc-master-community,2026-03,Mar 2026,114,1622.74,1320.65,2338.68,1710000.0,149
DMCC Master Community,dmcc-master-community,2026-04,Apr 2026,137,2476.2,1504.64,3002.5,1698612.0,179
DMCC Master Community,dmcc-master-community,2026-05,May 2026,87,1430.4,1198.82,1995.2,1374013.5,108
DMCC Master Community,dmcc-master-community,2026-06,Jun 2026,116,1611.14,1297.93,2212.8,1510000.0,174
DMCC Master Community,dmcc-master-community,2026-07,Jul 2026,98,1588.72,1277.68,2139.18,1603500.0,150
DMCC Master Community,dmcc-master-community,2026-08,Aug 2026,86,1709.74,1382.9,2095.95,1634006.0,125
SOBHA HARTLAND,sobha-hartland,2021-09,Sep 2021,113,1747.9,1605.01,1878.48,1185000.0,123
SOBHA HARTLAND,sobha-hartland,2021-10,Oct 2021,101,1652.93,1440.01,1870.07,1329900.0,119
SOBHA HARTLAND,sobha-hartland,2021-11,Nov 2021,93,1624.45,1560.0,1709.99,1248975.0,99
SOBHA HARTLAND,sobha-hartland,2021-12,Dec 2021,218,1679.75,1530.02,1780.37,1197198.5,224
SOBHA HARTLAND,sobha-hartland,2022-01,Jan 2022,224,1700.01,1625.02,1878.48,1225000.0,243
SOBHA HARTLAND,sobha-hartland,2022-02,Feb 2022,127,1700.01,1638.27,1877.7,1225000.0,144
SOBHA HARTLAND,sobha-hartland,2022-03,Mar 2022,148,1719.54,1675.0,1850.01,1322047.0,160
SOBHA HARTLAND,sobha-hartland,2022-04,Apr 2022,166,1700.01,1681.29,1841.67,1380638.0,170
SOBHA HARTLAND,sobha-hartland,2022-05,May 2022,145,1700.01,1674.99,1815.36,1380638.0,151
SOBHA HARTLAND,sobha-hartland,2022-06,Jun 2022,131,1700.01,1463.61,1833.05,1185000.0,138
SOBHA HARTLAND,sobha-hartland,2022-07,Jul 2022,122,1565.98,1379.18,1700.01,1306381.0,127
SOBHA HARTLAND,sobha-hartland,2022-08,Aug 2022,199,1630.01,1500.01,1778.68,1532508.0,209
SOBHA HARTLAND,sobha-hartland,2022-09,Sep 2022,170,1668.31,1431.07,1809.98,1376828.0,179
SOBHA HARTLAND,sobha-hartland,2022-10,Oct 2022,317,1921.33,1675.0,1925.01,1330135.5,324
SOBHA HARTLAND,sobha-hartland,2022-11,Nov 2022,574,1925.01,1914.86,1925.01,1330676.0,584
SOBHA HARTLAND,sobha-hartland,2022-12,Dec 2022,422,1924.2,1847.45,1925.01,1319684.0,441
SOBHA HARTLAND,sobha-hartland,2023-01,Jan 2023,307,1907.81,1799.99,1925.01,1395995.0,325
SOBHA HARTLAND,sobha-hartland,2023-02,Feb 2023,216,1805.0,1700.64,1925.0,1479746.0,228
SOBHA HARTLAND,sobha-hartland,2023-03,Mar 2023,300,1825.01,1775.0,1925.01,1521181.0,318
SOBHA HARTLAND,sobha-hartland,2023-04,Apr 2023,129,1800.0,1650.02,1924.19,1340338.0,136
SOBHA HARTLAND,sobha-hartland,2023-05,May 2023,218,1800.0,1713.72,1925.01,1329444.0,235
SOBHA HARTLAND,sobha-hartland,2023-06,Jun 2023,228,1825.0,1698.35,1875.0,1711786.0,239
SOBHA HARTLAND,sobha-hartland,2023-07,Jul 2023,517,1850.02,1825.0,1925.01,2152290.5,520
SOBHA HARTLAND,sobha-hartland,2023-08,Aug 2023,601,1850.0,1825.0,1925.02,2000000.0,618
SOBHA HARTLAND,sobha-hartland,2023-09,Sep 2023,1100,1927.99,1850.0,2028.02,1960539.5,1140
SOBHA HARTLAND,sobha-hartland,2023-10,Oct 2023,736,1953.0,1850.01,2075.98,1966302.0,765
SOBHA HARTLAND,sobha-hartland,2023-11,Nov 2023,259,1924.19,1800.0,2001.99,1730264.0,285
SOBHA HARTLAND,sobha-hartland,2023-12,Dec 2023,172,1925.02,1825.0,2036.11,1570000.0,191
SOBHA HARTLAND,sobha-hartland,2024-01,Jan 2024,188,1925.01,1825.0,2076.01,1600000.0,200
SOBHA HARTLAND,sobha-hartland,2024-02,Feb 2024,217,1856.22,1747.75,2028.02,1593808.0,231
SOBHA HARTLAND,sobha-hartland,2024-03,Mar 2024,213,1950.35,1825.02,2075.97,1700828.0,241
SOBHA HARTLAND,sobha-hartland,2024-04,Apr 2024,115,1919.48,1731.16,2081.69,1505000.0,126
SOBHA HARTLAND,sobha-hartland,2024-05,May 2024,177,1928.01,1815.83,2098.71,1607913.0,191
SOBHA HARTLAND,sobha-hartland,2024-06,Jun 2024,147,1982.88,1856.96,2094.54,1590698.5,154
SOBHA HARTLAND,sobha-hartland,2024-07,Jul 2024,117,1925.02,1732.61,2125.99,1717245.5,124
SOBHA HARTLAND,sobha-hartland,2024-08,Aug 2024,141,1955.0,1777.52,2127.13,1754828.0,151
SOBHA HARTLAND,sobha-hartland,2024-09,Sep 2024,127,1954.78,1787.48,2153.12,1627500.0,132
SOBHA HARTLAND,sobha-hartland,2024-10,Oct 2024,100,1982.67,1841.82,2129.37,1750000.0,108
SOBHA HARTLAND,sobha-hartland,2024-11,Nov 2024,127,2033.5,1849.82,2175.0,1565000.0,135
SOBHA HARTLAND,sobha-hartland,2024-12,Dec 2024,101,2018.69,1853.01,2150.99,1630000.0,106
SOBHA HARTLAND,sobha-hartland,2025-01,Jan 2025,87,1976.66,1825.0,2147.88,1605000.0,92
SOBHA HARTLAND,sobha-hartland,2025-02,Feb 2025,94,1953.0,1825.3,2121.51,1700000.0,97
SOBHA HARTLAND,sobha-hartland,2025-03,Mar 2025,100,2004.0,1842.53,2138.68,1677500.0,102
SOBHA HARTLAND,sobha-hartland,2025-04,Apr 2025,114,2079.73,1918.51,2193.44,1640000.0,116
SOBHA HARTLAND,sobha-hartland,2025-05,May 2025,124,2089.97,1916.23,2246.48,1650000.0,127
SOBHA HARTLAND,sobha-hartland,2025-06,Jun 2025,100,2013.6,1886.19,2168.66,1750000.0,103
SOBHA HARTLAND,sobha-hartland,2025-07,Jul 2025,125,2080.59,1850.43,2194.48,1790000.0,135
SOBHA HARTLAND,sobha-hartland,2025-08,Aug 2025,104,2109.15,1976.21,2219.76,1850000.0,108
SOBHA HARTLAND,sobha-hartland,2025-09,Sep 2025,100,2087.02,1945.93,2218.14,1785000.0,110
SOBHA HARTLAND,sobha-hartland,2025-10,Oct 2025,126,2106.8,1942.28,2246.48,1710000.0,137
SOBHA HARTLAND,sobha-hartland,2025-11,Nov 2025,112,2057.97,1911.47,2254.54,1755000.0,116
SOBHA HARTLAND,sobha-hartland,2025-12,Dec 2025,125,2137.98,1953.22,2290.21,1745000.0,137
SOBHA HARTLAND,sobha-hartland,2026-01,Jan 2026,122,2089.09,1921.4,2256.58,1887810.5,128
SOBHA HARTLAND,sobha-hartland,2026-02,Feb 2026,131,2036.83,1740.22,2235.16,1500000.0,133
SOBHA HARTLAND,sobha-hartland,2026-03,Mar 2026,79,2034.64,1931.24,2163.29,2057130.0,84
SOBHA HARTLAND,sobha-hartland,2026-04,Apr 2026,72,2097.97,1927.58,2296.39,1900000.0,78
SOBHA HARTLAND,sobha-hartland,2026-05,May 2026,69,1988.98,1854.53,2110.87,2007590.0,69
SOBHA HARTLAND,sobha-hartland,2026-06,Jun 2026,74,1985.7,1847.44,2143.08,1748377.5,76
SOBHA HARTLAND,sobha-hartland,2026-07,Jul 2026,76,1976.64,1875.33,2099.01,2335000.0,82
SOBHA HARTLAND,sobha-hartland,2026-08,Aug 2026,78,1963.95,1811.5,2075.99,1750000.0,83
Discovery Gardens,discovery-gardens,2021-09,Sep 2021,31,457.29,431.38,514.26,400000.0,31
Discovery Gardens,discovery-gardens,2021-10,Oct 2021,17,464.52,444.32,557.16,405985.0,17
Discovery Gardens,discovery-gardens,2021-11,Nov 2021,23,498.5,469.51,579.28,415000.0,23
Discovery Gardens,discovery-gardens,2021-12,Dec 2021,17,459.52,458.48,532.76,420000.0,17
Discovery Gardens,discovery-gardens,2022-01,Jan 2022,19,509.34,460.51,597.99,327500.0,18
Discovery Gardens,discovery-gardens,2022-02,Feb 2022,24,565.41,514.29,584.65,285000.0,23
Discovery Gardens,discovery-gardens,2022-03,Mar 2022,34,475.6,450.13,558.9,410000.0,33
Discovery Gardens,discovery-gardens,2022-04,Apr 2022,27,472.45,446.36,598.71,403000.0,27
Discovery Gardens,discovery-gardens,2022-05,May 2022,31,505.52,464.52,589.89,325000.0,31
Discovery Gardens,discovery-gardens,2022-06,Jun 2022,45,530.87,449.62,606.71,397213.0,44
Discovery Gardens,discovery-gardens,2022-07,Jul 2022,23,477.79,449.03,597.97,417500.0,24
Discovery Gardens,discovery-gardens,2022-08,Aug 2022,33,512.02,464.52,587.75,408276.0,33
Discovery Gardens,discovery-gardens,2022-09,Sep 2022,47,518.81,474.96,614.19,404396.0,46
Discovery Gardens,discovery-gardens,2022-10,Oct 2022,37,510.46,489.49,626.09,415000.0,37
Discovery Gardens,discovery-gardens,2022-11,Nov 2022,43,516.13,477.56,622.15,425000.0,43
Discovery Gardens,discovery-gardens,2022-12,Dec 2022,63,549.83,477.98,612.32,332000.0,69
Discovery Gardens,discovery-gardens,2023-01,Jan 2023,31,573.48,497.33,648.54,440000.0,33
Discovery Gardens,discovery-gardens,2023-02,Feb 2023,22,529.01,505.92,652.53,467500.0,24
Discovery Gardens,discovery-gardens,2023-03,Mar 2023,42,612.1,516.65,673.33,360000.0,40
Discovery Gardens,discovery-gardens,2023-04,Apr 2023,33,642.44,551.69,722.58,425000.0,39
Discovery Gardens,discovery-gardens,2023-05,May 2023,47,569.94,528.66,687.77,420000.0,46
Discovery Gardens,discovery-gardens,2023-06,Jun 2023,54,589.88,549.91,720.9,470000.0,53
Discovery Gardens,discovery-gardens,2023-07,Jul 2023,50,583.81,536.18,621.88,495000.0,53
Discovery Gardens,discovery-gardens,2023-08,Aug 2023,51,638.22,563.57,802.85,463500.0,54
Discovery Gardens,discovery-gardens,2023-09,Sep 2023,53,739.43,619.35,825.8,515000.0,52
Discovery Gardens,discovery-gardens,2023-10,Oct 2023,125,1192.2,794.84,1356.74,751080.0,124
Discovery Gardens,discovery-gardens,2023-11,Nov 2023,174,1174.1,815.32,1371.86,670168.0,174
Discovery Gardens,discovery-gardens,2023-12,Dec 2023,86,1113.08,711.69,1340.24,671777.0,86
Discovery Gardens,discovery-gardens,2024-01,Jan 2024,49,820.81,678.51,1120.2,630000.0,53
Discovery Gardens,discovery-gardens,2024-02,Feb 2024,86,903.06,792.02,1242.54,640000.0,91
Discovery Gardens,discovery-gardens,2024-03,Mar 2024,160,1223.96,840.34,1348.15,705000.0,162
Discovery Gardens,discovery-gardens,2024-04,Apr 2024,130,1201.55,842.8,1352.6,650000.0,131
Discovery Gardens,discovery-gardens,2024-05,May 2024,193,1245.83,815.69,1364.78,766908.0,194
Discovery Gardens,discovery-gardens,2024-06,Jun 2024,119,1088.67,811.57,1350.66,670000.0,119
Discovery Gardens,discovery-gardens,2024-07,Jul 2024,136,1186.64,847.89,1403.62,680000.0,135
Discovery Gardens,discovery-gardens,2024-08,Aug 2024,149,1227.08,918.47,1486.07,680000.0,149
Discovery Gardens,discovery-gardens,2024-09,Sep 2024,179,996.81,753.82,1260.01,705000.0,178
Discovery Gardens,discovery-gardens,2024-10,Oct 2024,212,995.42,776.36,1280.58,900000.0,213
Discovery Gardens,discovery-gardens,2024-11,Nov 2024,158,914.34,757.58,1232.93,740000.0,158
Discovery Gardens,discovery-gardens,2024-12,Dec 2024,104,977.71,761.46,1272.06,751000.0,104
Discovery Gardens,discovery-gardens,2025-01,Jan 2025,150,1138.95,814.11,1260.78,900000.0,150
Discovery Gardens,discovery-gardens,2025-02,Feb 2025,134,985.8,798.34,1310.32,718800.0,138
Discovery Gardens,discovery-gardens,2025-03,Mar 2025,97,900.59,769.03,1043.98,710000.0,97
Discovery Gardens,discovery-gardens,2025-04,Apr 2025,117,992.79,825.68,1252.32,700000.0,117
Discovery Gardens,discovery-gardens,2025-05,May 2025,102,863.61,790.98,1049.92,690000.0,104
Discovery Gardens,discovery-gardens,2025-06,Jun 2025,100,1012.48,819.6,1261.35,727500.0,102
Discovery Gardens,discovery-gardens,2025-07,Jul 2025,134,921.81,809.88,1087.39,797162.5,138
Discovery Gardens,discovery-gardens,2025-08,Aug 2025,75,977.29,800.76,1068.67,750000.0,88
Discovery Gardens,discovery-gardens,2025-09,Sep 2025,90,969.48,854.38,1078.97,730000.0,101
Discovery Gardens,discovery-gardens,2025-10,Oct 2025,96,1000.5,853.5,1095.89,750000.0,94
Discovery Gardens,discovery-gardens,2025-11,Nov 2025,88,1032.13,881.49,1275.0,740000.0,88
Discovery Gardens,discovery-gardens,2025-12,Dec 2025,102,1007.41,838.18,1130.27,775000.0,102
Discovery Gardens,discovery-gardens,2026-01,Jan 2026,140,1065.87,897.09,1190.0,760000.0,143
Discovery Gardens,discovery-gardens,2026-02,Feb 2026,156,1058.39,923.81,1165.59,732500.0,158
Discovery Gardens,discovery-gardens,2026-03,Mar 2026,102,1172.99,918.46,1283.96,772500.0,102
Discovery Gardens,discovery-gardens,2026-04,Apr 2026,130,986.35,915.66,1058.3,770000.0,131
Discovery Gardens,discovery-gardens,2026-05,May 2026,54,1032.7,925.13,1164.96,785000.0,54
Discovery Gardens,discovery-gardens,2026-06,Jun 2026,70,969.87,811.61,1042.04,674271.5,64
Discovery Gardens,discovery-gardens,2026-07,Jul 2026,86,904.49,815.67,1052.07,770000.0,87
Discovery Gardens,discovery-gardens,2026-08,Aug 2026,70,942.51,824.32,1050.04,775000.0,69
Liwan1,liwan1,2021-09,Sep 2021,25,437.1,419.69,838.52,360000.0,25
Liwan1,liwan1,2021-10,Oct 2021,19,429.64,413.64,463.56,527900.0,22
Liwan1,liwan1,2021-11,Nov 2021,14,448.24,405.75,509.79,383000.0,14
Liwan1,liwan1,2021-12,Dec 2021,14,369.62,368.57,444.33,300000.0,14
Liwan1,liwan1,2022-01,Jan 2022,11,411.15,368.73,468.05,356018.5,12
Liwan1,liwan1,2022-02,Feb 2022,13,414.94,401.79,467.96,475000.0,14
Liwan1,liwan1,2022-03,Mar 2022,13,441.0,408.53,469.35,365000.0,13
Liwan1,liwan1,2022-04,Apr 2022,16,452.48,403.79,479.48,372750.0,16
Liwan1,liwan1,2022-05,May 2022,17,456.51,426.5,496.89,325400.0,18
Liwan1,liwan1,2022-06,Jun 2022,19,401.74,374.52,461.21,380000.0,18
Liwan1,liwan1,2022-07,Jul 2022,23,486.85,429.97,570.67,495000.0,23
Liwan1,liwan1,2022-08,Aug 2022,13,479.27,448.59,514.98,500000.0,15
Liwan1,liwan1,2022-09,Sep 2022,11,454.41,440.37,477.79,335000.0,12
Liwan1,liwan1,2022-10,Oct 2022,19,480.62,454.3,513.91,335000.0,18
Liwan1,liwan1,2022-11,Nov 2022,14,495.39,456.8,558.11,327054.0,28
Liwan1,liwan1,2022-12,Dec 2022,16,501.19,465.81,587.09,360000.0,23
Liwan1,liwan1,2023-01,Jan 2023,13,431.13,402.8,491.25,599644.0,22
Liwan1,liwan1,2023-02,Feb 2023,19,480.42,452.85,644.35,400000.0,19
Liwan1,liwan1,2023-03,Mar 2023,14,467.08,434.35,501.0,418789.0,19
Liwan1,liwan1,2023-04,Apr 2023,15,557.77,439.92,717.96,420000.0,12
Liwan1,liwan1,2023-05,May 2023,27,460.56,434.69,515.33,393500.0,26
Liwan1,liwan1,2023-06,Jun 2023,19,526.97,475.06,726.68,366363.0,17
Liwan1,liwan1,2023-07,Jul 2023,21,504.91,474.94,570.16,441728.0,21
Liwan1,liwan1,2023-08,Aug 2023,27,562.96,478.79,884.44,390000.0,27
Liwan1,liwan1,2023-09,Sep 2023,30,552.32,493.09,598.09,450000.0,34
Liwan1,liwan1,2023-10,Oct 2023,26,556.08,493.14,806.16,405000.0,27
Liwan1,liwan1,2023-11,Nov 2023,21,557.86,482.36,614.87,400000.0,21
Liwan1,liwan1,2023-12,Dec 2023,28,1043.33,642.53,1050.01,751600.0,30
Liwan1,liwan1,2024-01,Jan 2024,82,1090.15,631.07,1258.83,700000.0,82
Liwan1,liwan1,2024-02,Feb 2024,97,1090.15,1029.07,1269.46,751600.0,98
Liwan1,liwan1,2024-03,Mar 2024,84,1049.95,618.56,1090.28,751600.0,86
Liwan1,liwan1,2024-04,Apr 2024,64,978.67,597.3,1051.42,783000.0,65
Liwan1,liwan1,2024-05,May 2024,60,1058.84,662.0,1261.37,566523.0,60
Liwan1,liwan1,2024-06,Jun 2024,47,922.4,660.95,1066.94,776150.0,48
Liwan1,liwan1,2024-07,Jul 2024,77,908.07,666.17,1050.45,786600.0,79
Liwan1,liwan1,2024-08,Aug 2024,64,888.97,804.19,1036.36,824250.0,64
Liwan1,liwan1,2024-09,Sep 2024,53,849.79,607.67,1039.05,698000.0,55
Liwan1,liwan1,2024-10,Oct 2024,103,933.28,702.56,1079.88,786600.0,105
Liwan1,liwan1,2024-11,Nov 2024,62,849.41,647.74,1052.51,731282.0,63
Liwan1,liwan1,2024-12,Dec 2024,97,975.48,850.0,1032.26,940103.0,97
Liwan1,liwan1,2025-01,Jan 2025,61,966.94,664.58,1029.79,950000.0,66
Liwan1,liwan1,2025-02,Feb 2025,44,766.03,658.12,1027.87,797050.0,45
Liwan1,liwan1,2025-03,Mar 2025,81,1005.7,749.68,1086.32,863900.0,91
Liwan1,liwan1,2025-04,Apr 2025,104,1034.06,843.53,1140.59,893600.0,119
Liwan1,liwan1,2025-05,May 2025,77,1047.84,733.41,1197.34,716200.0,79
Liwan1,liwan1,2025-06,Jun 2025,117,1219.66,828.74,1525.93,752388.5,120
Liwan1,liwan1,2025-07,Jul 2025,164,1199.91,1051.98,1440.18,786849.0,165
Liwan1,liwan1,2025-08,Aug 2025,78,1055.75,1000.43,1234.24,940000.0,79
Liwan1,liwan1,2025-09,Sep 2025,126,1133.43,1028.65,1396.49,843500.0,129
Liwan1,liwan1,2025-10,Oct 2025,107,1100.0,1000.0,1520.48,980000.0,111
Liwan1,liwan1,2025-11,Nov 2025,115,1151.86,1027.06,1398.25,905000.0,120
Liwan1,liwan1,2025-12,Dec 2025,235,1497.96,1366.3,1727.34,850000.0,236
Liwan1,liwan1,2026-01,Jan 2026,134,1092.14,937.01,1282.92,869700.0,139
Liwan1,liwan1,2026-02,Feb 2026,71,1049.21,831.62,1291.58,895888.5,72
Liwan1,liwan1,2026-03,Mar 2026,100,1204.84,1041.06,1435.41,985500.0,102
Liwan1,liwan1,2026-04,Apr 2026,60,989.11,694.28,1211.16,859000.0,62
Liwan1,liwan1,2026-05,May 2026,45,1165.47,1000.81,1505.55,904000.0,46
Liwan1,liwan1,2026-06,Jun 2026,52,1211.63,862.46,1341.05,863000.0,51
Liwan1,liwan1,2026-07,Jul 2026,67,1184.99,882.89,1342.22,875000.0,67
Liwan1,liwan1,2026-08,Aug 2026,22,941.85,723.58,1154.96,857500.0,26
Jumeirah Lakes Towers,jumeirah-lakes-towers,2021-09,Sep 2021,83,936.07,769.02,1201.13,900000.0,133
Jumeirah Lakes Towers,jumeirah-lakes-towers,2021-10,Oct 2021,93,978.52,795.15,1208.68,935059.5,174
Jumeirah Lakes Towers,jumeirah-lakes-towers,2021-11,Nov 2021,111,1031.09,832.43,1322.87,810000.0,227
Jumeirah Lakes Towers,jumeirah-lakes-towers,2021-12,Dec 2021,84,1016.59,802.06,1309.56,840000.0,133
Jumeirah Lakes Towers,jumeirah-lakes-towers,2022-01,Jan 2022,93,1126.86,825.17,1360.83,1027000.0,122
Jumeirah Lakes Towers,jumeirah-lakes-towers,2022-02,Feb 2022,85,1035.54,818.36,1349.83,979661.0,123
Jumeirah Lakes Towers,jumeirah-lakes-towers,2022-03,Mar 2022,130,996.5,812.03,1399.53,1000000.0,190
Jumeirah Lakes Towers,jumeirah-lakes-towers,2022-04,Apr 2022,94,959.86,809.49,1196.44,835000.0,163
Jumeirah Lakes Towers,jumeirah-lakes-towers,2022-05,May 2022,118,1050.0,990.59,1427.39,1122500.0,184
Jumeirah Lakes Towers,jumeirah-lakes-towers,2022-06,Jun 2022,129,979.31,872.1,1399.53,1050000.0,251
Jumeirah Lakes Towers,jumeirah-lakes-towers,2022-07,Jul 2022,107,1039.18,858.72,1386.64,950000.0,157
Jumeirah Lakes Towers,jumeirah-lakes-towers,2022-08,Aug 2022,115,993.24,837.59,1288.76,1000000.0,162
Jumeirah Lakes Towers,jumeirah-lakes-towers,2022-09,Sep 2022,81,1023.64,850.56,1272.01,985500.0,144
Jumeirah Lakes Towers,jumeirah-lakes-towers,2022-10,Oct 2022,98,1016.07,879.63,1206.69,1000000.0,154
Jumeirah Lakes Towers,jumeirah-lakes-towers,2022-11,Nov 2022,178,1421.52,983.6,1570.31,1229861.0,227
Jumeirah Lakes Towers,jumeirah-lakes-towers,2022-12,Dec 2022,148,1220.43,913.67,1527.04,1123224.0,211
Jumeirah Lakes Towers,jumeirah-lakes-towers,2023-01,Jan 2023,88,1036.04,900.16,1519.25,1075000.0,169
Jumeirah Lakes Towers,jumeirah-lakes-towers,2023-02,Feb 2023,111,1109.76,907.0,1568.35,980000.0,175
Jumeirah Lakes Towers,jumeirah-lakes-towers,2023-03,Mar 2023,156,1157.27,927.32,1549.34,1195000.0,222
Jumeirah Lakes Towers,jumeirah-lakes-towers,2023-04,Apr 2023,96,1080.69,894.46,1306.06,913725.0,147
Jumeirah Lakes Towers,jumeirah-lakes-towers,2023-05,May 2023,347,1757.12,1073.51,2192.0,1187445.0,447
Jumeirah Lakes Towers,jumeirah-lakes-towers,2023-06,Jun 2023,487,2095.1,1957.49,2372.02,1450000.0,575
Jumeirah Lakes Towers,jumeirah-lakes-towers,2023-07,Jul 2023,530,2099.98,1991.91,2295.12,1514500.0,590
Jumeirah Lakes Towers,jumeirah-lakes-towers,2023-08,Aug 2023,397,2027.7,1225.23,2148.22,1558000.0,481
Jumeirah Lakes Towers,jumeirah-lakes-towers,2023-09,Sep 2023,355,1876.5,1464.06,2079.99,1599000.0,429
Jumeirah Lakes Towers,jumeirah-lakes-towers,2023-10,Oct 2023,244,1840.28,1158.2,2048.63,1571000.0,291
Jumeirah Lakes Towers,jumeirah-lakes-towers,2023-11,Nov 2023,208,1641.94,1119.91,1975.0,1486613.0,265
Jumeirah Lakes Towers,jumeirah-lakes-towers,2023-12,Dec 2023,261,1657.57,1218.53,1860.21,1410695.0,338
Jumeirah Lakes Towers,jumeirah-lakes-towers,2024-01,Jan 2024,300,1758.62,1462.68,1989.81,1580828.0,361
Jumeirah Lakes Towers,jumeirah-lakes-towers,2024-02,Feb 2024,231,1693.28,1146.01,1912.03,1601000.0,304
Jumeirah Lakes Towers,jumeirah-lakes-towers,2024-03,Mar 2024,173,1465.86,1167.86,1901.03,1410000.0,239
Jumeirah Lakes Towers,jumeirah-lakes-towers,2024-04,Apr 2024,116,1317.43,1130.1,1642.83,1400000.0,167
Jumeirah Lakes Towers,jumeirah-lakes-towers,2024-05,May 2024,232,1680.87,1236.7,1986.44,1600000.0,355
Jumeirah Lakes Towers,jumeirah-lakes-towers,2024-06,Jun 2024,181,1582.88,1219.89,1950.02,1400000.0,254
Jumeirah Lakes Towers,jumeirah-lakes-towers,2024-07,Jul 2024,273,1886.83,1267.55,2498.73,1359500.0,358
Jumeirah Lakes Towers,jumeirah-lakes-towers,2024-08,Aug 2024,296,2190.66,1426.65,2714.76,1416000.0,365
Jumeirah Lakes Towers,jumeirah-lakes-towers,2024-09,Sep 2024,278,1981.29,1296.77,2490.22,1489552.0,362
Jumeirah Lakes Towers,jumeirah-lakes-towers,2024-10,Oct 2024,321,2160.02,1364.85,2599.23,1550000.0,413
Jumeirah Lakes Towers,jumeirah-lakes-towers,2024-11,Nov 2024,233,1930.34,1370.55,2368.82,1675000.0,301
Jumeirah Lakes Towers,jumeirah-lakes-towers,2024-12,Dec 2024,179,1726.16,1293.76,2115.63,1762500.0,232
Jumeirah Lakes Towers,jumeirah-lakes-towers,2025-01,Jan 2025,254,2045.34,1383.56,2647.59,1545000.0,342
Jumeirah Lakes Towers,jumeirah-lakes-towers,2025-02,Feb 2025,257,1918.17,1406.26,2348.48,1565000.0,323
Jumeirah Lakes Towers,jumeirah-lakes-towers,2025-03,Mar 2025,231,1906.66,1359.44,2456.46,1562550.0,298
Jumeirah Lakes Towers,jumeirah-lakes-towers,2025-04,Apr 2025,189,1909.12,1359.41,2520.39,1590000.0,252
Jumeirah Lakes Towers,jumeirah-lakes-towers,2025-05,May 2025,228,1980.15,1349.59,2388.71,1600000.0,351
Jumeirah Lakes Towers,jumeirah-lakes-towers,2025-06,Jun 2025,204,2157.69,1464.68,2489.15,1823160.0,326
Jumeirah Lakes Towers,jumeirah-lakes-towers,2025-07,Jul 2025,179,1673.82,1345.54,2337.16,1723420.0,294
Jumeirah Lakes Towers,jumeirah-lakes-towers,2025-08,Aug 2025,162,1583.93,1339.63,2202.01,1760000.0,235
Jumeirah Lakes Towers,jumeirah-lakes-towers,2025-09,Sep 2025,170,1895.04,1359.13,2342.5,1800000.0,236
Jumeirah Lakes Towers,jumeirah-lakes-towers,2025-10,Oct 2025,155,1840.59,1410.7,2297.99,1773300.0,252
Jumeirah Lakes Towers,jumeirah-lakes-towers,2025-11,Nov 2025,158,1671.49,1306.86,2234.81,1755900.0,237
Jumeirah Lakes Towers,jumeirah-lakes-towers,2025-12,Dec 2025,140,1748.44,1410.21,2320.12,2000000.0,242
Jumeirah Lakes Towers,jumeirah-lakes-towers,2026-01,Jan 2026,61,1570.33,1281.42,2188.44,1895367.0,95
Jumeirah Lakes Towers,jumeirah-lakes-towers,2026-02,Feb 2026,2,,,,,2
Jumeirah Lakes Towers,jumeirah-lakes-towers,2026-03,Mar 2026,0,,,,,0
Jumeirah Lakes Towers,jumeirah-lakes-towers,2026-04,Apr 2026,0,,,,,0
Jumeirah Lakes Towers,jumeirah-lakes-towers,2026-05,May 2026,0,,,,,0
Jumeirah Lakes Towers,jumeirah-lakes-towers,2026-06,Jun 2026,0,,,,,0
Jumeirah Lakes Towers,jumeirah-lakes-towers,2026-07,Jul 2026,0,,,,,0
Jumeirah Lakes Towers,jumeirah-lakes-towers,2026-08,Aug 2026,0,,,,,0
Jaddaf Waterfront,jaddaf-waterfront,2021-09,Sep 2021,8,896.96,800.0,1259.11,1729468.0,8
Jaddaf Waterfront,jaddaf-waterfront,2021-10,Oct 2021,10,1310.39,1103.46,1431.37,2164625.0,10
Jaddaf Waterfront,jaddaf-waterfront,2021-11,Nov 2021,18,800.01,800.01,800.02,1316824.0,19
Jaddaf Waterfront,jaddaf-waterfront,2021-12,Dec 2021,11,800.04,800.04,1293.79,1480200.0,13
Jaddaf Waterfront,jaddaf-waterfront,2022-01,Jan 2022,5,1190.12,967.61,1532.29,1295000.0,5
Jaddaf Waterfront,jaddaf-waterfront,2022-02,Feb 2022,6,737.04,709.85,821.77,1090500.0,6
Jaddaf Waterfront,jaddaf-waterfront,2022-03,Mar 2022,7,1262.06,1120.1,1789.87,3610076.0,7
Jaddaf Waterfront,jaddaf-waterfront,2022-04,Apr 2022,11,804.44,740.43,1383.04,1380000.0,11
Jaddaf Waterfront,jaddaf-waterfront,2022-05,May 2022,20,1260.95,1246.47,1306.25,858337.0,19
Jaddaf Waterfront,jaddaf-waterfront,2022-06,Jun 2022,49,1272.45,1249.45,1318.05,580670.5,50
Jaddaf Waterfront,jaddaf-waterfront,2022-07,Jul 2022,16,1273.25,953.68,1337.09,615370.0,17
Jaddaf Waterfront,jaddaf-waterfront,2022-08,Aug 2022,23,1304.06,1247.48,1406.4,828842.0,22
Jaddaf Waterfront,jaddaf-waterfront,2022-09,Sep 2022,26,1265.44,938.52,1399.64,911274.0,26
Jaddaf Waterfront,jaddaf-waterfront,2022-10,Oct 2022,25,1393.79,1166.64,1450.79,896124.0,25
Jaddaf Waterfront,jaddaf-waterfront,2022-11,Nov 2022,10,1381.74,1150.75,1496.86,800000.0,10
Jaddaf Waterfront,jaddaf-waterfront,2022-12,Dec 2022,26,1349.98,1208.38,1572.5,911942.5,26
Jaddaf Waterfront,jaddaf-waterfront,2023-01,Jan 2023,19,800.0,705.0,1139.76,1316816.0,20
Jaddaf Waterfront,jaddaf-waterfront,2023-02,Feb 2023,12,1215.45,896.99,1480.52,1500000.0,11
Jaddaf Waterfront,jaddaf-waterfront,2023-03,Mar 2023,10,1154.45,775.34,1432.08,2010000.0,11
Jaddaf Waterfront,jaddaf-waterfront,2023-04,Apr 2023,8,1327.88,863.01,1699.81,1900000.0,8
Jaddaf Waterfront,jaddaf-waterfront,2023-05,May 2023,11,1387.3,901.35,1484.14,1600000.0,11
Jaddaf Waterfront,jaddaf-waterfront,2023-06,Jun 2023,9,1191.45,927.84,1445.59,831625.0,8
Jaddaf Waterfront,jaddaf-waterfront,2023-07,Jul 2023,7,1305.0,1022.4,1444.16,1625000.0,8
Jaddaf Waterfront,jaddaf-waterfront,2023-08,Aug 2023,5,1469.68,1133.15,1493.77,1550000.0,5
Jaddaf Waterfront,jaddaf-waterfront,2023-09,Sep 2023,12,1122.78,1019.1,1390.71,1550000.0,15
Jaddaf Waterfront,jaddaf-waterfront,2023-10,Oct 2023,12,1381.73,941.86,1485.6,1910000.0,12
Jaddaf Waterfront,jaddaf-waterfront,2023-11,Nov 2023,9,1301.84,1100.23,1519.8,1100000.0,9
Jaddaf Waterfront,jaddaf-waterfront,2023-12,Dec 2023,19,1646.48,1521.12,1782.73,1500000.0,17
Jaddaf Waterfront,jaddaf-waterfront,2024-01,Jan 2024,23,1498.82,1349.96,1632.37,1238405.0,23
Jaddaf Waterfront,jaddaf-waterfront,2024-02,Feb 2024,21,1399.96,1280.5,1572.42,1457500.0,22
Jaddaf Waterfront,jaddaf-waterfront,2024-03,Mar 2024,37,1421.25,1306.75,1572.21,850077.0,41
Jaddaf Waterfront,jaddaf-waterfront,2024-04,Apr 2024,40,1482.99,1411.8,1588.95,789838.0,44
Jaddaf Waterfront,jaddaf-waterfront,2024-05,May 2024,58,1481.05,1288.38,1530.06,968888.0,63
Jaddaf Waterfront,jaddaf-waterfront,2024-06,Jun 2024,48,1582.83,1356.54,1751.68,1036630.0,52
Jaddaf Waterfront,jaddaf-waterfront,2024-07,Jul 2024,132,1719.72,1493.54,1918.57,1731828.0,140
Jaddaf Waterfront,jaddaf-waterfront,2024-08,Aug 2024,116,1774.07,1564.89,1935.0,1922045.5,122
Jaddaf Waterfront,jaddaf-waterfront,2024-09,Sep 2024,101,1571.06,1449.0,1718.54,1408888.0,109
Jaddaf Waterfront,jaddaf-waterfront,2024-10,Oct 2024,106,1576.81,1491.57,1651.78,1172337.5,118
Jaddaf Waterfront,jaddaf-waterfront,2024-11,Nov 2024,61,1598.54,1437.03,1898.49,1073661.0,73
Jaddaf Waterfront,jaddaf-waterfront,2024-12,Dec 2024,32,1699.67,1562.32,1845.62,1707105.5,36
Jaddaf Waterfront,jaddaf-waterfront,2025-01,Jan 2025,25,1600.76,1428.49,1905.79,1677500.0,32
Jaddaf Waterfront,jaddaf-waterfront,2025-02,Feb 2025,93,1619.61,1490.57,1818.62,988706.0,104
Jaddaf Waterfront,jaddaf-waterfront,2025-03,Mar 2025,136,1671.99,1529.01,1824.17,1197363.5,140
Jaddaf Waterfront,jaddaf-waterfront,2025-04,Apr 2025,52,1658.27,1519.68,1851.07,1476248.0,57
Jaddaf Waterfront,jaddaf-waterfront,2025-05,May 2025,128,1800.03,1636.29,2024.37,1175779.0,129
Jaddaf Waterfront,jaddaf-waterfront,2025-06,Jun 2025,80,1861.84,1662.75,2007.57,1280000.0,83
Jaddaf Waterfront,jaddaf-waterfront,2025-07,Jul 2025,111,1810.28,1709.2,1939.52,1233487.0,112
Jaddaf Waterfront,jaddaf-waterfront,2025-08,Aug 2025,73,1778.66,1669.22,1975.77,1343500.0,82
Jaddaf Waterfront,jaddaf-waterfront,2025-09,Sep 2025,139,1776.41,1685.92,1984.09,1368000.0,153
Jaddaf Waterfront,jaddaf-waterfront,2025-10,Oct 2025,127,1885.23,1747.08,2026.99,1515999.0,146
Jaddaf Waterfront,jaddaf-waterfront,2025-11,Nov 2025,144,1879.39,1773.75,2004.23,1649999.0,165
Jaddaf Waterfront,jaddaf-waterfront,2025-12,Dec 2025,129,1905.99,1802.89,2013.44,1801000.0,140
Jaddaf Waterfront,jaddaf-waterfront,2026-01,Jan 2026,38,1882.83,1784.82,2011.83,1750500.0,41
Jaddaf Waterfront,jaddaf-waterfront,2026-02,Feb 2026,52,1925.36,1773.28,2037.62,1806000.0,53
Jaddaf Waterfront,jaddaf-waterfront,2026-03,Mar 2026,47,1850.0,1663.96,2014.38,1715975.0,51
Jaddaf Waterfront,jaddaf-waterfront,2026-04,Apr 2026,18,1957.57,1855.43,2043.73,1643565.5,20
Jaddaf Waterfront,jaddaf-waterfront,2026-05,May 2026,22,1872.04,1791.13,2053.56,1744214.0,21
Jaddaf Waterfront,jaddaf-waterfront,2026-06,Jun 2026,29,1917.6,1783.48,2074.66,1713530.0,30
Jaddaf Waterfront,jaddaf-waterfront,2026-07,Jul 2026,26,1704.37,1642.64,1885.99,1984650.0,28
Jaddaf Waterfront,jaddaf-waterfront,2026-08,Aug 2026,19,1915.91,1695.09,2029.25,1130000.0,20
Dubai Harbour,dubai-harbour,2021-09,Sep 2021,157,2523.97,2246.26,2812.62,2948888.0,161
Dubai Harbour,dubai-harbour,2021-10,Oct 2021,178,2632.21,2374.48,2870.62,3448444.0,184
Dubai Harbour,dubai-harbour,2021-11,Nov 2021,368,2564.4,2345.26,2930.65,3090669.0,369
Dubai Harbour,dubai-harbour,2021-12,Dec 2021,214,2577.1,2361.14,2915.56,2846888.0,213
Dubai Harbour,dubai-harbour,2022-01,Jan 2022,222,2645.16,2428.33,2955.87,2784888.0,221
Dubai Harbour,dubai-harbour,2022-02,Feb 2022,89,2696.27,2385.72,2980.93,2856944.0,88
Dubai Harbour,dubai-harbour,2022-03,Mar 2022,163,2594.87,2348.53,2884.72,2778959.5,164
Dubai Harbour,dubai-harbour,2022-04,Apr 2022,129,2656.11,2393.37,2973.21,2730000.0,129
Dubai Harbour,dubai-harbour,2022-05,May 2022,66,2670.86,2515.23,3011.68,2820000.0,67
Dubai Harbour,dubai-harbour,2022-06,Jun 2022,159,2620.78,2500.02,3017.62,2987144.5,160
Dubai Harbour,dubai-harbour,2022-07,Jul 2022,137,2831.59,2605.69,3209.88,3738888.0,140
Dubai Harbour,dubai-harbour,2022-08,Aug 2022,210,2950.95,2712.79,3615.41,3823388.0,218
Dubai Harbour,dubai-harbour,2022-09,Sep 2022,139,2956.4,2730.22,3608.14,3810888.0,140
Dubai Harbour,dubai-harbour,2022-10,Oct 2022,191,3790.91,3232.4,4263.35,4900000.0,199
Dubai Harbour,dubai-harbour,2022-11,Nov 2022,211,3574.67,3096.78,4104.44,4900000.0,213
Dubai Harbour,dubai-harbour,2022-12,Dec 2022,106,3003.98,2645.55,3514.24,3710000.0,114
Dubai Harbour,dubai-harbour,2023-01,Jan 2023,96,3296.24,2872.4,3615.64,3960000.0,97
Dubai Harbour,dubai-harbour,2023-02,Feb 2023,75,3138.82,2785.54,3524.7,3600000.0,80
Dubai Harbour,dubai-harbour,2023-03,Mar 2023,105,3149.11,2896.91,3549.3,4000000.0,107
Dubai Harbour,dubai-harbour,2023-04,Apr 2023,124,3543.46,3271.04,3772.86,3337888.0,131
Dubai Harbour,dubai-harbour,2023-05,May 2023,632,3807.93,3602.71,4171.35,3567000.0,645
Dubai Harbour,dubai-harbour,2023-06,Jun 2023,529,3925.23,3695.25,4142.17,3969500.0,540
Dubai Harbour,dubai-harbour,2023-07,Jul 2023,244,3950.0,3258.96,4501.68,4217944.0,278
Dubai Harbour,dubai-harbour,2023-08,Aug 2023,237,4200.01,3871.02,4939.82,5254355.0,352
Dubai Harbour,dubai-harbour,2023-09,Sep 2023,206,4377.76,3795.47,4989.59,4676500.0,258
Dubai Harbour,dubai-harbour,2023-10,Oct 2023,382,4160.66,4012.34,4303.48,3836388.0,390
Dubai Harbour,dubai-harbour,2023-11,Nov 2023,94,3989.74,3350.52,4759.56,4432944.0,110
Dubai Harbour,dubai-harbour,2023-12,Dec 2023,343,4487.61,4258.22,4622.1,5041000.0,351
Dubai Harbour,dubai-harbour,2024-01,Jan 2024,62,3559.46,3031.78,4185.61,3882348.0,102
Dubai Harbour,dubai-harbour,2024-02,Feb 2024,106,3976.03,3491.38,4194.63,4932929.5,142
Dubai Harbour,dubai-harbour,2024-03,Mar 2024,159,3899.97,3200.68,4100.01,4095825.0,212
Dubai Harbour,dubai-harbour,2024-04,Apr 2024,56,3745.11,3406.67,4032.1,4478081.0,68
Dubai Harbour,dubai-harbour,2024-05,May 2024,123,3955.87,3322.15,4200.02,4338500.0,184
Dubai Harbour,dubai-harbour,2024-06,Jun 2024,70,3806.38,3412.98,4274.65,4229500.0,100
Dubai Harbour,dubai-harbour,2024-07,Jul 2024,77,3512.06,3248.7,3871.67,4197600.0,107
Dubai Harbour,dubai-harbour,2024-08,Aug 2024,36,3588.54,3197.63,4033.11,4091670.0,47
Dubai Harbour,dubai-harbour,2024-09,Sep 2024,79,3895.59,3453.48,4237.74,4687500.0,96
Dubai Harbour,dubai-harbour,2024-10,Oct 2024,147,4038.51,3696.79,4200.01,5467040.0,163
Dubai Harbour,dubai-harbour,2024-11,Nov 2024,126,4000.01,3492.7,4266.99,5621212.5,128
Dubai Harbour,dubai-harbour,2024-12,Dec 2024,109,4083.4,3737.3,4269.67,5768000.0,114
Dubai Harbour,dubai-harbour,2025-01,Jan 2025,104,3976.12,3457.99,4272.8,5332444.0,116
Dubai Harbour,dubai-harbour,2025-02,Feb 2025,123,4000.01,3462.79,4408.19,5474850.0,129
Dubai Harbour,dubai-harbour,2025-03,Mar 2025,144,4264.83,3603.33,4499.21,6680388.0,264
Dubai Harbour,dubai-harbour,2025-04,Apr 2025,135,3881.63,3222.85,4411.84,6005168.0,155
Dubai Harbour,dubai-harbour,2025-05,May 2025,165,3757.2,3168.35,4273.08,6200000.0,176
Dubai Harbour,dubai-harbour,2025-06,Jun 2025,110,3836.52,3289.1,4300.07,5600000.0,122
Dubai Harbour,dubai-harbour,2025-07,Jul 2025,106,4000.0,3467.97,4349.77,5775000.0,108
Dubai Harbour,dubai-harbour,2025-08,Aug 2025,60,3716.66,3478.39,4244.75,5292964.0,66
Dubai Harbour,dubai-harbour,2025-09,Sep 2025,54,4197.66,3454.54,4564.24,6039000.0,50
Dubai Harbour,dubai-harbour,2025-10,Oct 2025,82,3751.05,3328.32,4217.16,5100000.0,81
Dubai Harbour,dubai-harbour,2025-11,Nov 2025,77,3885.94,3308.77,4521.15,4950000.0,81
Dubai Harbour,dubai-harbour,2025-12,Dec 2025,100,4197.63,3549.85,4741.46,5112500.0,102
Dubai Harbour,dubai-harbour,2026-01,Jan 2026,47,3538.07,3248.93,3901.44,4386653.0,62
Dubai Harbour,dubai-harbour,2026-02,Feb 2026,93,3660.8,3241.69,4299.99,4758084.0,116
Dubai Harbour,dubai-harbour,2026-03,Mar 2026,35,3947.27,3544.73,4389.2,4834945.0,38
Dubai Harbour,dubai-harbour,2026-04,Apr 2026,38,3657.51,3037.47,4209.63,6480888.0,51
Dubai Harbour,dubai-harbour,2026-05,May 2026,33,3567.84,3351.03,4015.44,6187944.0,36
Dubai Harbour,dubai-harbour,2026-06,Jun 2026,31,3591.73,3249.69,3986.32,4225000.0,36
Dubai Harbour,dubai-harbour,2026-07,Jul 2026,36,3590.88,3153.2,4070.19,4167019.0,40
Dubai Harbour,dubai-harbour,2026-08,Aug 2026,22,3498.82,3170.74,3949.21,4188888.0,23
City Walk,city-walk,2021-09,Sep 2021,20,1672.56,1485.08,1698.02,2458500.0,20
City Walk,city-walk,2021-10,Oct 2021,12,1620.38,1459.54,1708.62,2844000.0,12
City Walk,city-walk,2021-11,Nov 2021,8,1596.14,1487.32,1723.72,2523000.0,8
City Walk,city-walk,2021-12,Dec 2021,8,1833.03,1705.19,1910.49,3330000.0,8
City Walk,city-walk,2022-01,Jan 2022,5,1651.95,1633.65,1891.81,3330000.0,5
City Walk,city-walk,2022-02,Feb 2022,11,1859.67,1725.97,1913.19,2725000.0,10
City Walk,city-walk,2022-03,Mar 2022,139,1825.2,1772.61,1911.01,1556000.0,139
City Walk,city-walk,2022-04,Apr 2022,72,1850.58,1777.89,1914.58,1400000.0,72
City Walk,city-walk,2022-05,May 2022,50,1858.59,1766.96,1915.67,1712500.0,50
City Walk,city-walk,2022-06,Jun 2022,52,1865.87,1802.8,1969.99,2069000.0,52
City Walk,city-walk,2022-07,Jul 2022,77,1956.87,1846.8,2044.08,1362000.0,77
City Walk,city-walk,2022-08,Aug 2022,30,1985.96,1853.33,2086.78,2252000.0,30
City Walk,city-walk,2022-09,Sep 2022,60,1999.81,1773.66,2133.38,1785500.0,60
City Walk,city-walk,2022-10,Oct 2022,153,2139.27,2001.76,2258.21,2682500.0,150
City Walk,city-walk,2022-11,Nov 2022,177,2138.66,2025.42,2325.48,2200000.0,177
City Walk,city-walk,2022-12,Dec 2022,194,2126.17,1964.16,2393.48,2687500.0,194
City Walk,city-walk,2023-01,Jan 2023,88,2195.43,2022.43,2444.11,2766000.0,88
City Walk,city-walk,2023-02,Feb 2023,68,2171.73,2001.05,2465.53,1970000.0,67
City Walk,city-walk,2023-03,Mar 2023,88,2173.61,1958.42,2394.47,2649980.0,86
City Walk,city-walk,2023-04,Apr 2023,97,2369.22,2073.63,2645.75,2950000.0,95
City Walk,city-walk,2023-05,May 2023,114,2366.58,2060.73,2533.72,2388500.0,112
City Walk,city-walk,2023-06,Jun 2023,102,1873.7,1543.77,2372.72,2904329.5,100
City Walk,city-walk,2023-07,Jul 2023,69,2246.83,2002.96,2592.64,2963500.0,68
City Walk,city-walk,2023-08,Aug 2023,94,2681.58,2210.17,2852.17,2572000.0,94
City Walk,city-walk,2023-09,Sep 2023,109,2718.39,2509.76,2906.23,3211000.0,108
City Walk,city-walk,2023-10,Oct 2023,57,2458.7,2147.35,2782.37,3179000.0,55
City Walk,city-walk,2023-11,Nov 2023,42,2328.33,2058.52,2733.39,3227500.0,42
City Walk,city-walk,2023-12,Dec 2023,31,2154.06,1969.88,2406.34,3550000.0,31
City Walk,city-walk,2024-01,Jan 2024,146,3171.27,3028.39,3321.26,4109000.0,134
City Walk,city-walk,2024-02,Feb 2024,113,3109.69,2384.57,3226.01,3700000.0,111
City Walk,city-walk,2024-03,Mar 2024,64,2233.69,2039.78,2633.65,3500000.0,64
City Walk,city-walk,2024-04,Apr 2024,88,2612.82,2362.7,2803.08,3185500.0,84
City Walk,city-walk,2024-05,May 2024,250,2680.72,2549.66,2812.69,3178000.0,249
City Walk,city-walk,2024-06,Jun 2024,74,2675.58,2481.24,2808.44,3200000.0,73
City Walk,city-walk,2024-07,Jul 2024,69,2585.49,2201.0,2827.55,3571350.0,68
City Walk,city-walk,2024-08,Aug 2024,334,2982.33,2835.63,3113.76,3336000.0,323
City Walk,city-walk,2024-09,Sep 2024,102,2925.11,2773.19,3103.94,3397000.0,100
City Walk,city-walk,2024-10,Oct 2024,82,2818.15,2450.95,3088.57,3372500.0,78
City Walk,city-walk,2024-11,Nov 2024,30,2501.98,2311.79,2718.4,3850000.0,27
City Walk,city-walk,2024-12,Dec 2024,30,2564.43,2294.42,2717.09,3480000.0,29
City Walk,city-walk,2025-01,Jan 2025,43,2558.96,2383.91,2645.08,3100000.0,43
City Walk,city-walk,2025-02,Feb 2025,40,2751.5,2499.42,2868.16,3460000.0,38
City Walk,city-walk,2025-03,Mar 2025,61,3053.13,2792.41,3255.45,3505000.0,60
City Walk,city-walk,2025-04,Apr 2025,262,3237.55,2808.3,3319.72,3265500.0,252
City Walk,city-walk,2025-05,May 2025,165,3099.84,2784.14,3297.25,3288000.0,162
City Walk,city-walk,2025-06,Jun 2025,38,2831.86,2642.68,3192.57,2920000.0,36
City Walk,city-walk,2025-07,Jul 2025,55,3145.56,2808.43,3320.53,3417500.0,54
City Walk,city-walk,2025-08,Aug 2025,74,3242.82,2817.8,3355.29,3142500.0,70
City Walk,city-walk,2025-09,Sep 2025,75,3024.94,2679.3,3274.1,3572000.0,74
City Walk,city-walk,2025-10,Oct 2025,113,3236.67,3084.77,3335.95,3450000.0,108
City Walk,city-walk,2025-11,Nov 2025,36,2911.16,2760.41,3083.43,3800000.0,39
City Walk,city-walk,2025-12,Dec 2025,36,2982.14,2551.9,3244.84,3750000.0,36
City Walk,city-walk,2026-01,Jan 2026,78,3184.92,2934.78,3425.47,3760000.0,76
City Walk,city-walk,2026-02,Feb 2026,206,3343.4,3136.27,3493.68,3805000.0,203
City Walk,city-walk,2026-03,Mar 2026,46,3312.69,3003.38,3459.74,2855000.0,47
City Walk,city-walk,2026-04,Apr 2026,118,2815.31,2650.92,3354.31,4399958.0,111
City Walk,city-walk,2026-05,May 2026,41,3326.31,2932.08,3432.43,2842000.0,41
City Walk,city-walk,2026-06,Jun 2026,28,2999.88,2653.04,3299.53,2825500.0,26
City Walk,city-walk,2026-07,Jul 2026,35,2942.4,2726.32,3338.26,2744500.0,32
City Walk,city-walk,2026-08,Aug 2026,30,2928.87,2672.94,3315.87,2856000.0,27
Sufouh Gardens,sufouh-gardens,2021-10,Oct 2021,6,778.08,714.0,974.65,1000000.0,7
Sufouh Gardens,sufouh-gardens,2021-11,Nov 2021,7,1100.0,1100.0,1100.0,1592998.0,9
Sufouh Gardens,sufouh-gardens,2021-12,Dec 2021,5,879.96,842.67,1004.95,1130000.0,5
Sufouh Gardens,sufouh-gardens,2022-01,Jan 2022,1,,,,,1
Sufouh Gardens,sufouh-gardens,2022-02,Feb 2022,1,,,,,1
Sufouh Gardens,sufouh-gardens,2022-03,Mar 2022,0,,,,,0
Sufouh Gardens,sufouh-gardens,2022-04,Apr 2022,2,,,,,3
Sufouh Gardens,sufouh-gardens,2022-05,May 2022,0,,,,,0
Sufouh Gardens,sufouh-gardens,2022-06,Jun 2022,2,,,,,4
Sufouh Gardens,sufouh-gardens,2022-07,Jul 2022,1,,,,,2
Sufouh Gardens,sufouh-gardens,2022-08,Aug 2022,1,,,,,1
Sufouh Gardens,sufouh-gardens,2022-09,Sep 2022,1,,,,,2
Sufouh Gardens,sufouh-gardens,2022-10,Oct 2022,1,,,,,2
Sufouh Gardens,sufouh-gardens,2022-11,Nov 2022,0,,,,,1
Sufouh Gardens,sufouh-gardens,2022-12,Dec 2022,1,,,,,2
Sufouh Gardens,sufouh-gardens,2023-01,Jan 2023,1,,,,,3
Sufouh Gardens,sufouh-gardens,2023-02,Feb 2023,7,1125.54,925.43,1322.63,1200000.0,7
Sufouh Gardens,sufouh-gardens,2023-03,Mar 2023,7,969.96,931.18,1067.63,1330000.0,10
Sufouh Gardens,sufouh-gardens,2023-04,Apr 2023,3,,,,,4
Sufouh Gardens,sufouh-gardens,2023-05,May 2023,8,938.54,900.49,1065.0,1155000.0,9
Sufouh Gardens,sufouh-gardens,2023-06,Jun 2023,14,1131.73,1077.36,1425.17,1055000.0,14
Sufouh Gardens,sufouh-gardens,2023-07,Jul 2023,9,1032.26,926.45,1170.34,1250000.0,9
Sufouh Gardens,sufouh-gardens,2023-08,Aug 2023,12,1200.62,1026.22,4232.15,1250000.0,12
Sufouh Gardens,sufouh-gardens,2023-09,Sep 2023,10,1131.66,1028.01,1251.68,1112500.0,10
Sufouh Gardens,sufouh-gardens,2023-10,Oct 2023,48,2444.48,1100.28,2635.53,1738080.0,52
Sufouh Gardens,sufouh-gardens,2023-11,Nov 2023,36,2336.76,1851.95,2654.96,1917600.0,37
Sufouh Gardens,sufouh-gardens,2023-12,Dec 2023,23,2296.22,1964.24,2546.11,1911000.0,25
Sufouh Gardens,sufouh-gardens,2024-01,Jan 2024,42,2443.62,2291.81,2775.69,2251440.5,46
Sufouh Gardens,sufouh-gardens,2024-02,Feb 2024,16,1708.08,1214.35,2523.53,2140000.0,22
Sufouh Gardens,sufouh-gardens,2024-03,Mar 2024,20,2350.56,1399.24,2586.75,1776869.5,20
Sufouh Gardens,sufouh-gardens,2024-04,Apr 2024,22,2210.34,1966.21,2424.08,2118186.0,23
Sufouh Gardens,sufouh-gardens,2024-05,May 2024,17,2054.21,1362.61,2507.62,1920227.0,17
Sufouh Gardens,sufouh-gardens,2024-06,Jun 2024,6,1337.61,1303.63,1399.27,1975000.0,6
Sufouh Gardens,sufouh-gardens,2024-07,Jul 2024,9,2047.5,1809.94,2498.01,1851260.0,9
Sufouh Gardens,sufouh-gardens,2024-08,Aug 2024,14,2308.94,1731.48,2595.37,1965322.0,14
Sufouh Gardens,sufouh-gardens,2024-09,Sep 2024,6,2073.18,1739.28,2437.99,2450000.0,7
Sufouh Gardens,sufouh-gardens,2024-10,Oct 2024,11,2357.34,1498.41,3252.37,2160500.0,12
Sufouh Gardens,sufouh-gardens,2024-11,Nov 2024,22,2295.2,2049.1,2517.7,2329247.5,24
Sufouh Gardens,sufouh-gardens,2024-12,Dec 2024,8,1187.29,1102.85,1401.49,1443419.0,8
Sufouh Gardens,sufouh-gardens,2025-01,Jan 2025,17,1725.02,1472.12,2409.6,2000000.0,17
Sufouh Gardens,sufouh-gardens,2025-02,Feb 2025,13,1775.9,1519.22,2204.06,2630784.0,13
Sufouh Gardens,sufouh-gardens,2025-03,Mar 2025,18,1561.66,1453.12,2464.76,2104500.0,20
Sufouh Gardens,sufouh-gardens,2025-04,Apr 2025,8,1545.48,1375.37,1659.64,1484166.5,8
Sufouh Gardens,sufouh-gardens,2025-05,May 2025,9,1504.98,1420.12,1697.02,1466214.0,9
Sufouh Gardens,sufouh-gardens,2025-06,Jun 2025,20,2035.55,1552.14,2519.71,2550000.0,21
Sufouh Gardens,sufouh-gardens,2025-07,Jul 2025,32,2436.47,1622.96,2700.16,2224950.0,35
Sufouh Gardens,sufouh-gardens,2025-08,Aug 2025,11,2582.54,1713.37,2632.9,2383506.0,12
Sufouh Gardens,sufouh-gardens,2025-09,Sep 2025,9,1672.37,1552.01,1740.85,2605304.0,10
Sufouh Gardens,sufouh-gardens,2025-10,Oct 2025,22,2405.52,1700.01,2669.19,2164273.5,22
Sufouh Gardens,sufouh-gardens,2025-11,Nov 2025,8,1602.78,1595.35,1703.38,1501768.0,9
Sufouh Gardens,sufouh-gardens,2025-12,Dec 2025,19,2473.4,1737.51,2787.67,2960064.0,19
Sufouh Gardens,sufouh-gardens,2026-01,Jan 2026,24,2393.07,2108.58,2691.41,2241500.0,228
Sufouh Gardens,sufouh-gardens,2026-02,Feb 2026,31,2516.79,2169.04,2703.88,2418000.0,177
Sufouh Gardens,sufouh-gardens,2026-03,Mar 2026,12,1703.99,1647.42,2640.14,2447594.0,51
Sufouh Gardens,sufouh-gardens,2026-04,Apr 2026,9,2821.62,2259.98,2986.6,2571030.0,47
Sufouh Gardens,sufouh-gardens,2026-05,May 2026,4,,,,2480250.0,24
Sufouh Gardens,sufouh-gardens,2026-06,Jun 2026,4,,,,2377000.0,67
Sufouh Gardens,sufouh-gardens,2026-07,Jul 2026,7,1728.12,1588.07,2270.89,2216520.0,23
Sufouh Gardens,sufouh-gardens,2026-08,Aug 2026,32,2482.2,2270.4,2520.0,2510572.0,42
Mina Rashid,mina-rashid,2022-08,Aug 2022,23,2038.49,1779.12,2162.1,2305888.0,23
Mina Rashid,mina-rashid,2022-09,Sep 2022,76,1613.49,1499.4,1949.88,1870388.0,76
Mina Rashid,mina-rashid,2022-10,Oct 2022,122,1573.15,1494.95,1867.17,1875888.0,122
Mina Rashid,mina-rashid,2022-11,Nov 2022,12,1942.66,1518.55,2132.78,2741845.0,12
Mina Rashid,mina-rashid,2022-12,Dec 2022,4,,,,,4
Mina Rashid,mina-rashid,2023-01,Jan 2023,109,1824.53,1673.6,1873.81,2179888.0,109
Mina Rashid,mina-rashid,2023-02,Feb 2023,89,1818.3,1708.3,1912.79,2141888.0,89
Mina Rashid,mina-rashid,2023-03,Mar 2023,159,1769.7,1708.39,1865.1,2338452.0,159
Mina Rashid,mina-rashid,2023-04,Apr 2023,21,1743.87,1694.64,1815.0,2328888.0,21
Mina Rashid,mina-rashid,2023-05,May 2023,6,1825.27,1649.33,1956.17,2463888.0,6
Mina Rashid,mina-rashid,2023-06,Jun 2023,5,1826.49,1813.88,1920.83,1489888.0,5
Mina Rashid,mina-rashid,2023-07,Jul 2023,36,1974.58,1873.96,2003.67,1664388.0,36
Mina Rashid,mina-rashid,2023-08,Aug 2023,96,1926.33,1811.03,1991.04,1581888.0,96
Mina Rashid,mina-rashid,2023-09,Sep 2023,12,1915.09,1786.98,1924.26,1929888.0,12
Mina Rashid,mina-rashid,2023-10,Oct 2023,222,1917.93,1746.08,1949.86,1716388.0,222
Mina Rashid,mina-rashid,2023-11,Nov 2023,165,1918.54,1749.46,1959.5,2305888.0,165
Mina Rashid,mina-rashid,2023-12,Dec 2023,80,1804.47,1712.76,1967.96,2326888.0,85
Mina Rashid,mina-rashid,2024-01,Jan 2024,292,2003.81,1931.64,2077.39,2417388.0,292
Mina Rashid,mina-rashid,2024-02,Feb 2024,19,1969.43,1801.33,2037.03,2735888.0,19
Mina Rashid,mina-rashid,2024-03,Mar 2024,20,1995.25,1941.97,2090.67,2762388.0,20
Mina Rashid,mina-rashid,2024-04,Apr 2024,18,1943.42,1832.01,2041.75,2416888.0,18
Mina Rashid,mina-rashid,2024-05,May 2024,249,2105.12,1988.19,2194.13,2439888.0,249
Mina Rashid,mina-rashid,2024-06,Jun 2024,91,2125.36,1997.89,2199.51,2510888.0,91
Mina Rashid,mina-rashid,2024-07,Jul 2024,42,2205.7,2161.09,2310.36,2520888.0,42
Mina Rashid,mina-rashid,2024-08,Aug 2024,509,2390.46,2232.65,3081.04,2603888.0,509
Mina Rashid,mina-rashid,2024-09,Sep 2024,196,2227.62,2128.63,2354.14,2544888.0,196
Mina Rashid,mina-rashid,2024-10,Oct 2024,296,2511.19,2254.39,2877.85,2683480.5,298
Mina Rashid,mina-rashid,2024-11,Nov 2024,143,2583.48,2308.13,3175.13,2902569.0,143
Mina Rashid,mina-rashid,2024-12,Dec 2024,129,2637.14,2417.31,3135.78,2917888.0,129
Mina Rashid,mina-rashid,2025-01,Jan 2025,177,2870.71,2627.17,3449.19,3165888.0,177
Mina Rashid,mina-rashid,2025-02,Feb 2025,123,2619.21,2411.26,2764.79,2370000.0,123
Mina Rashid,mina-rashid,2025-03,Mar 2025,28,2613.32,2167.1,2749.42,2526944.0,28
Mina Rashid,mina-rashid,2025-04,Apr 2025,28,2352.85,1999.59,2703.96,2705000.0,28
Mina Rashid,mina-rashid,2025-05,May 2025,22,1890.62,1731.24,2181.25,2398452.0,22
Mina Rashid,mina-rashid,2025-06,Jun 2025,24,2216.51,2068.24,2320.92,2284444.0,24
Mina Rashid,mina-rashid,2025-07,Jul 2025,10,2097.03,1848.29,2371.59,1984888.0,11
Mina Rashid,mina-rashid,2025-08,Aug 2025,87,2948.89,2862.56,3837.63,2316388.0,84
Mina Rashid,mina-rashid,2025-09,Sep 2025,175,2969.67,2876.46,3863.38,2292888.0,171
Mina Rashid,mina-rashid,2025-10,Oct 2025,71,2822.91,2667.0,3007.7,2293888.0,71
Mina Rashid,mina-rashid,2025-11,Nov 2025,151,2913.11,2701.29,2998.99,2397888.0,151
Mina Rashid,mina-rashid,2025-12,Dec 2025,60,2865.49,2661.2,3227.96,3226888.0,60
Mina Rashid,mina-rashid,2026-01,Jan 2026,47,2724.84,2421.84,3596.31,3321339.0,47
Mina Rashid,mina-rashid,2026-02,Feb 2026,29,2559.53,2106.16,2794.33,2308888.0,29
Mina Rashid,mina-rashid,2026-03,Mar 2026,33,2415.47,2227.91,2796.41,2539388.0,32
Mina Rashid,mina-rashid,2026-04,Apr 2026,71,2866.73,2769.84,3031.54,2368888.0,71
Mina Rashid,mina-rashid,2026-05,May 2026,20,2356.79,2064.84,2941.34,2266888.0,20
Mina Rashid,mina-rashid,2026-06,Jun 2026,20,2807.96,2541.85,2961.43,2442444.0,20
Mina Rashid,mina-rashid,2026-07,Jul 2026,22,2702.08,2167.53,2946.59,2323944.0,22
Mina Rashid,mina-rashid,2026-08,Aug 2026,20,2196.17,1830.55,2817.33,2286388.0,20
Sama Al Jadaf,sama-al-jadaf,2026-01,Jan 2026,168,2204.07,2167.1,2265.86,876999.0,172
Sama Al Jadaf,sama-al-jadaf,2026-02,Feb 2026,108,2198.76,2001.91,2251.54,1307019.0,112
Sama Al Jadaf,sama-al-jadaf,2026-03,Mar 2026,90,2187.01,1664.0,2264.29,1275188.0,92
Sama Al Jadaf,sama-al-jadaf,2026-04,Apr 2026,55,2190.43,1997.55,2243.15,1536999.0,56
Sama Al Jadaf,sama-al-jadaf,2026-05,May 2026,29,2312.7,2120.74,2478.71,1026187.5,30
Sama Al Jadaf,sama-al-jadaf,2026-06,Jun 2026,89,2162.48,2027.66,2376.01,1313280.0,91
Sama Al Jadaf,sama-al-jadaf,2026-07,Jul 2026,63,2327.41,2105.6,2455.35,888525.0,64
Sama Al Jadaf,sama-al-jadaf,2026-08,Aug 2026,77,2217.07,1958.14,2382.13,1350000.0,80
Mohammed Bin Rashid AL Maktoum District 11,mohammed-bin-rashid-al-maktoum-district-11,2021-09,Sep 2021,20,499.48,497.68,741.18,838892.0,20
Mohammed Bin Rashid AL Maktoum District 11,mohammed-bin-rashid-al-maktoum-district-11,2021-10,Oct 2021,20,514.06,513.34,552.86,743062.0,20
Mohammed Bin Rashid AL Maktoum District 11,mohammed-bin-rashid-al-maktoum-district-11,2021-11,Nov 2021,3,,,,,3
Mohammed Bin Rashid AL Maktoum District 11,mohammed-bin-rashid-al-maktoum-district-11,2021-12,Dec 2021,0,,,,,0
Mohammed Bin Rashid AL Maktoum District 11,mohammed-bin-rashid-al-maktoum-district-11,2022-01,Jan 2022,1,,,,,1
Mohammed Bin Rashid AL Maktoum District 11,mohammed-bin-rashid-al-maktoum-district-11,2022-02,Feb 2022,14,725.85,719.71,736.63,237695.0,13
Mohammed Bin Rashid AL Maktoum District 11,mohammed-bin-rashid-al-maktoum-district-11,2022-03,Mar 2022,2,,,,,2
Mohammed Bin Rashid AL Maktoum District 11,mohammed-bin-rashid-al-maktoum-district-11,2022-04,Apr 2022,3,,,,,3
Mohammed Bin Rashid AL Maktoum District 11,mohammed-bin-rashid-al-maktoum-district-11,2022-05,May 2022,0,,,,,0
Mohammed Bin Rashid AL Maktoum District 11,mohammed-bin-rashid-al-maktoum-district-11,2022-06,Jun 2022,2,,,,,2
Mohammed Bin Rashid AL Maktoum District 11,mohammed-bin-rashid-al-maktoum-district-11,2022-07,Jul 2022,3,,,,,3
Mohammed Bin Rashid AL Maktoum District 11,mohammed-bin-rashid-al-maktoum-district-11,2022-08,Aug 2022,5,799.97,778.73,831.93,1130000.0,5
Mohammed Bin Rashid AL Maktoum District 11,mohammed-bin-rashid-al-maktoum-district-11,2022-09,Sep 2022,3,,,,,3
Mohammed Bin Rashid AL Maktoum District 11,mohammed-bin-rashid-al-maktoum-district-11,2022-10,Oct 2022,3,,,,,3
Mohammed Bin Rashid AL Maktoum District 11,mohammed-bin-rashid-al-maktoum-district-11,2022-11,Nov 2022,87,1374.77,1338.29,1707.47,4065801.0,101
Mohammed Bin Rashid AL Maktoum District 11,mohammed-bin-rashid-al-maktoum-district-11,2022-12,Dec 2022,31,1690.05,1500.45,1707.52,3546891.0,38
Mohammed Bin Rashid AL Maktoum District 11,mohammed-bin-rashid-al-maktoum-district-11,2023-01,Jan 2023,203,1707.47,1638.3,1773.08,3543194.0,203
Mohammed Bin Rashid AL Maktoum District 11,mohammed-bin-rashid-al-maktoum-district-11,2023-02,Feb 2023,75,1723.13,1443.45,1774.07,3518961.0,75
Mohammed Bin Rashid AL Maktoum District 11,mohammed-bin-rashid-al-maktoum-district-11,2023-03,Mar 2023,87,1613.61,1431.79,1741.78,3562033.5,88
Mohammed Bin Rashid AL Maktoum District 11,mohammed-bin-rashid-al-maktoum-district-11,2023-04,Apr 2023,50,1752.34,1689.84,1782.63,3585551.0,50
Mohammed Bin Rashid AL Maktoum District 11,mohammed-bin-rashid-al-maktoum-district-11,2023-05,May 2023,86,1686.56,1547.52,1785.85,4701596.5,152
Mohammed Bin Rashid AL Maktoum District 11,mohammed-bin-rashid-al-maktoum-district-11,2023-06,Jun 2023,40,1674.57,1593.0,1771.99,7440000.0,122
Mohammed Bin Rashid AL Maktoum District 11,mohammed-bin-rashid-al-maktoum-district-11,2023-07,Jul 2023,71,1551.44,1465.32,1601.35,7384800.0,201
Mohammed Bin Rashid AL Maktoum District 11,mohammed-bin-rashid-al-maktoum-district-11,2023-08,Aug 2023,45,1515.77,1439.2,1822.44,3893364.0,64
Mohammed Bin Rashid AL Maktoum District 11,mohammed-bin-rashid-al-maktoum-district-11,2023-09,Sep 2023,108,1541.47,1455.63,1572.86,4698882.0,129
Mohammed Bin Rashid AL Maktoum District 11,mohammed-bin-rashid-al-maktoum-district-11,2023-10,Oct 2023,38,1517.03,1440.1,1570.43,5909800.0,58
Mohammed Bin Rashid AL Maktoum District 11,mohammed-bin-rashid-al-maktoum-district-11,2023-11,Nov 2023,19,1836.42,1568.69,1885.9,4325000.0,24
Mohammed Bin Rashid AL Maktoum District 11,mohammed-bin-rashid-al-maktoum-district-11,2023-12,Dec 2023,19,1544.82,1335.36,1734.64,11277800.0,44
Mohammed Bin Rashid AL Maktoum District 11,mohammed-bin-rashid-al-maktoum-district-11,2024-01,Jan 2024,24,1503.28,1232.46,1630.63,3550000.0,28
Mohammed Bin Rashid AL Maktoum District 11,mohammed-bin-rashid-al-maktoum-district-11,2024-02,Feb 2024,17,1712.16,1532.51,1885.85,4650000.0,21
Mohammed Bin Rashid AL Maktoum District 11,mohammed-bin-rashid-al-maktoum-district-11,2024-03,Mar 2024,26,1699.75,1540.15,2218.22,7375000.0,42
Mohammed Bin Rashid AL Maktoum District 11,mohammed-bin-rashid-al-maktoum-district-11,2024-04,Apr 2024,16,1758.79,1665.59,2667.03,7550000.0,19
Mohammed Bin Rashid AL Maktoum District 11,mohammed-bin-rashid-al-maktoum-district-11,2024-05,May 2024,44,1478.41,732.43,1880.25,3450000.0,49
Mohammed Bin Rashid AL Maktoum District 11,mohammed-bin-rashid-al-maktoum-district-11,2024-06,Jun 2024,53,1381.13,996.74,1513.64,2000000.0,73
Mohammed Bin Rashid AL Maktoum District 11,mohammed-bin-rashid-al-maktoum-district-11,2024-07,Jul 2024,67,1438.64,1322.52,1545.26,2598777.0,71
Mohammed Bin Rashid AL Maktoum District 11,mohammed-bin-rashid-al-maktoum-district-11,2024-08,Aug 2024,78,1444.24,1340.64,1625.77,1926777.0,83
Mohammed Bin Rashid AL Maktoum District 11,mohammed-bin-rashid-al-maktoum-district-11,2024-09,Sep 2024,34,1488.16,1408.46,1749.35,3603500.0,44
Mohammed Bin Rashid AL Maktoum District 11,mohammed-bin-rashid-al-maktoum-district-11,2024-10,Oct 2024,56,1476.44,1338.7,1634.51,2425000.0,60
Mohammed Bin Rashid AL Maktoum District 11,mohammed-bin-rashid-al-maktoum-district-11,2024-11,Nov 2024,48,1621.31,1399.19,2113.63,3525000.0,48
Mohammed Bin Rashid AL Maktoum District 11,mohammed-bin-rashid-al-maktoum-district-11,2024-12,Dec 2024,26,1971.51,1515.19,2393.53,4273800.0,29
Mohammed Bin Rashid AL Maktoum District 11,mohammed-bin-rashid-al-maktoum-district-11,2025-01,Jan 2025,42,1683.8,1500.34,2362.34,4050000.0,40
Mohammed Bin Rashid AL Maktoum District 11,mohammed-bin-rashid-al-maktoum-district-11,2025-02,Feb 2025,47,1714.19,1578.1,1976.05,2505777.0,53
Mohammed Bin Rashid AL Maktoum District 11,mohammed-bin-rashid-al-maktoum-district-11,2025-03,Mar 2025,80,1677.45,1571.03,1810.69,1467430.0,90
Mohammed Bin Rashid AL Maktoum District 11,mohammed-bin-rashid-al-maktoum-district-11,2025-04,Apr 2025,76,1809.49,1525.43,2251.96,3650000.0,83
Mohammed Bin Rashid AL Maktoum District 11,mohammed-bin-rashid-al-maktoum-district-11,2025-05,May 2025,64,2048.12,1640.82,2566.71,6419914.0,72
Mohammed Bin Rashid AL Maktoum District 11,mohammed-bin-rashid-al-maktoum-district-11,2025-06,Jun 2025,52,1724.43,1588.09,1929.93,3500000.0,55
Mohammed Bin Rashid AL Maktoum District 11,mohammed-bin-rashid-al-maktoum-district-11,2025-07,Jul 2025,71,1751.82,1434.27,1864.45,2000000.0,71
Mohammed Bin Rashid AL Maktoum District 11,mohammed-bin-rashid-al-maktoum-district-11,2025-08,Aug 2025,64,1764.48,1551.08,1869.78,1975592.0,66
Mohammed Bin Rashid AL Maktoum District 11,mohammed-bin-rashid-al-maktoum-district-11,2025-09,Sep 2025,90,1724.43,1567.85,1806.98,2019529.0,88
Mohammed Bin Rashid AL Maktoum District 11,mohammed-bin-rashid-al-maktoum-district-11,2025-10,Oct 2025,56,1842.98,1695.63,1942.38,3310000.0,58
Mohammed Bin Rashid AL Maktoum District 11,mohammed-bin-rashid-al-maktoum-district-11,2025-11,Nov 2025,50,1869.14,1617.24,1996.87,3850000.0,52
Mohammed Bin Rashid AL Maktoum District 11,mohammed-bin-rashid-al-maktoum-district-11,2025-12,Dec 2025,50,1839.45,1715.13,2026.86,2440840.0,55
Mohammed Bin Rashid AL Maktoum District 11,mohammed-bin-rashid-al-maktoum-district-11,2026-01,Jan 2026,40,1901.98,1699.61,2729.39,4400000.0,45
Mohammed Bin Rashid AL Maktoum District 11,mohammed-bin-rashid-al-maktoum-district-11,2026-02,Feb 2026,41,1782.0,1548.07,1905.5,3000000.0,43
Mohammed Bin Rashid AL Maktoum District 11,mohammed-bin-rashid-al-maktoum-district-11,2026-03,Mar 2026,42,1914.39,1806.29,2867.22,3175000.0,42
Mohammed Bin Rashid AL Maktoum District 11,mohammed-bin-rashid-al-maktoum-district-11,2026-04,Apr 2026,49,1895.04,1807.3,2025.59,2183200.0,58
Mohammed Bin Rashid AL Maktoum District 11,mohammed-bin-rashid-al-maktoum-district-11,2026-05,May 2026,53,2043.63,1856.52,2809.13,7187781.5,58
Mohammed Bin Rashid AL Maktoum District 11,mohammed-bin-rashid-al-maktoum-district-11,2026-06,Jun 2026,30,1845.41,1737.4,2059.1,2283594.5,46
Mohammed Bin Rashid AL Maktoum District 11,mohammed-bin-rashid-al-maktoum-district-11,2026-07,Jul 2026,40,1866.94,1619.58,2023.71,3250000.0,45
Mohammed Bin Rashid AL Maktoum District 11,mohammed-bin-rashid-al-maktoum-district-11,2026-08,Aug 2026,33,1698.34,1600.0,1954.18,1203888.0,70
Palm Jabal Ali,palm-jabal-ali,2025-12,Dec 2025,86,3500.23,3412.11,3711.06,7950000.0,148
Palm Jabal Ali,palm-jabal-ali,2026-01,Jan 2026,82,3470.55,3412.11,3685.28,7555000.0,116
Palm Jabal Ali,palm-jabal-ali,2026-02,Feb 2026,41,3480.82,3403.73,3674.29,8705000.0,67
Palm Jabal Ali,palm-jabal-ali,2026-03,Mar 2026,3,,,,30624000.0,26
Palm Jabal Ali,palm-jabal-ali,2026-04,Apr 2026,0,,,,31122000.0,39
Palm Jabal Ali,palm-jabal-ali,2026-05,May 2026,1,,,,31162000.0,24
Palm Jabal Ali,palm-jabal-ali,2026-06,Jun 2026,0,,,,25767500.0,10
Palm Jabal Ali,palm-jabal-ali,2026-07,Jul 2026,61,3593.92,3351.66,3774.99,4939000.0,71
Palm Jabal Ali,palm-jabal-ali,2026-08,Aug 2026,117,3542.53,3357.97,3829.22,4313500.0,114
Dubai Water Canal,dubai-water-canal,2022-03,Mar 2022,88,1800.0,1800.0,1800.0,2418390.0,105
Dubai Water Canal,dubai-water-canal,2022-04,Apr 2022,0,,,,,0
Dubai Water Canal,dubai-water-canal,2022-05,May 2022,189,2176.08,2038.19,2347.55,2696960.0,189
Dubai Water Canal,dubai-water-canal,2022-06,Jun 2022,153,2104.92,1939.39,2230.24,2517000.0,153
Dubai Water Canal,dubai-water-canal,2022-07,Jul 2022,138,2199.38,2040.96,2237.09,2880175.0,139
Dubai Water Canal,dubai-water-canal,2022-08,Aug 2022,39,2523.55,2390.75,2727.0,3828000.0,39
Dubai Water Canal,dubai-water-canal,2022-09,Sep 2022,306,2095.72,1871.61,2224.36,3388800.0,315
Dubai Water Canal,dubai-water-canal,2022-10,Oct 2022,12,1955.98,1723.43,2098.67,3003871.0,12
Dubai Water Canal,dubai-water-canal,2022-11,Nov 2022,195,1942.57,1834.19,2118.09,3114241.0,195
Dubai Water Canal,dubai-water-canal,2022-12,Dec 2022,25,2594.15,2227.29,3669.23,3499900.0,28
Dubai Water Canal,dubai-water-canal,2023-01,Jan 2023,32,2659.17,2412.88,2820.49,3685293.5,26
Dubai Water Canal,dubai-water-canal,2023-02,Feb 2023,45,2310.55,2193.47,2834.33,3396800.0,37
Dubai Water Canal,dubai-water-canal,2023-03,Mar 2023,27,2562.31,2310.38,3212.82,2831000.0,21
Dubai Water Canal,dubai-water-canal,2023-04,Apr 2023,16,2311.31,2260.45,2497.05,3568079.0,15
Dubai Water Canal,dubai-water-canal,2023-05,May 2023,32,2820.22,2287.28,4165.31,3232800.0,17
Dubai Water Canal,dubai-water-canal,2023-06,Jun 2023,25,2439.13,2294.24,2568.6,3708806.0,25
Dubai Water Canal,dubai-water-canal,2023-07,Jul 2023,26,2557.8,2251.36,4046.17,3221959.5,18
Dubai Water Canal,dubai-water-canal,2023-08,Aug 2023,32,2590.4,2246.43,2682.42,4062868.0,32
Dubai Water Canal,dubai-water-canal,2023-09,Sep 2023,19,2858.96,2366.69,3260.51,4480433.5,18
Dubai Water Canal,dubai-water-canal,2023-10,Oct 2023,53,2302.59,1687.71,2690.76,3174800.0,53
Dubai Water Canal,dubai-water-canal,2023-11,Nov 2023,44,2536.95,2209.31,2789.12,3906337.0,43
Dubai Water Canal,dubai-water-canal,2023-12,Dec 2023,28,2219.6,2172.22,2591.56,3679636.5,26
Dubai Water Canal,dubai-water-canal,2024-01,Jan 2024,18,2368.67,2058.93,2789.95,3145764.5,24
Dubai Water Canal,dubai-water-canal,2024-02,Feb 2024,14,2787.52,2383.16,3051.08,4248273.0,14
Dubai Water Canal,dubai-water-canal,2024-03,Mar 2024,11,2817.47,2568.46,2963.96,4450000.0,12
Dubai Water Canal,dubai-water-canal,2024-04,Apr 2024,10,2749.55,2352.44,2893.19,3570750.0,9
Dubai Water Canal,dubai-water-canal,2024-05,May 2024,25,2535.49,2323.87,2808.96,4058564.0,26
Dubai Water Canal,dubai-water-canal,2024-06,Jun 2024,24,3868.7,3025.74,4338.99,4596000.0,27
Dubai Water Canal,dubai-water-canal,2024-07,Jul 2024,33,3269.22,2466.28,4091.4,4558192.0,33
Dubai Water Canal,dubai-water-canal,2024-08,Aug 2024,14,2463.23,2278.59,3706.93,3977847.0,12
Dubai Water Canal,dubai-water-canal,2024-09,Sep 2024,7,2766.84,2525.09,2808.81,4300000.0,7
Dubai Water Canal,dubai-water-canal,2024-10,Oct 2024,107,2150.0,2150.0,2150.0,2904835.0,111
Dubai Water Canal,dubai-water-canal,2024-11,Nov 2024,12,2703.93,2455.2,3026.38,4550000.0,15
Dubai Water Canal,dubai-water-canal,2024-12,Dec 2024,15,2742.24,2125.93,3217.05,4200000.0,16
Dubai Water Canal,dubai-water-canal,2025-01,Jan 2025,23,2966.88,2131.42,3303.2,4150000.0,21
Dubai Water Canal,dubai-water-canal,2025-02,Feb 2025,43,2980.63,2799.19,3329.97,4147992.0,43
Dubai Water Canal,dubai-water-canal,2025-03,Mar 2025,54,2706.16,2547.72,2997.5,4227000.0,54
Dubai Water Canal,dubai-water-canal,2025-04,Apr 2025,102,2949.52,2409.38,3710.79,4500000.0,99
Dubai Water Canal,dubai-water-canal,2025-05,May 2025,162,3578.52,2955.39,4049.01,5871429.0,154
Dubai Water Canal,dubai-water-canal,2025-06,Jun 2025,162,3030.44,2874.08,3244.09,2939500.0,160
Dubai Water Canal,dubai-water-canal,2025-07,Jul 2025,83,3074.99,2879.14,3417.0,3067000.0,75
Dubai Water Canal,dubai-water-canal,2025-08,Aug 2025,85,3193.95,3010.37,3859.42,2506000.0,78
Dubai Water Canal,dubai-water-canal,2025-09,Sep 2025,83,3152.2,2983.92,3294.02,2500000.0,81
Dubai Water Canal,dubai-water-canal,2025-10,Oct 2025,88,3043.96,2898.63,3363.32,2604900.0,83
Dubai Water Canal,dubai-water-canal,2025-11,Nov 2025,46,3051.24,2827.68,3227.66,2267000.0,42
Dubai Water Canal,dubai-water-canal,2025-12,Dec 2025,74,3254.69,2988.76,3597.35,2319900.0,67
Dubai Water Canal,dubai-water-canal,2026-01,Jan 2026,34,3060.78,2771.86,3328.19,2403690.5,34
Dubai Water Canal,dubai-water-canal,2026-02,Feb 2026,58,3481.48,3098.75,3862.86,4929835.0,56
Dubai Water Canal,dubai-water-canal,2026-03,Mar 2026,71,2858.25,2280.57,3229.89,2860000.0,67
Dubai Water Canal,dubai-water-canal,2026-04,Apr 2026,53,3334.81,2684.48,3781.16,3236000.0,44
Dubai Water Canal,dubai-water-canal,2026-05,May 2026,26,2926.33,2581.98,3123.38,3241300.0,22
Dubai Water Canal,dubai-water-canal,2026-06,Jun 2026,32,2995.2,2665.05,3493.13,2617490.0,29
Dubai Water Canal,dubai-water-canal,2026-07,Jul 2026,36,3001.2,2748.38,3296.0,3417976.0,42
Dubai Water Canal,dubai-water-canal,2026-08,Aug 2026,23,3081.45,2902.53,3687.44,2850000.0,22
EXPO CITY,expo-city,2026-01,Jan 2026,53,2093.59,2055.33,2145.6,2288888.0,53
EXPO CITY,expo-city,2026-02,Feb 2026,37,2089.34,2040.28,2150.07,2397888.0,37
EXPO CITY,expo-city,2026-03,Mar 2026,146,2195.53,2168.65,2248.7,1733388.0,146
EXPO CITY,expo-city,2026-04,Apr 2026,257,2190.15,2161.32,2235.4,1721888.0,257
EXPO CITY,expo-city,2026-05,May 2026,33,2172.8,2134.02,2186.58,1669888.0,33
EXPO CITY,expo-city,2026-06,Jun 2026,18,2018.68,1850.83,2177.68,2378388.0,18
EXPO CITY,expo-city,2026-07,Jul 2026,35,2223.5,2133.08,2244.5,1751888.0,35
EXPO CITY,expo-city,2026-08,Aug 2026,30,2176.38,2119.6,2223.91,2336149.5,30
Business Park,business-park,2023-06,Jun 2023,150,2433.41,2331.78,2561.76,2146500.0,150
Business Park,business-park,2023-07,Jul 2023,55,2670.52,2494.33,2751.77,2254000.0,55
Business Park,business-park,2023-08,Aug 2023,105,2739.75,2547.16,2814.3,2409000.0,105
Business Park,business-park,2023-09,Sep 2023,100,2757.54,2682.02,2853.95,2378500.0,100
Business Park,business-park,2023-10,Oct 2023,18,2793.18,2736.62,2911.56,2384000.0,18
Business Park,business-park,2023-11,Nov 2023,16,2812.7,2770.53,2927.37,3239000.0,16
Business Park,business-park,2023-12,Dec 2023,14,2730.43,2621.68,2826.63,2585000.0,14
Business Park,business-park,2024-01,Jan 2024,13,2862.39,2758.05,2913.88,3452000.0,13
Business Park,business-park,2024-02,Feb 2024,6,2791.71,2736.96,2862.18,3380500.0,6
Business Park,business-park,2024-03,Mar 2024,9,2940.04,2836.22,2973.93,3548000.0,9
Business Park,business-park,2024-04,Apr 2024,5,2812.3,2747.65,2844.63,4350000.0,5
Business Park,business-park,2024-05,May 2024,9,2779.98,2661.96,2826.73,3138000.0,9
Business Park,business-park,2024-06,Jun 2024,1,,,,,1
Business Park,business-park,2024-07,Jul 2024,5,2696.22,2448.37,2719.87,2900000.0,5
Business Park,business-park,2024-08,Aug 2024,5,2862.39,2853.1,2905.44,3442000.0,5
Business Park,business-park,2024-09,Sep 2024,7,2138.16,2117.08,2295.1,2690000.0,7
Business Park,business-park,2024-10,Oct 2024,1,,,,,1
Business Park,business-park,2024-11,Nov 2024,1,,,,,1
Business Park,business-park,2024-12,Dec 2024,4,,,,,4
Business Park,business-park,2025-01,Jan 2025,0,,,,,0
Business Park,business-park,2025-02,Feb 2025,2,,,,,2
Business Park,business-park,2025-03,Mar 2025,3,,,,,3
Business Park,business-park,2025-04,Apr 2025,8,2639.25,2538.28,2723.76,3145500.0,8
Business Park,business-park,2025-05,May 2025,2,,,,,2
Business Park,business-park,2025-06,Jun 2025,2,,,,,2
Business Park,business-park,2025-07,Jul 2025,134,2659.33,2473.43,3008.74,2782000.0,130
Business Park,business-park,2025-08,Aug 2025,66,2521.61,2445.02,2970.68,2471000.0,63
Business Park,business-park,2025-09,Sep 2025,54,2822.99,2512.47,3066.52,4007000.0,54
Business Park,business-park,2025-10,Oct 2025,19,2953.17,2534.17,3177.35,4902000.0,19
Business Park,business-park,2025-11,Nov 2025,8,2723.12,2530.17,3061.07,3401000.0,7
Business Park,business-park,2025-12,Dec 2025,3,,,,,3
Business Park,business-park,2026-01,Jan 2026,1,,,,,1
Business Park,business-park,2026-02,Feb 2026,3,,,,,3
Business Park,business-park,2026-03,Mar 2026,182,3065.85,2813.54,3290.66,2636000.0,181
Business Park,business-park,2026-04,Apr 2026,184,3211.1,2867.97,3388.94,4300000.0,181
Business Park,business-park,2026-05,May 2026,79,3105.48,2805.51,3384.28,3959000.0,79
Business Park,business-park,2026-06,Jun 2026,34,3343.3,3236.47,3566.93,4706000.0,34
Business Park,business-park,2026-07,Jul 2026,16,3246.12,3081.17,3453.56,4488000.0,16
Business Park,business-park,2026-08,Aug 2026,21,3163.41,2999.99,3255.37,2884140.0,20
Mudon,mudon,2021-09,Sep 2021,9,1083.93,876.6,1223.48,1975000.0,36
Mudon,mudon,2021-10,Oct 2021,5,936.46,892.18,962.34,2100000.0,19
Mudon,mudon,2021-11,Nov 2021,9,1127.17,953.38,1148.53,1885000.0,30
Mudon,mudon,2021-12,Dec 2021,2,,,,2200000.0,9
Mudon,mudon,2022-01,Jan 2022,6,849.27,837.64,936.84,1753000.0,11
Mudon,mudon,2022-02,Feb 2022,4,,,,2190000.0,14
Mudon,mudon,2022-03,Mar 2022,2,,,,2625000.0,24
Mudon,mudon,2022-04,Apr 2022,5,1241.94,1230.39,1261.01,2225000.0,22
Mudon,mudon,2022-05,May 2022,0,,,,2600000.0,19
Mudon,mudon,2022-06,Jun 2022,0,,,,2550000.0,33
Mudon,mudon,2022-07,Jul 2022,0,,,,2325000.0,22
Mudon,mudon,2022-08,Aug 2022,0,,,,2600000.0,25
Mudon,mudon,2022-09,Sep 2022,80,1058.81,902.45,1115.87,2417000.0,97
Mudon,mudon,2022-10,Oct 2022,259,1069.94,956.19,1130.87,2272000.0,276
Mudon,mudon,2022-11,Nov 2022,160,1100.51,961.85,1202.16,2397000.0,182
Mudon,mudon,2022-12,Dec 2022,104,1087.72,923.98,1174.01,2375000.0,121
Mudon,mudon,2023-01,Jan 2023,20,1103.05,989.1,1174.07,2632000.0,33
Mudon,mudon,2023-02,Feb 2023,15,1073.17,934.5,1123.2,2737000.0,29
Mudon,mudon,2023-03,Mar 2023,2,,,,2770000.0,19
Mudon,mudon,2023-04,Apr 2023,0,,,,2840000.0,18
Mudon,mudon,2023-05,May 2023,67,1127.98,950.77,1174.0,2604000.0,90
Mudon,mudon,2023-06,Jun 2023,60,1234.33,1078.44,1340.01,2525000.0,81
Mudon,mudon,2023-07,Jul 2023,74,1168.78,1065.9,1316.37,2598500.0,94
Mudon,mudon,2023-08,Aug 2023,53,1188.87,1097.58,1305.72,2841000.0,82
Mudon,mudon,2023-09,Sep 2023,309,1241.24,1081.09,1327.74,2853000.0,331
Mudon,mudon,2023-10,Oct 2023,20,1186.54,1019.46,1287.18,2900000.0,41
Mudon,mudon,2023-11,Nov 2023,16,1193.14,1041.38,1276.65,2837000.0,38
Mudon,mudon,2023-12,Dec 2023,6,1230.41,1179.18,1320.94,2387500.0,16
Mudon,mudon,2024-01,Jan 2024,16,1287.69,1217.92,1479.81,2880000.0,29
Mudon,mudon,2024-02,Feb 2024,228,1438.38,1262.7,1493.08,3058000.0,241
Mudon,mudon,2024-03,Mar 2024,262,1377.51,1232.72,1489.61,2921500.0,278
Mudon,mudon,2024-04,Apr 2024,12,1304.8,1259.5,1352.48,2480000.0,17
Mudon,mudon,2024-05,May 2024,24,1294.23,1251.61,1347.01,2884500.0,48
Mudon,mudon,2024-06,Jun 2024,21,1139.51,1057.79,1234.26,2888500.0,34
Mudon,mudon,2024-07,Jul 2024,20,1318.72,1140.36,1358.98,2850000.0,44
Mudon,mudon,2024-08,Aug 2024,14,1263.32,1060.02,1320.26,2712500.0,30
Mudon,mudon,2024-09,Sep 2024,25,1325.64,1234.25,1347.36,2500000.0,40
Mudon,mudon,2024-10,Oct 2024,15,1354.63,1219.68,1410.14,3206000.0,36
Mudon,mudon,2024-11,Nov 2024,19,1256.71,1155.47,1365.48,3030500.0,36
Mudon,mudon,2024-12,Dec 2024,23,1348.73,1232.65,1445.98,2700000.0,31
Mudon,mudon,2025-01,Jan 2025,29,1397.63,1247.22,1503.85,2792500.0,42
Mudon,mudon,2025-02,Feb 2025,24,1360.72,1132.74,1500.0,2900000.0,42
Mudon,mudon,2025-03,Mar 2025,16,1347.89,1175.22,1475.93,3500000.0,29
Mudon,mudon,2025-04,Apr 2025,21,1488.04,1309.0,1574.16,3050000.0,32
Mudon,mudon,2025-05,May 2025,30,1457.39,1184.64,1547.4,3267500.0,54
Mudon,mudon,2025-06,Jun 2025,27,1470.23,1238.47,1585.63,3000000.0,43
Mudon,mudon,2025-07,Jul 2025,22,1345.48,1136.95,1501.02,3250000.0,33
Mudon,mudon,2025-08,Aug 2025,41,1549.39,1366.45,1685.43,3175000.0,55
Mudon,mudon,2025-09,Sep 2025,44,1677.88,1509.03,1769.84,3277500.0,58
Mudon,mudon,2025-10,Oct 2025,56,1677.37,1473.62,1813.63,3690000.0,68
Mudon,mudon,2025-11,Nov 2025,59,1693.42,1467.58,1854.44,3650000.0,67
Mudon,mudon,2025-12,Dec 2025,53,1730.84,1440.44,1880.07,3667500.0,68
Mudon,mudon,2026-01,Jan 2026,47,1711.32,1510.66,1869.9,3625000.0,60
Mudon,mudon,2026-02,Feb 2026,43,1703.22,1511.13,1854.17,3865000.0,57
Mudon,mudon,2026-03,Mar 2026,13,1900.86,1687.75,1985.11,3700000.0,21
Mudon,mudon,2026-04,Apr 2026,27,1560.74,1457.84,1743.86,4400000.0,38
Mudon,mudon,2026-05,May 2026,17,1490.66,1295.59,1737.32,3375000.0,26
Mudon,mudon,2026-06,Jun 2026,37,1658.98,1478.23,1751.59,3600000.0,44
Mudon,mudon,2026-07,Jul 2026,21,1548.81,1421.61,1804.05,3450000.0,35
Mudon,mudon,2026-08,Aug 2026,45,1791.95,1588.44,1907.72,3575000.0,57
Living Legends,living-legends,2021-09,Sep 2021,7,633.64,472.46,714.68,1150000.0,13
Living Legends,living-legends,2021-10,Oct 2021,3,,,,945000.0,5
Living Legends,living-legends,2021-11,Nov 2021,3,,,,2750000.0,9
Living Legends,living-legends,2021-12,Dec 2021,3,,,,3250000.0,11
Living Legends,living-legends,2022-01,Jan 2022,3,,,,2625000.0,8
Living Legends,living-legends,2022-02,Feb 2022,5,568.64,567.6,579.68,1317825.0,8
Living Legends,living-legends,2022-03,Mar 2022,8,465.54,418.04,503.25,600000.0,11
Living Legends,living-legends,2022-04,Apr 2022,5,456.35,433.1,457.77,2855000.0,14
Living Legends,living-legends,2022-05,May 2022,7,459.61,437.45,468.68,1750000.0,11
Living Legends,living-legends,2022-06,Jun 2022,6,510.23,474.71,541.8,650000.0,11
Living Legends,living-legends,2022-07,Jul 2022,5,445.44,430.89,476.12,1487268.0,8
Living Legends,living-legends,2022-08,Aug 2022,4,,,,1950000.0,8
Living Legends,living-legends,2022-09,Sep 2022,6,506.79,495.12,571.63,1100000.0,11
Living Legends,living-legends,2022-10,Oct 2022,2,,,,,4
Living Legends,living-legends,2022-11,Nov 2022,2,,,,3300000.0,5
Living Legends,living-legends,2022-12,Dec 2022,1,,,,,4
Living Legends,living-legends,2023-01,Jan 2023,49,813.6,813.6,813.6,1600000.0,50
Living Legends,living-legends,2023-02,Feb 2023,5,813.6,813.6,813.6,1600000.0,5
Living Legends,living-legends,2023-03,Mar 2023,4,,,,700000.0,6
Living Legends,living-legends,2023-04,Apr 2023,2,,,,3525000.0,6
Living Legends,living-legends,2023-05,May 2023,4,,,,3700000.0,13
Living Legends,living-legends,2023-06,Jun 2023,2,,,,6040483.0,12
Living Legends,living-legends,2023-07,Jul 2023,6,883.65,723.19,1025.52,3500000.0,17
Living Legends,living-legends,2023-08,Aug 2023,8,890.56,741.07,1051.15,2272070.0,13
Living Legends,living-legends,2023-09,Sep 2023,13,1085.22,636.32,1156.83,1895924.0,17
Living Legends,living-legends,2023-10,Oct 2023,10,1048.93,796.5,1199.14,2100000.0,17
Living Legends,living-legends,2023-11,Nov 2023,6,1105.99,997.93,1118.75,2175000.0,8
Living Legends,living-legends,2023-12,Dec 2023,7,966.31,910.22,991.58,1950000.0,9
Living Legends,living-legends,2024-01,Jan 2024,7,670.4,642.04,990.91,1920000.0,11
Living Legends,living-legends,2024-02,Feb 2024,2,,,,3400000.0,5
Living Legends,living-legends,2024-03,Mar 2024,5,713.04,667.26,926.34,3850000.0,14
Living Legends,living-legends,2024-04,Apr 2024,4,,,,1150000.0,5
Living Legends,living-legends,2024-05,May 2024,8,794.21,703.31,868.51,1295000.0,10
Living Legends,living-legends,2024-06,Jun 2024,3,,,,3250000.0,6
Living Legends,living-legends,2024-07,Jul 2024,7,745.3,662.71,793.9,1200000.0,20
Living Legends,living-legends,2024-08,Aug 2024,3,,,,2475000.0,6
Living Legends,living-legends,2024-09,Sep 2024,6,714.06,614.64,730.2,4675000.0,14
Living Legends,living-legends,2024-10,Oct 2024,7,751.64,739.36,758.29,1912500.0,10
Living Legends,living-legends,2024-11,Nov 2024,1,,,,4300000.0,7
Living Legends,living-legends,2024-12,Dec 2024,8,744.97,710.31,808.27,1150000.0,15
Living Legends,living-legends,2025-01,Jan 2025,6,776.49,746.31,942.09,675000.0,11
Living Legends,living-legends,2025-02,Feb 2025,6,920.74,768.33,1197.06,1085365.0,17
Living Legends,living-legends,2025-03,Mar 2025,3,,,,5325000.0,9
Living Legends,living-legends,2025-04,Apr 2025,9,767.88,740.88,882.1,1250110.5,20
Living Legends,living-legends,2025-05,May 2025,12,989.32,854.04,1016.39,1237015.0,30
Living Legends,living-legends,2025-06,Jun 2025,11,901.77,838.13,1058.32,5339293.0,38
Living Legends,living-legends,2025-07,Jul 2025,22,1013.79,947.67,1094.11,6138394.0,401
Living Legends,living-legends,2025-08,Aug 2025,20,951.05,830.06,1054.02,5660223.5,62
Living Legends,living-legends,2025-09,Sep 2025,20,1070.78,1025.0,1100.27,1665331.5,30
Living Legends,living-legends,2025-10,Oct 2025,32,1099.75,1007.67,1163.7,1490000.0,35
Living Legends,living-legends,2025-11,Nov 2025,36,1098.85,1006.47,1196.77,1197502.5,40
Living Legends,living-legends,2025-12,Dec 2025,45,1100.0,1068.61,1193.14,955962.0,57
Living Legends,living-legends,2026-01,Jan 2026,30,1120.8,1073.46,1198.06,1600000.0,35
Living Legends,living-legends,2026-02,Feb 2026,25,1151.19,1099.62,1187.32,4725000.0,59
Living Legends,living-legends,2026-03,Mar 2026,21,1155.37,1059.75,1220.02,2115000.0,35
Living Legends,living-legends,2026-04,Apr 2026,27,1182.88,1086.18,1219.86,2094500.0,42
Living Legends,living-legends,2026-05,May 2026,13,1100.0,864.7,1118.29,1647500.0,20
Living Legends,living-legends,2026-06,Jun 2026,13,1182.67,1101.99,1198.75,1550000.0,19
Living Legends,living-legends,2026-07,Jul 2026,92,1435.75,1390.28,1499.97,680809.0,104
Living Legends,living-legends,2026-08,Aug 2026,77,1413.32,1363.99,1465.39,656973.0,79
The Greens,the-greens,2021-09,Sep 2021,24,1108.73,932.35,1190.6,1400000.0,24
The Greens,the-greens,2021-10,Oct 2021,16,902.4,878.78,986.38,1261331.0,21
The Greens,the-greens,2021-11,Nov 2021,29,1102.17,912.78,1234.59,1242500.0,30
The Greens,the-greens,2021-12,Dec 2021,28,1084.91,935.2,1301.29,1453000.0,30
The Greens,the-greens,2022-01,Jan 2022,25,983.04,890.38,1028.83,1343729.0,39
The Greens,the-greens,2022-02,Feb 2022,34,1046.39,921.51,1100.0,1521917.0,76
The Greens,the-greens,2022-03,Mar 2022,23,999.76,867.45,1185.38,1310000.0,25
The Greens,the-greens,2022-04,Apr 2022,42,1063.17,923.51,1263.4,1382500.0,46
The Greens,the-greens,2022-05,May 2022,34,1045.44,993.52,1061.21,1009296.0,36
The Greens,the-greens,2022-06,Jun 2022,54,1001.7,951.47,1276.43,1265000.0,55
The Greens,the-greens,2022-07,Jul 2022,34,1066.72,969.96,1213.11,1455000.0,34
The Greens,the-greens,2022-08,Aug 2022,34,1157.28,991.86,1314.52,1350000.0,34
The Greens,the-greens,2022-09,Sep 2022,41,1181.69,975.98,1351.39,1250000.0,41
The Greens,the-greens,2022-10,Oct 2022,48,1049.18,993.96,1345.09,1190000.0,49
The Greens,the-greens,2022-11,Nov 2022,44,1183.98,1001.25,1337.29,1337500.0,46
The Greens,the-greens,2022-12,Dec 2022,273,1866.67,1691.45,2239.44,2066888.0,273
The Greens,the-greens,2023-01,Jan 2023,68,1410.72,1028.81,1753.07,1335630.0,69
The Greens,the-greens,2023-02,Feb 2023,48,1215.93,1025.57,1513.39,1409888.0,53
The Greens,the-greens,2023-03,Mar 2023,68,1178.77,1045.72,1546.76,1430000.0,70
The Greens,the-greens,2023-04,Apr 2023,48,1256.91,1114.75,1544.6,1595000.0,50
The Greens,the-greens,2023-05,May 2023,70,1248.75,1090.7,1429.11,1550000.0,71
The Greens,the-greens,2023-06,Jun 2023,62,1266.71,1125.36,1520.17,1500000.0,63
The Greens,the-greens,2023-07,Jul 2023,53,1374.68,1162.2,1621.61,1600000.0,53
The Greens,the-greens,2023-08,Aug 2023,53,1333.38,1167.22,1558.75,1250000.0,53
The Greens,the-greens,2023-09,Sep 2023,50,1255.51,1173.6,1523.35,1556658.0,51
The Greens,the-greens,2023-10,Oct 2023,54,1316.47,1198.95,1565.08,1467113.0,57
The Greens,the-greens,2023-11,Nov 2023,57,1318.9,1244.18,1576.1,1250000.0,59
The Greens,the-greens,2023-12,Dec 2023,41,1465.0,1295.87,1680.42,1445000.0,42
The Greens,the-greens,2024-01,Jan 2024,44,1458.34,1285.7,1745.92,1500000.0,47
The Greens,the-greens,2024-02,Feb 2024,37,1581.54,1359.56,1777.1,1487500.0,38
The Greens,the-greens,2024-03,Mar 2024,48,1617.2,1343.85,1773.96,1550000.0,48
The Greens,the-greens,2024-04,Apr 2024,46,1577.89,1397.01,1825.61,1550000.0,46
The Greens,the-greens,2024-05,May 2024,77,1426.18,1274.84,1652.69,1478500.0,78
The Greens,the-greens,2024-06,Jun 2024,53,1468.8,1311.43,1781.02,1580000.0,53
The Greens,the-greens,2024-07,Jul 2024,71,1570.19,1399.8,1841.19,1625000.0,72
The Greens,the-greens,2024-08,Aug 2024,63,1510.93,1403.45,1853.54,1600000.0,63
The Greens,the-greens,2024-09,Sep 2024,58,1524.89,1394.72,1803.54,1385000.0,61
The Greens,the-greens,2024-10,Oct 2024,64,1621.79,1467.64,1854.36,1732589.5,68
The Greens,the-greens,2024-11,Nov 2024,54,1582.43,1439.04,1839.57,1650000.0,55
The Greens,the-greens,2024-12,Dec 2024,48,1630.3,1459.97,1888.1,2000000.0,51
The Greens,the-greens,2025-01,Jan 2025,52,1719.37,1476.42,1960.63,1600000.0,56
The Greens,the-greens,2025-02,Feb 2025,56,1611.59,1462.76,1891.38,1600000.0,58
The Greens,the-greens,2025-03,Mar 2025,57,1719.51,1553.1,2028.61,1905000.0,58
The Greens,the-greens,2025-04,Apr 2025,54,1721.17,1554.37,2126.64,1800000.0,55
The Greens,the-greens,2025-05,May 2025,72,1876.84,1601.42,2058.83,1650000.0,72
The Greens,the-greens,2025-06,Jun 2025,50,1804.86,1640.59,2070.54,2125000.0,53
The Greens,the-greens,2025-07,Jul 2025,54,1736.47,1557.28,2006.08,1717000.0,55
The Greens,the-greens,2025-08,Aug 2025,38,1847.14,1650.55,2012.02,2050000.0,37
The Greens,the-greens,2025-09,Sep 2025,56,1773.24,1602.22,1994.7,1725000.0,57
The Greens,the-greens,2025-10,Oct 2025,58,1827.09,1624.29,2112.88,1720000.0,59
The Greens,the-greens,2025-11,Nov 2025,59,1815.08,1654.74,1999.44,1700000.0,61
The Greens,the-greens,2025-12,Dec 2025,45,1850.12,1634.1,2082.29,1840000.0,46
The Greens,the-greens,2026-01,Jan 2026,46,1942.26,1745.82,2174.31,1900000.0,47
The Greens,the-greens,2026-02,Feb 2026,56,1982.51,1724.46,2302.08,2037500.0,58
The Greens,the-greens,2026-03,Mar 2026,37,1950.41,1710.11,2159.74,2080000.0,39
The Greens,the-greens,2026-04,Apr 2026,23,1836.03,1670.73,1973.31,2200000.0,23
The Greens,the-greens,2026-05,May 2026,19,2016.13,1770.75,2195.55,2117500.0,18
The Greens,the-greens,2026-06,Jun 2026,39,1757.99,1591.76,2081.17,1616208.0,40
The Greens,the-greens,2026-07,Jul 2026,35,1762.43,1571.29,1994.82,2100000.0,36
The Greens,the-greens,2026-08,Aug 2026,35,1807.86,1649.58,1962.88,1550000.0,35
Falcon City,falcon-city,2021-09,Sep 2021,10,1597.95,1578.94,1599.06,710000.0,13
Falcon City,falcon-city,2021-10,Oct 2021,1,,,,2350000.0,5
Falcon City,falcon-city,2021-11,Nov 2021,0,,,,,4
Falcon City,falcon-city,2021-12,Dec 2021,0,,,,,4
Falcon City,falcon-city,2022-01,Jan 2022,0,,,,,3
Falcon City,falcon-city,2022-02,Feb 2022,0,,,,,4
Falcon City,falcon-city,2022-03,Mar 2022,0,,,,,3
Falcon City,falcon-city,2022-04,Apr 2022,0,,,,,4
Falcon City,falcon-city,2022-05,May 2022,0,,,,3550000.0,5
Falcon City,falcon-city,2022-06,Jun 2022,0,,,,,2
Falcon City,falcon-city,2022-07,Jul 2022,0,,,,3500000.0,8
Falcon City,falcon-city,2022-08,Aug 2022,0,,,,,3
Falcon City,falcon-city,2022-09,Sep 2022,0,,,,,2
Falcon City,falcon-city,2022-10,Oct 2022,0,,,,3300000.0,7
Falcon City,falcon-city,2022-11,Nov 2022,0,,,,2600000.0,5
Falcon City,falcon-city,2022-12,Dec 2022,0,,,,,2
Falcon City,falcon-city,2023-01,Jan 2023,0,,,,,4
Falcon City,falcon-city,2023-02,Feb 2023,0,,,,,4
Falcon City,falcon-city,2023-03,Mar 2023,0,,,,,4
Falcon City,falcon-city,2023-04,Apr 2023,0,,,,,1
Falcon City,falcon-city,2023-05,May 2023,0,,,,3200000.0,5
Falcon City,falcon-city,2023-06,Jun 2023,0,,,,,4
Falcon City,falcon-city,2023-07,Jul 2023,0,,,,3900000.0,5
Falcon City,falcon-city,2023-08,Aug 2023,0,,,,,3
Falcon City,falcon-city,2023-09,Sep 2023,0,,,,,2
Falcon City,falcon-city,2023-10,Oct 2023,0,,,,4350000.0,5
Falcon City,falcon-city,2023-11,Nov 2023,0,,,,736257.0,408
Falcon City,falcon-city,2023-12,Dec 2023,0,,,,503757.0,363
Falcon City,falcon-city,2024-01,Jan 2024,0,,,,4000000.0,5
Falcon City,falcon-city,2024-02,Feb 2024,0,,,,4227500.0,16
Falcon City,falcon-city,2024-03,Mar 2024,0,,,,4849999.5,6
Falcon City,falcon-city,2024-04,Apr 2024,0,,,,,1
Falcon City,falcon-city,2024-05,May 2024,0,,,,5200000.0,9
Falcon City,falcon-city,2024-06,Jun 2024,0,,,,5250000.0,7
Falcon City,falcon-city,2024-07,Jul 2024,0,,,,5335600.0,32
Falcon City,falcon-city,2024-08,Aug 2024,0,,,,,2
Falcon City,falcon-city,2024-09,Sep 2024,0,,,,,3
Falcon City,falcon-city,2024-10,Oct 2024,0,,,,,2
Falcon City,falcon-city,2024-11,Nov 2024,0,,,,,1
Falcon City,falcon-city,2024-12,Dec 2024,0,,,,,4
Falcon City,falcon-city,2025-01,Jan 2025,0,,,,5400000.0,5
Falcon City,falcon-city,2025-02,Feb 2025,0,,,,,2
Falcon City,falcon-city,2025-03,Mar 2025,0,,,,4700000.0,5
Falcon City,falcon-city,2025-04,Apr 2025,0,,,,,2
Falcon City,falcon-city,2025-05,May 2025,0,,,,,0
Falcon City,falcon-city,2025-06,Jun 2025,131,1565.04,1432.66,1639.13,1370328.0,136
Falcon City,falcon-city,2025-07,Jul 2025,224,1598.37,1524.42,1656.93,1395328.0,224
Falcon City,falcon-city,2025-08,Aug 2025,65,1591.47,1502.03,1638.11,1550828.0,68
Falcon City,falcon-city,2025-09,Sep 2025,64,1576.32,1494.79,1635.22,1577328.0,68
Falcon City,falcon-city,2025-10,Oct 2025,80,1587.9,1547.01,1628.08,1718828.0,84
Falcon City,falcon-city,2025-11,Nov 2025,41,1611.38,1589.52,1651.87,1752828.0,42
Falcon City,falcon-city,2025-12,Dec 2025,18,1567.12,1505.5,1627.91,1678828.0,20
Falcon City,falcon-city,2026-01,Jan 2026,63,1614.42,1574.84,1765.75,1475000.0,64
Falcon City,falcon-city,2026-02,Feb 2026,31,1617.71,1604.62,1676.25,1475000.0,33
Falcon City,falcon-city,2026-03,Mar 2026,28,1619.2,1517.92,1751.0,1465000.0,28
Falcon City,falcon-city,2026-04,Apr 2026,38,1616.65,1527.38,1913.22,1326960.0,41
Falcon City,falcon-city,2026-05,May 2026,10,1653.59,1603.91,1710.28,1593914.0,14
Falcon City,falcon-city,2026-06,Jun 2026,53,1561.78,1462.54,1856.13,1356387.5,56
Falcon City,falcon-city,2026-07,Jul 2026,18,1686.35,1498.91,1913.64,1319383.5,20
Falcon City,falcon-city,2026-08,Aug 2026,19,1663.01,1492.54,1700.76,1239372.5,22
The Valley,the-valley,2025-12,Dec 2025,56,1339.02,1197.3,1493.14,4072500.0,66
The Valley,the-valley,2026-01,Jan 2026,73,1468.3,1263.19,1548.38,3100000.0,77
The Valley,the-valley,2026-02,Feb 2026,56,1391.54,1153.91,1533.7,3450000.0,69
The Valley,the-valley,2026-03,Mar 2026,39,1454.95,1242.02,1521.69,2975000.0,40
The Valley,the-valley,2026-04,Apr 2026,38,1382.61,1159.08,1479.1,3200000.0,41
The Valley,the-valley,2026-05,May 2026,30,1388.21,1274.28,1463.85,2926944.0,36
The Valley,the-valley,2026-06,Jun 2026,50,1214.86,1131.19,1424.51,3300000.0,53
The Valley,the-valley,2026-07,Jul 2026,54,1388.33,1165.84,1520.87,2988944.0,56
The Valley,the-valley,2026-08,Aug 2026,42,1310.2,1131.49,1520.82,3267944.0,44
Jumeriah Beach Residence - JBR,jumeriah-beach-residence-jbr,2021-09,Sep 2021,51,1514.15,1134.41,2407.46,1950000.0,54
Jumeriah Beach Residence - JBR,jumeriah-beach-residence-jbr,2021-10,Oct 2021,35,1299.85,1010.17,2256.46,1722500.0,40
Jumeriah Beach Residence - JBR,jumeriah-beach-residence-jbr,2021-11,Nov 2021,69,1733.71,1105.33,2501.73,2010000.0,80
Jumeriah Beach Residence - JBR,jumeriah-beach-residence-jbr,2021-12,Dec 2021,71,2065.24,1199.92,2618.3,2655000.0,72
Jumeriah Beach Residence - JBR,jumeriah-beach-residence-jbr,2022-01,Jan 2022,66,2631.7,1434.58,3398.97,2750000.0,65
Jumeriah Beach Residence - JBR,jumeriah-beach-residence-jbr,2022-02,Feb 2022,62,2872.35,1336.97,3474.14,2750000.0,61
Jumeriah Beach Residence - JBR,jumeriah-beach-residence-jbr,2022-03,Mar 2022,69,2931.87,1355.46,3407.3,2467500.0,68
Jumeriah Beach Residence - JBR,jumeriah-beach-residence-jbr,2022-04,Apr 2022,102,3267.46,1295.71,3629.72,2594400.0,105
Jumeriah Beach Residence - JBR,jumeriah-beach-residence-jbr,2022-05,May 2022,114,1445.14,1235.7,3416.11,2177534.0,121
Jumeriah Beach Residence - JBR,jumeriah-beach-residence-jbr,2022-06,Jun 2022,84,1443.31,1160.79,3080.94,2205000.0,90
Jumeriah Beach Residence - JBR,jumeriah-beach-residence-jbr,2022-07,Jul 2022,52,1361.6,1140.1,3045.86,2125000.0,57
Jumeriah Beach Residence - JBR,jumeriah-beach-residence-jbr,2022-08,Aug 2022,49,1342.61,1089.9,2077.21,2000000.0,55
Jumeriah Beach Residence - JBR,jumeriah-beach-residence-jbr,2022-09,Sep 2022,53,1313.67,1110.16,1654.06,1950000.0,55
Jumeriah Beach Residence - JBR,jumeriah-beach-residence-jbr,2022-10,Oct 2022,52,1384.98,1105.83,1984.38,2212500.0,64
Jumeriah Beach Residence - JBR,jumeriah-beach-residence-jbr,2022-11,Nov 2022,82,1383.12,1168.92,2526.08,2143500.0,90
Jumeriah Beach Residence - JBR,jumeriah-beach-residence-jbr,2022-12,Dec 2022,43,1562.74,1220.67,3294.37,2495000.0,52
Jumeriah Beach Residence - JBR,jumeriah-beach-residence-jbr,2023-01,Jan 2023,40,1280.45,1151.08,1743.19,2700000.0,47
Jumeriah Beach Residence - JBR,jumeriah-beach-residence-jbr,2023-02,Feb 2023,61,1408.09,1204.89,1938.24,2700000.0,65
Jumeriah Beach Residence - JBR,jumeriah-beach-residence-jbr,2023-03,Mar 2023,81,1527.77,1209.45,1744.52,2200000.0,93
Jumeriah Beach Residence - JBR,jumeriah-beach-residence-jbr,2023-04,Apr 2023,67,1475.35,1267.31,1737.94,2087500.0,72
Jumeriah Beach Residence - JBR,jumeriah-beach-residence-jbr,2023-05,May 2023,65,1457.76,1238.05,2006.08,2225000.0,70
Jumeriah Beach Residence - JBR,jumeriah-beach-residence-jbr,2023-06,Jun 2023,41,1399.57,1215.11,1773.46,2200000.0,47
Jumeriah Beach Residence - JBR,jumeriah-beach-residence-jbr,2023-07,Jul 2023,41,1492.02,1223.03,1666.92,2160000.0,44
Jumeriah Beach Residence - JBR,jumeriah-beach-residence-jbr,2023-08,Aug 2023,50,1399.25,1260.71,1627.24,2287500.0,52
Jumeriah Beach Residence - JBR,jumeriah-beach-residence-jbr,2023-09,Sep 2023,35,1579.01,1272.04,2044.98,2325000.0,36
Jumeriah Beach Residence - JBR,jumeriah-beach-residence-jbr,2023-10,Oct 2023,55,1421.87,1266.54,1681.54,2475000.0,58
Jumeriah Beach Residence - JBR,jumeriah-beach-residence-jbr,2023-11,Nov 2023,53,1426.32,1233.73,1708.59,2262500.0,56
Jumeriah Beach Residence - JBR,jumeriah-beach-residence-jbr,2023-12,Dec 2023,60,1439.34,1219.19,1754.14,2100000.0,65
Jumeriah Beach Residence - JBR,jumeriah-beach-residence-jbr,2024-01,Jan 2024,56,1520.67,1273.81,1920.14,2400000.0,58
Jumeriah Beach Residence - JBR,jumeriah-beach-residence-jbr,2024-02,Feb 2024,40,1535.49,1280.31,1723.68,2350000.0,46
Jumeriah Beach Residence - JBR,jumeriah-beach-residence-jbr,2024-03,Mar 2024,63,1608.54,1403.22,1817.21,2500000.0,72
Jumeriah Beach Residence - JBR,jumeriah-beach-residence-jbr,2024-04,Apr 2024,59,1507.54,1323.34,1787.87,2500000.0,62
Jumeriah Beach Residence - JBR,jumeriah-beach-residence-jbr,2024-05,May 2024,69,1699.54,1397.7,2185.31,2500000.0,73
Jumeriah Beach Residence - JBR,jumeriah-beach-residence-jbr,2024-06,Jun 2024,38,1515.07,1356.65,1660.01,2512500.0,42
Jumeriah Beach Residence - JBR,jumeriah-beach-residence-jbr,2024-07,Jul 2024,59,1568.96,1333.45,1866.05,2500000.0,63
Jumeriah Beach Residence - JBR,jumeriah-beach-residence-jbr,2024-08,Aug 2024,57,1468.32,1318.8,1746.73,2412500.0,62
Jumeriah Beach Residence - JBR,jumeriah-beach-residence-jbr,2024-09,Sep 2024,47,1594.3,1451.38,1828.06,2500000.0,49
Jumeriah Beach Residence - JBR,jumeriah-beach-residence-jbr,2024-10,Oct 2024,53,1669.12,1401.35,1903.9,2775000.0,56
Jumeriah Beach Residence - JBR,jumeriah-beach-residence-jbr,2024-11,Nov 2024,55,1599.6,1418.13,1765.72,2452500.0,56
Jumeriah Beach Residence - JBR,jumeriah-beach-residence-jbr,2024-12,Dec 2024,46,1613.68,1424.33,1804.95,2480000.0,47
Jumeriah Beach Residence - JBR,jumeriah-beach-residence-jbr,2025-01,Jan 2025,57,1645.24,1468.17,1962.59,2650000.0,58
Jumeriah Beach Residence - JBR,jumeriah-beach-residence-jbr,2025-02,Feb 2025,48,1586.74,1399.72,1912.41,2500000.0,53
Jumeriah Beach Residence - JBR,jumeriah-beach-residence-jbr,2025-03,Mar 2025,51,1586.38,1432.36,1942.07,2650000.0,55
Jumeriah Beach Residence - JBR,jumeriah-beach-residence-jbr,2025-04,Apr 2025,67,1620.53,1409.68,1910.01,2570000.0,68
Jumeriah Beach Residence - JBR,jumeriah-beach-residence-jbr,2025-05,May 2025,54,1824.92,1555.7,2078.16,2700000.0,57
Jumeriah Beach Residence - JBR,jumeriah-beach-residence-jbr,2025-06,Jun 2025,39,1685.81,1543.28,1973.41,2725000.0,42
Jumeriah Beach Residence - JBR,jumeriah-beach-residence-jbr,2025-07,Jul 2025,36,1584.49,1367.89,1794.82,2312500.0,36
Jumeriah Beach Residence - JBR,jumeriah-beach-residence-jbr,2025-08,Aug 2025,42,1613.11,1460.39,1910.16,2400000.0,41
Jumeriah Beach Residence - JBR,jumeriah-beach-residence-jbr,2025-09,Sep 2025,54,1652.0,1450.5,1989.98,2400000.0,53
Jumeriah Beach Residence - JBR,jumeriah-beach-residence-jbr,2025-10,Oct 2025,55,1602.42,1446.9,1958.66,2500000.0,55
Jumeriah Beach Residence - JBR,jumeriah-beach-residence-jbr,2025-11,Nov 2025,62,1687.7,1470.21,2392.42,2670000.0,64
Jumeriah Beach Residence - JBR,jumeriah-beach-residence-jbr,2025-12,Dec 2025,40,1963.24,1500.5,2651.46,2900000.0,43
Jumeriah Beach Residence - JBR,jumeriah-beach-residence-jbr,2026-01,Jan 2026,28,1560.1,1409.8,1889.28,2400000.0,29
Jumeriah Beach Residence - JBR,jumeriah-beach-residence-jbr,2026-02,Feb 2026,47,1689.34,1420.78,1911.29,2630000.0,49
Jumeriah Beach Residence - JBR,jumeriah-beach-residence-jbr,2026-03,Mar 2026,21,1861.63,1577.67,2159.08,2400000.0,19
Jumeriah Beach Residence - JBR,jumeriah-beach-residence-jbr,2026-04,Apr 2026,37,1542.73,1419.0,2153.51,2565000.0,35
Jumeriah Beach Residence - JBR,jumeriah-beach-residence-jbr,2026-05,May 2026,12,1481.11,1362.37,1699.39,2590000.0,12
Jumeriah Beach Residence - JBR,jumeriah-beach-residence-jbr,2026-06,Jun 2026,34,1505.04,1335.51,1738.43,2112500.0,34
Jumeriah Beach Residence - JBR,jumeriah-beach-residence-jbr,2026-07,Jul 2026,30,1583.8,1368.29,1945.98,2500000.0,28
Jumeriah Beach Residence - JBR,jumeriah-beach-residence-jbr,2026-08,Aug 2026,35,1605.75,1380.81,1899.56,2575000.0,35
Site A,site-a,2021-09,Sep 2021,5,2352.11,2344.34,2413.3,3600937.0,5
Site A,site-a,2021-10,Oct 2021,3,,,,,3
Site A,site-a,2021-11,Nov 2021,85,2185.36,2120.63,2232.94,2820300.0,85
Site A,site-a,2021-12,Dec 2021,105,2260.76,2162.33,2361.58,2963400.0,107
Site A,site-a,2022-01,Jan 2022,34,2463.24,2284.26,2514.74,3200500.0,40
Site A,site-a,2022-02,Feb 2022,79,2328.23,2231.53,2485.09,3084075.0,80
Site A,site-a,2022-03,Mar 2022,48,2462.43,2317.51,2555.25,3286680.0,44
Site A,site-a,2022-04,Apr 2022,19,3433.12,2493.35,3763.99,8899000.0,19
Site A,site-a,2022-05,May 2022,17,2582.86,2501.85,3562.14,3442000.0,17
Site A,site-a,2022-06,Jun 2022,8,2730.31,2487.23,3660.02,3547500.0,8
Site A,site-a,2022-07,Jul 2022,15,3559.19,2721.18,4098.14,11847110.0,14
Site A,site-a,2022-08,Aug 2022,22,4145.76,3129.62,4232.35,11937000.0,17
Site A,site-a,2022-09,Sep 2022,10,2632.76,2264.04,4114.88,4285012.0,8
Site A,site-a,2022-10,Oct 2022,18,2203.11,2100.16,2441.97,3717506.0,19
Site A,site-a,2022-11,Nov 2022,16,3123.56,2330.71,4086.2,7808000.0,12
Site A,site-a,2022-12,Dec 2022,16,3123.56,2721.73,3370.99,15036984.0,13
Site A,site-a,2023-01,Jan 2023,24,3123.56,3123.56,3138.04,15036984.0,17
Site A,site-a,2023-02,Feb 2023,16,2930.6,2538.53,3179.8,3435017.0,14
Site A,site-a,2023-03,Mar 2023,8,2524.98,2375.74,2704.31,3519000.0,8
Site A,site-a,2023-04,Apr 2023,2,,,,,2
Site A,site-a,2023-05,May 2023,9,2829.23,2299.14,3123.56,5490236.0,10
Site A,site-a,2023-06,Jun 2023,10,2862.65,1993.55,3138.04,2870030.0,7
Site A,site-a,2023-07,Jul 2023,20,3138.04,3123.56,3138.04,15036984.0,8
Site A,site-a,2023-08,Aug 2023,17,3123.56,2790.59,3138.04,4725000.0,8
Site A,site-a,2023-09,Sep 2023,9,3123.56,2656.71,3138.04,9118492.0,6
Site A,site-a,2023-10,Oct 2023,5,2432.78,2227.61,2523.41,3800000.0,5
Site A,site-a,2023-11,Nov 2023,8,1958.14,1907.19,2145.93,2600000.0,11
Site A,site-a,2023-12,Dec 2023,37,3224.01,2957.46,3300.38,3126450.0,37
Site A,site-a,2024-01,Jan 2024,177,3204.38,3089.29,3350.05,3180000.0,170
Site A,site-a,2024-02,Feb 2024,36,3149.59,3016.89,3316.07,2979200.0,35
Site A,site-a,2024-03,Mar 2024,45,3105.33,2915.12,3322.12,3859540.0,45
Site A,site-a,2024-04,Apr 2024,11,2800.26,2347.23,3029.81,3015000.0,11
Site A,site-a,2024-05,May 2024,44,2830.71,2402.69,3116.4,3464501.0,41
Site A,site-a,2024-06,Jun 2024,13,2845.2,2729.81,3427.47,3651374.0,11
Site A,site-a,2024-07,Jul 2024,21,2638.07,2331.18,2813.78,3450000.0,21
Site A,site-a,2024-08,Aug 2024,10,3068.78,2890.01,3339.36,4174955.0,9
Site A,site-a,2024-09,Sep 2024,25,3033.66,2592.05,3214.69,3713893.0,24
Site A,site-a,2024-10,Oct 2024,9,2860.39,2610.8,3340.49,4646450.0,5
Site A,site-a,2024-11,Nov 2024,15,2897.26,2690.2,3649.16,3392000.0,12
Site A,site-a,2024-12,Dec 2024,14,3166.23,2395.13,3424.88,3809543.0,14
Site A,site-a,2025-01,Jan 2025,13,3425.48,2915.37,3565.11,3889130.0,12
Site A,site-a,2025-02,Feb 2025,62,2865.89,2630.76,3227.83,3138912.0,61
Site A,site-a,2025-03,Mar 2025,24,3132.59,2463.15,3530.72,3807795.0,23
Site A,site-a,2025-04,Apr 2025,19,2463.59,2210.18,3267.16,3779762.5,16
Site A,site-a,2025-05,May 2025,16,3318.75,2823.99,3516.09,3805207.0,14
Site A,site-a,2025-06,Jun 2025,20,3099.68,2856.72,3575.27,4501698.0,14
Site A,site-a,2025-07,Jul 2025,24,3697.22,3293.2,3935.0,6580680.0,21
Site A,site-a,2025-08,Aug 2025,10,2319.66,2133.88,2618.42,2980000.0,8
Site A,site-a,2025-09,Sep 2025,10,2428.63,2226.68,2796.86,3665000.0,10
Site A,site-a,2025-10,Oct 2025,223,912.6,857.25,1113.41,450000.0,188
Site A,site-a,2025-11,Nov 2025,28,2802.93,2374.73,3303.52,3535000.0,26
Site A,site-a,2025-12,Dec 2025,19,3634.73,2920.95,4105.16,5750580.0,19
Site A,site-a,2026-01,Jan 2026,17,3069.13,2446.0,3499.33,4463025.0,17
Site A,site-a,2026-02,Feb 2026,20,2932.19,2284.52,3612.78,4807942.0,19
Site A,site-a,2026-03,Mar 2026,15,2556.58,2259.13,3771.31,3821760.0,11
Site A,site-a,2026-04,Apr 2026,17,2489.37,2185.58,2777.34,3668649.0,15
Site A,site-a,2026-05,May 2026,5,2269.1,2174.7,2896.35,3603891.0,6
Site A,site-a,2026-06,Jun 2026,20,2567.82,2387.14,3670.31,3790459.0,19
Site A,site-a,2026-07,Jul 2026,19,2272.66,1700.01,2586.39,3696703.0,17
Site A,site-a,2026-08,Aug 2026,21,2232.1,2027.12,2409.67,3803732.0,21
Jumeirah Golf Estates,jumeirah-golf-estates,2021-09,Sep 2021,13,1057.52,964.39,1347.45,4500000.0,35
Jumeirah Golf Estates,jumeirah-golf-estates,2021-10,Oct 2021,17,1372.27,1363.41,1418.37,4050000.0,31
Jumeirah Golf Estates,jumeirah-golf-estates,2021-11,Nov 2021,14,952.77,916.0,1307.21,4000000.0,30
Jumeirah Golf Estates,jumeirah-golf-estates,2021-12,Dec 2021,13,938.57,873.6,1015.73,4062500.0,28
Jumeirah Golf Estates,jumeirah-golf-estates,2022-01,Jan 2022,38,1065.57,1057.93,1072.12,876731.0,43
Jumeirah Golf Estates,jumeirah-golf-estates,2022-02,Feb 2022,6,745.47,711.65,791.12,7700000.0,25
Jumeirah Golf Estates,jumeirah-golf-estates,2022-03,Mar 2022,31,972.98,925.23,979.67,1410000.0,44
Jumeirah Golf Estates,jumeirah-golf-estates,2022-04,Apr 2022,24,965.7,925.21,975.59,1761000.0,45
Jumeirah Golf Estates,jumeirah-golf-estates,2022-05,May 2022,18,977.96,959.47,1004.38,1427000.0,29
Jumeirah Golf Estates,jumeirah-golf-estates,2022-06,Jun 2022,14,962.72,917.88,973.84,6500000.0,45
Jumeirah Golf Estates,jumeirah-golf-estates,2022-07,Jul 2022,17,976.91,839.6,1032.26,3375000.0,38
Jumeirah Golf Estates,jumeirah-golf-estates,2022-08,Aug 2022,21,1021.22,1009.01,1036.45,1818500.0,38
Jumeirah Golf Estates,jumeirah-golf-estates,2022-09,Sep 2022,3,,,,5217500.0,16
Jumeirah Golf Estates,jumeirah-golf-estates,2022-10,Oct 2022,2,,,,7135694.0,42
Jumeirah Golf Estates,jumeirah-golf-estates,2022-11,Nov 2022,5,978.31,847.31,997.2,6100000.0,17
Jumeirah Golf Estates,jumeirah-golf-estates,2022-12,Dec 2022,9,954.77,919.28,1038.5,3075000.0,18
Jumeirah Golf Estates,jumeirah-golf-estates,2023-01,Jan 2023,5,1001.85,1000.57,1050.07,5600000.0,29
Jumeirah Golf Estates,jumeirah-golf-estates,2023-02,Feb 2023,7,960.94,894.84,1023.74,7649390.0,56
Jumeirah Golf Estates,jumeirah-golf-estates,2023-03,Mar 2023,11,984.72,934.15,1032.53,5301715.0,72
Jumeirah Golf Estates,jumeirah-golf-estates,2023-04,Apr 2023,12,1083.76,1010.78,1131.75,5274875.0,58
Jumeirah Golf Estates,jumeirah-golf-estates,2023-05,May 2023,14,1023.7,934.53,1148.97,4216000.0,87
Jumeirah Golf Estates,jumeirah-golf-estates,2023-06,Jun 2023,25,1120.09,1081.43,1212.38,4800000.0,69
Jumeirah Golf Estates,jumeirah-golf-estates,2023-07,Jul 2023,34,1211.18,1120.38,1277.6,2300000.0,57
Jumeirah Golf Estates,jumeirah-golf-estates,2023-08,Aug 2023,55,1199.79,1127.38,1637.32,3547777.0,85
Jumeirah Golf Estates,jumeirah-golf-estates,2023-09,Sep 2023,83,2362.55,1595.45,2417.68,3870777.0,106
Jumeirah Golf Estates,jumeirah-golf-estates,2023-10,Oct 2023,51,2356.29,1213.12,2441.07,3983388.5,88
Jumeirah Golf Estates,jumeirah-golf-estates,2023-11,Nov 2023,22,1281.32,1200.52,1675.56,4008777.0,119
Jumeirah Golf Estates,jumeirah-golf-estates,2023-12,Dec 2023,16,1101.41,1049.28,1243.38,4970170.0,36
Jumeirah Golf Estates,jumeirah-golf-estates,2024-01,Jan 2024,16,1200.11,1179.12,1463.19,5033000.0,53
Jumeirah Golf Estates,jumeirah-golf-estates,2024-02,Feb 2024,16,1206.88,1195.34,1254.46,5000000.0,33
Jumeirah Golf Estates,jumeirah-golf-estates,2024-03,Mar 2024,17,1232.91,1161.91,1268.99,5008000.0,41
Jumeirah Golf Estates,jumeirah-golf-estates,2024-04,Apr 2024,10,1210.3,1177.49,1251.5,7240000.0,21
Jumeirah Golf Estates,jumeirah-golf-estates,2024-05,May 2024,17,1235.7,1189.31,2393.87,5900000.0,47
Jumeirah Golf Estates,jumeirah-golf-estates,2024-06,Jun 2024,17,1360.44,1227.63,1549.77,5800000.0,37
Jumeirah Golf Estates,jumeirah-golf-estates,2024-07,Jul 2024,15,1223.7,1200.75,1300.19,7000000.0,41
Jumeirah Golf Estates,jumeirah-golf-estates,2024-08,Aug 2024,14,1296.11,1192.16,1558.9,6000000.0,35
Jumeirah Golf Estates,jumeirah-golf-estates,2024-09,Sep 2024,7,2216.2,1296.6,2586.74,7650000.0,32
Jumeirah Golf Estates,jumeirah-golf-estates,2024-10,Oct 2024,12,1405.0,1342.59,1426.84,5997500.0,32
Jumeirah Golf Estates,jumeirah-golf-estates,2024-11,Nov 2024,17,1334.09,1211.88,1477.43,4400000.0,40
Jumeirah Golf Estates,jumeirah-golf-estates,2024-12,Dec 2024,11,1332.4,1239.59,1473.92,7490000.0,28
Jumeirah Golf Estates,jumeirah-golf-estates,2025-01,Jan 2025,6,1659.77,1354.32,2182.0,9050000.0,36
Jumeirah Golf Estates,jumeirah-golf-estates,2025-02,Feb 2025,16,1568.32,1272.58,2637.01,5700000.0,40
Jumeirah Golf Estates,jumeirah-golf-estates,2025-03,Mar 2025,14,1978.75,1464.01,2407.55,8000000.0,41
Jumeirah Golf Estates,jumeirah-golf-estates,2025-04,Apr 2025,14,1459.38,1281.58,2068.7,9131500.0,44
Jumeirah Golf Estates,jumeirah-golf-estates,2025-05,May 2025,17,1468.44,1423.28,2221.19,5899401.0,91
Jumeirah Golf Estates,jumeirah-golf-estates,2025-06,Jun 2025,10,2002.2,1549.78,2610.75,7560614.0,41
Jumeirah Golf Estates,jumeirah-golf-estates,2025-07,Jul 2025,13,1616.19,1422.67,2617.93,6284121.5,50
Jumeirah Golf Estates,jumeirah-golf-estates,2025-08,Aug 2025,6,2069.04,1495.31,2712.0,7461142.0,50
Jumeirah Golf Estates,jumeirah-golf-estates,2025-09,Sep 2025,16,1663.13,1490.38,1821.62,4750000.0,39
Jumeirah Golf Estates,jumeirah-golf-estates,2025-10,Oct 2025,40,1018.49,1018.49,1029.91,1391522.0,63
Jumeirah Golf Estates,jumeirah-golf-estates,2025-11,Nov 2025,14,1661.13,1584.33,2428.7,7500000.0,39
Jumeirah Golf Estates,jumeirah-golf-estates,2025-12,Dec 2025,9,1640.61,1534.02,2781.93,8487543.0,30
Jumeirah Golf Estates,jumeirah-golf-estates,2026-01,Jan 2026,11,1610.23,1531.84,2701.05,7800000.0,37
Jumeirah Golf Estates,jumeirah-golf-estates,2026-02,Feb 2026,11,1715.81,1615.19,2650.19,7425000.0,32
Jumeirah Golf Estates,jumeirah-golf-estates,2026-03,Mar 2026,9,2319.76,1746.09,2906.85,8391976.0,28
Jumeirah Golf Estates,jumeirah-golf-estates,2026-04,Apr 2026,11,2388.41,1537.64,2685.2,6424700.5,24
Jumeirah Golf Estates,jumeirah-golf-estates,2026-05,May 2026,6,2092.04,1534.88,2706.76,7033810.0,32
Jumeirah Golf Estates,jumeirah-golf-estates,2026-06,Jun 2026,7,1436.9,1358.55,1443.03,4100000.0,18
Jumeirah Golf Estates,jumeirah-golf-estates,2026-07,Jul 2026,10,1511.27,1422.75,2224.18,6900000.0,27
Jumeirah Golf Estates,jumeirah-golf-estates,2026-08,Aug 2026,3,,,,10150000.0,11
Arabian Ranches 3,arabian-ranches-3,2025-08,Aug 2025,35,1746.51,1398.81,2075.84,3800000.0,48
Arabian Ranches 3,arabian-ranches-3,2025-09,Sep 2025,30,1795.97,1715.89,2239.44,3175000.0,34
Arabian Ranches 3,arabian-ranches-3,2025-10,Oct 2025,35,1860.11,1717.53,2167.42,3590000.0,45
Arabian Ranches 3,arabian-ranches-3,2025-11,Nov 2025,36,1815.7,1681.44,2130.07,3375000.0,42
Arabian Ranches 3,arabian-ranches-3,2025-12,Dec 2025,26,1776.84,1494.07,1878.36,4015000.0,34
Arabian Ranches 3,arabian-ranches-3,2026-01,Jan 2026,29,2108.96,1843.98,2458.12,3590000.0,35
Arabian Ranches 3,arabian-ranches-3,2026-02,Feb 2026,37,1716.7,1429.35,2059.21,3987500.0,44
Arabian Ranches 3,arabian-ranches-3,2026-03,Mar 2026,17,1716.72,1461.49,2302.77,4625000.0,22
Arabian Ranches 3,arabian-ranches-3,2026-04,Apr 2026,25,1799.1,1493.62,2084.61,3275000.0,32
Arabian Ranches 3,arabian-ranches-3,2026-05,May 2026,19,1795.97,1625.02,1882.81,3700000.0,27
Arabian Ranches 3,arabian-ranches-3,2026-06,Jun 2026,32,1688.33,1361.81,2012.8,3550000.0,37
Arabian Ranches 3,arabian-ranches-3,2026-07,Jul 2026,26,1682.52,1346.75,1852.7,3900000.0,34
Arabian Ranches 3,arabian-ranches-3,2026-08,Aug 2026,22,1820.02,1486.16,2039.89,3700000.0,25
Wasl 1,wasl-1,2021-09,Sep 2021,16,1361.88,1296.68,1458.15,2102888.5,16
Wasl 1,wasl-1,2021-10,Oct 2021,4,,,,,3
Wasl 1,wasl-1,2021-11,Nov 2021,6,1442.12,1329.81,1584.62,2078388.5,6
Wasl 1,wasl-1,2021-12,Dec 2021,3,,,,,3
Wasl 1,wasl-1,2022-01,Jan 2022,9,1387.16,1263.3,1482.26,2702777.0,9
Wasl 1,wasl-1,2022-02,Feb 2022,13,1361.31,1293.43,1579.53,2110777.0,13
Wasl 1,wasl-1,2022-03,Mar 2022,36,1517.81,1362.53,1656.18,2177277.0,36
Wasl 1,wasl-1,2022-04,Apr 2022,65,1588.19,1376.29,1744.7,2192777.0,65
Wasl 1,wasl-1,2022-05,May 2022,43,1508.23,1336.78,1627.48,2128777.0,43
Wasl 1,wasl-1,2022-06,Jun 2022,43,1490.12,1345.11,1643.02,2152777.0,43
Wasl 1,wasl-1,2022-07,Jul 2022,31,1511.01,1387.55,1658.21,2251777.0,31
Wasl 1,wasl-1,2022-08,Aug 2022,24,1587.29,1371.57,1777.64,2390777.0,23
Wasl 1,wasl-1,2022-09,Sep 2022,2,,,,,2
Wasl 1,wasl-1,2022-10,Oct 2022,4,,,,,4
Wasl 1,wasl-1,2022-11,Nov 2022,116,1638.0,1559.0,1756.63,1703585.5,116
Wasl 1,wasl-1,2022-12,Dec 2022,80,1730.3,1652.77,1833.3,2236462.5,80
Wasl 1,wasl-1,2023-01,Jan 2023,132,1688.4,1612.34,1827.1,2115956.0,132
Wasl 1,wasl-1,2023-02,Feb 2023,81,1706.1,1610.96,1813.67,2107099.0,81
Wasl 1,wasl-1,2023-03,Mar 2023,124,1753.36,1667.94,1880.61,2194917.0,124
Wasl 1,wasl-1,2023-04,Apr 2023,46,1833.8,1723.59,2078.58,2495923.5,46
Wasl 1,wasl-1,2023-05,May 2023,24,1885.05,1662.79,2143.57,2712988.0,24
Wasl 1,wasl-1,2023-06,Jun 2023,16,1621.17,1502.26,1686.77,2375000.0,16
Wasl 1,wasl-1,2023-07,Jul 2023,49,1883.18,1664.32,2010.47,2340655.0,49
Wasl 1,wasl-1,2023-08,Aug 2023,28,1733.88,1668.01,1903.14,1978385.0,28
Wasl 1,wasl-1,2023-09,Sep 2023,49,1762.8,1655.85,1932.49,2095777.0,49
Wasl 1,wasl-1,2023-10,Oct 2023,73,1844.51,1672.07,1971.92,1943777.0,73
Wasl 1,wasl-1,2023-11,Nov 2023,38,1904.68,1757.43,1975.48,2148777.0,38
Wasl 1,wasl-1,2023-12,Dec 2023,29,1879.94,1770.92,2026.36,2167777.0,29
Wasl 1,wasl-1,2024-01,Jan 2024,16,1966.11,1890.74,2102.81,2788352.0,16
Wasl 1,wasl-1,2024-02,Feb 2024,30,1720.18,1613.71,2069.67,2494500.0,30
Wasl 1,wasl-1,2024-03,Mar 2024,16,2035.25,1713.06,2130.24,2750000.0,16
Wasl 1,wasl-1,2024-04,Apr 2024,16,1928.62,1718.33,2077.02,2265777.0,15
Wasl 1,wasl-1,2024-05,May 2024,42,1852.97,1761.5,2088.53,2165777.0,42
Wasl 1,wasl-1,2024-06,Jun 2024,38,2030.0,1797.92,2093.63,2750000.0,38
Wasl 1,wasl-1,2024-07,Jul 2024,57,1963.24,1832.41,2103.01,2320777.0,57
Wasl 1,wasl-1,2024-08,Aug 2024,54,1971.41,1834.39,2082.42,2381888.5,54
Wasl 1,wasl-1,2024-09,Sep 2024,199,2035.31,1928.91,2106.54,2446777.0,199
Wasl 1,wasl-1,2024-10,Oct 2024,127,2031.12,1951.96,2110.64,2354777.0,127
Wasl 1,wasl-1,2024-11,Nov 2024,125,2068.47,1961.82,2167.66,2437777.0,125
Wasl 1,wasl-1,2024-12,Dec 2024,132,2079.31,1964.96,2143.87,2501777.0,131
Wasl 1,wasl-1,2025-01,Jan 2025,85,2044.32,1978.92,2141.28,2372777.0,85
Wasl 1,wasl-1,2025-02,Feb 2025,38,2032.39,1920.94,2102.69,2363777.0,38
Wasl 1,wasl-1,2025-03,Mar 2025,20,2137.66,1907.5,2296.18,2745764.5,20
Wasl 1,wasl-1,2025-04,Apr 2025,51,2120.04,2036.77,2467.59,2938750.0,51
Wasl 1,wasl-1,2025-05,May 2025,72,2108.46,1983.06,2425.11,2487777.0,72
Wasl 1,wasl-1,2025-06,Jun 2025,72,2240.45,2083.49,2377.67,2628777.0,72
Wasl 1,wasl-1,2025-07,Jul 2025,21,2214.8,2023.34,2394.19,2552777.0,21
Wasl 1,wasl-1,2025-08,Aug 2025,186,2217.56,2101.44,2337.56,2531777.0,185
Wasl 1,wasl-1,2025-09,Sep 2025,107,2259.25,2156.73,2392.08,2643777.0,107
Wasl 1,wasl-1,2025-10,Oct 2025,27,2087.26,1951.51,2312.86,2637777.0,27
Wasl 1,wasl-1,2025-11,Nov 2025,35,2267.63,2047.15,2336.71,2750000.0,35
Wasl 1,wasl-1,2025-12,Dec 2025,61,2245.18,2092.02,2390.46,2620000.0,61
Wasl 1,wasl-1,2026-01,Jan 2026,15,2058.45,1899.98,2271.4,2700000.0,15
Wasl 1,wasl-1,2026-02,Feb 2026,22,2117.32,2000.98,2371.5,2925000.0,22
Wasl 1,wasl-1,2026-03,Mar 2026,14,2140.15,2004.04,2369.45,2989388.5,14
Wasl 1,wasl-1,2026-04,Apr 2026,37,2178.93,1967.41,2341.1,2566777.0,37
Wasl 1,wasl-1,2026-05,May 2026,26,2282.09,2166.05,2363.84,2748277.0,26
Wasl 1,wasl-1,2026-06,Jun 2026,18,2059.03,1853.21,2227.0,2641388.5,18
Wasl 1,wasl-1,2026-07,Jul 2026,26,2225.4,1927.61,2306.53,2750000.0,25
Wasl 1,wasl-1,2026-08,Aug 2026,21,2155.73,2089.01,2249.5,2592777.0,21
TILAL AL GHAF,tilal-al-ghaf,2021-09,Sep 2021,102,1078.68,1039.38,1117.4,2717000.0,103
TILAL AL GHAF,tilal-al-ghaf,2021-10,Oct 2021,66,1188.83,1049.38,1236.73,3929000.0,173
TILAL AL GHAF,tilal-al-ghaf,2021-11,Nov 2021,359,1210.29,1067.71,1248.28,2847000.0,508
TILAL AL GHAF,tilal-al-ghaf,2021-12,Dec 2021,122,1199.02,981.96,1237.22,2161000.0,137
TILAL AL GHAF,tilal-al-ghaf,2022-01,Jan 2022,36,1155.07,1068.37,1215.29,2386000.0,53
TILAL AL GHAF,tilal-al-ghaf,2022-02,Feb 2022,24,1100.67,966.19,1215.29,2491500.0,36
TILAL AL GHAF,tilal-al-ghaf,2022-03,Mar 2022,28,1195.35,1088.29,1237.31,7490000.0,135
TILAL AL GHAF,tilal-al-ghaf,2022-04,Apr 2022,21,1052.62,921.82,1091.65,2200000.0,31
TILAL AL GHAF,tilal-al-ghaf,2022-05,May 2022,24,1107.47,962.76,1169.89,4601050.0,66
TILAL AL GHAF,tilal-al-ghaf,2022-06,Jun 2022,39,1181.68,1090.99,1223.93,3095000.0,70
TILAL AL GHAF,tilal-al-ghaf,2022-07,Jul 2022,16,1202.95,1109.54,1240.31,3570425.5,34
TILAL AL GHAF,tilal-al-ghaf,2022-08,Aug 2022,9,1223.89,1036.51,1225.26,4550000.0,31
TILAL AL GHAF,tilal-al-ghaf,2022-09,Sep 2022,15,1230.59,1145.01,1291.96,8230500.0,72
TILAL AL GHAF,tilal-al-ghaf,2022-10,Oct 2022,22,1233.25,1181.22,1275.85,7350786.0,53
TILAL AL GHAF,tilal-al-ghaf,2022-11,Nov 2022,18,1204.75,1117.99,1291.26,7600000.0,67
TILAL AL GHAF,tilal-al-ghaf,2022-12,Dec 2022,16,1276.35,1224.4,1321.26,12848500.0,52
TILAL AL GHAF,tilal-al-ghaf,2023-01,Jan 2023,19,1339.87,1271.32,1409.79,4700000.0,45
TILAL AL GHAF,tilal-al-ghaf,2023-02,Feb 2023,41,1294.27,1253.45,1445.86,8858500.0,116
TILAL AL GHAF,tilal-al-ghaf,2023-03,Mar 2023,50,1389.28,1291.6,1448.07,4720000.0,108
TILAL AL GHAF,tilal-al-ghaf,2023-04,Apr 2023,30,1419.98,1279.68,1494.22,8936000.0,88
TILAL AL GHAF,tilal-al-ghaf,2023-05,May 2023,56,1519.88,1464.84,1604.19,3000000.0,81
TILAL AL GHAF,tilal-al-ghaf,2023-06,Jun 2023,38,1566.41,1427.29,1678.74,4000000.0,73
TILAL AL GHAF,tilal-al-ghaf,2023-07,Jul 2023,43,1653.9,1541.84,1753.26,3500000.0,75
TILAL AL GHAF,tilal-al-ghaf,2023-08,Aug 2023,26,1633.27,1506.99,1765.54,3650000.0,43
TILAL AL GHAF,tilal-al-ghaf,2023-09,Sep 2023,20,1682.35,1569.43,1772.32,4868000.0,40
TILAL AL GHAF,tilal-al-ghaf,2023-10,Oct 2023,41,1657.71,1573.94,1786.34,4200000.0,56
TILAL AL GHAF,tilal-al-ghaf,2023-11,Nov 2023,46,1753.14,1626.45,1819.29,3112500.0,68
TILAL AL GHAF,tilal-al-ghaf,2023-12,Dec 2023,28,1744.87,1541.31,1827.66,4600000.0,63
TILAL AL GHAF,tilal-al-ghaf,2024-01,Jan 2024,25,1738.7,1657.61,1819.29,4600000.0,46
TILAL AL GHAF,tilal-al-ghaf,2024-02,Feb 2024,45,1872.22,1792.19,2230.97,5000000.0,59
TILAL AL GHAF,tilal-al-ghaf,2024-03,Mar 2024,51,1885.58,1799.15,2033.43,7375500.0,68
TILAL AL GHAF,tilal-al-ghaf,2024-04,Apr 2024,44,1867.19,1604.93,1959.91,5800000.0,64
TILAL AL GHAF,tilal-al-ghaf,2024-05,May 2024,81,1902.12,1818.02,2067.24,7283000.0,109
TILAL AL GHAF,tilal-al-ghaf,2024-06,Jun 2024,23,1982.63,1819.29,2173.21,7450000.0,50
TILAL AL GHAF,tilal-al-ghaf,2024-07,Jul 2024,35,2013.95,1815.85,2102.94,7300000.0,55
TILAL AL GHAF,tilal-al-ghaf,2024-08,Aug 2024,22,2061.94,2020.85,2151.77,5800000.0,37
TILAL AL GHAF,tilal-al-ghaf,2024-09,Sep 2024,10,1971.37,1887.01,2008.67,7700000.0,33
TILAL AL GHAF,tilal-al-ghaf,2024-10,Oct 2024,13,2124.31,1933.34,2183.15,8525000.0,36
TILAL AL GHAF,tilal-al-ghaf,2024-11,Nov 2024,19,2112.37,2018.4,2200.99,7450000.0,44
TILAL AL GHAF,tilal-al-ghaf,2024-12,Dec 2024,22,2167.78,2056.26,2265.25,6512500.0,46
TILAL AL GHAF,tilal-al-ghaf,2025-01,Jan 2025,17,2315.46,2150.07,2352.14,7800000.0,33
TILAL AL GHAF,tilal-al-ghaf,2025-02,Feb 2025,15,2224.22,1858.7,2389.97,7825000.0,34
TILAL AL GHAF,tilal-al-ghaf,2025-03,Mar 2025,27,2276.56,2001.33,2409.52,6350000.0,52
TILAL AL GHAF,tilal-al-ghaf,2025-04,Apr 2025,14,2275.22,2041.89,2396.65,8400000.0,43
TILAL AL GHAF,tilal-al-ghaf,2025-05,May 2025,32,2352.37,2181.16,2442.76,6462500.0,52
TILAL AL GHAF,tilal-al-ghaf,2025-06,Jun 2025,14,2231.01,2063.19,2389.21,8435000.0,34
TILAL AL GHAF,tilal-al-ghaf,2025-07,Jul 2025,15,2260.41,1995.36,2456.28,9412500.0,44
TILAL AL GHAF,tilal-al-ghaf,2025-08,Aug 2025,13,2414.7,2358.63,2480.85,7594500.0,27
TILAL AL GHAF,tilal-al-ghaf,2025-09,Sep 2025,20,2477.12,2070.92,2566.77,6875000.0,38
TILAL AL GHAF,tilal-al-ghaf,2025-10,Oct 2025,29,2530.47,2349.1,2627.01,6200000.0,48
TILAL AL GHAF,tilal-al-ghaf,2025-11,Nov 2025,15,2712.4,2149.51,2762.12,8800000.0,34
TILAL AL GHAF,tilal-al-ghaf,2025-12,Dec 2025,30,2479.64,2150.6,2749.56,6550000.0,53
TILAL AL GHAF,tilal-al-ghaf,2026-01,Jan 2026,14,2447.4,2108.67,2765.68,8550000.0,29
TILAL AL GHAF,tilal-al-ghaf,2026-02,Feb 2026,22,2489.34,2136.02,2612.08,7725000.0,35
TILAL AL GHAF,tilal-al-ghaf,2026-03,Mar 2026,23,2580.09,2098.23,2764.98,5300000.0,29
TILAL AL GHAF,tilal-al-ghaf,2026-04,Apr 2026,16,2327.9,2098.07,2470.47,5850000.0,22
TILAL AL GHAF,tilal-al-ghaf,2026-05,May 2026,10,2228.86,1914.1,2513.36,7000000.0,17
TILAL AL GHAF,tilal-al-ghaf,2026-06,Jun 2026,11,2315.46,2182.27,2582.25,9000000.0,23
TILAL AL GHAF,tilal-al-ghaf,2026-07,Jul 2026,18,2214.65,2030.08,2399.93,6550000.0,32
TILAL AL GHAF,tilal-al-ghaf,2026-08,Aug 2026,12,2087.41,1966.9,2330.19,8200000.0,27
WARSAN FIRST DEVELOPMENT,warsan-first-development,2022-09,Sep 2022,5,841.1,831.9,858.49,,3
WARSAN FIRST DEVELOPMENT,warsan-first-development,2022-10,Oct 2022,0,,,,,0
WARSAN FIRST DEVELOPMENT,warsan-first-development,2022-11,Nov 2022,0,,,,,0
WARSAN FIRST DEVELOPMENT,warsan-first-development,2022-12,Dec 2022,4,,,,,4
WARSAN FIRST DEVELOPMENT,warsan-first-development,2023-01,Jan 2023,13,919.76,860.18,986.9,596000.0,12
WARSAN FIRST DEVELOPMENT,warsan-first-development,2023-02,Feb 2023,86,1190.36,1167.06,1199.95,487500.0,86
WARSAN FIRST DEVELOPMENT,warsan-first-development,2023-03,Mar 2023,44,1187.52,992.82,1195.86,773000.0,45
WARSAN FIRST DEVELOPMENT,warsan-first-development,2023-04,Apr 2023,41,1165.18,982.56,1188.89,764000.0,37
WARSAN FIRST DEVELOPMENT,warsan-first-development,2023-05,May 2023,15,1178.76,894.55,1200.36,661150.0,12
WARSAN FIRST DEVELOPMENT,warsan-first-development,2023-06,Jun 2023,78,1184.67,997.07,1195.47,772000.0,80
WARSAN FIRST DEVELOPMENT,warsan-first-development,2023-07,Jul 2023,32,1182.65,1000.92,1199.47,770500.0,34
WARSAN FIRST DEVELOPMENT,warsan-first-development,2023-08,Aug 2023,16,976.24,939.58,1186.99,781000.0,15
WARSAN FIRST DEVELOPMENT,warsan-first-development,2023-09,Sep 2023,20,990.16,929.46,1181.44,765500.0,20
WARSAN FIRST DEVELOPMENT,warsan-first-development,2023-10,Oct 2023,18,1005.99,933.7,1184.79,770500.0,16
WARSAN FIRST DEVELOPMENT,warsan-first-development,2023-11,Nov 2023,8,1009.27,971.19,1188.55,773000.0,7
WARSAN FIRST DEVELOPMENT,warsan-first-development,2023-12,Dec 2023,7,942.65,938.24,957.72,6400000.0,5
WARSAN FIRST DEVELOPMENT,warsan-first-development,2024-01,Jan 2024,9,978.74,972.85,1048.5,767000.0,9
WARSAN FIRST DEVELOPMENT,warsan-first-development,2024-02,Feb 2024,2,,,,,1
WARSAN FIRST DEVELOPMENT,warsan-first-development,2024-03,Mar 2024,7,1046.02,959.9,1060.11,,4
WARSAN FIRST DEVELOPMENT,warsan-first-development,2024-04,Apr 2024,7,953.9,926.22,1027.36,,4
WARSAN FIRST DEVELOPMENT,warsan-first-development,2024-05,May 2024,12,1130.88,1049.2,1186.75,703899.5,8
WARSAN FIRST DEVELOPMENT,warsan-first-development,2024-06,Jun 2024,12,1047.73,925.5,1151.9,595000.0,12
WARSAN FIRST DEVELOPMENT,warsan-first-development,2024-07,Jul 2024,10,1185.85,1022.96,1277.35,685000.0,11
WARSAN FIRST DEVELOPMENT,warsan-first-development,2024-08,Aug 2024,2,,,,,3
WARSAN FIRST DEVELOPMENT,warsan-first-development,2024-09,Sep 2024,4,,,,,4
WARSAN FIRST DEVELOPMENT,warsan-first-development,2024-10,Oct 2024,17,1111.91,1070.2,1129.83,715000.0,29
WARSAN FIRST DEVELOPMENT,warsan-first-development,2024-11,Nov 2024,10,1078.43,1065.32,1168.58,950000.0,16
WARSAN FIRST DEVELOPMENT,warsan-first-development,2024-12,Dec 2024,3,,,,,4
WARSAN FIRST DEVELOPMENT,warsan-first-development,2025-01,Jan 2025,6,1124.94,1088.46,1152.44,587500.0,6
WARSAN FIRST DEVELOPMENT,warsan-first-development,2025-02,Feb 2025,8,1138.99,1115.32,1169.77,717500.0,8
WARSAN FIRST DEVELOPMENT,warsan-first-development,2025-03,Mar 2025,10,1184.67,1060.36,1223.04,990000.0,11
WARSAN FIRST DEVELOPMENT,warsan-first-development,2025-04,Apr 2025,10,1137.48,1004.9,1183.35,670000.0,12
WARSAN FIRST DEVELOPMENT,warsan-first-development,2025-05,May 2025,11,1172.58,1155.25,1319.54,740000.0,11
WARSAN FIRST DEVELOPMENT,warsan-first-development,2025-06,Jun 2025,5,1217.76,1047.7,1233.89,1250000.0,7
WARSAN FIRST DEVELOPMENT,warsan-first-development,2025-07,Jul 2025,6,1195.77,1134.66,1217.6,921580.0,6
WARSAN FIRST DEVELOPMENT,warsan-first-development,2025-08,Aug 2025,5,1069.27,830.45,1168.04,771000.0,7
WARSAN FIRST DEVELOPMENT,warsan-first-development,2025-09,Sep 2025,9,1189.24,1175.4,1338.43,763500.0,10
WARSAN FIRST DEVELOPMENT,warsan-first-development,2025-10,Oct 2025,5,1237.87,1206.13,1258.92,635500.0,6
WARSAN FIRST DEVELOPMENT,warsan-first-development,2025-11,Nov 2025,4,,,,750000.0,5
WARSAN FIRST DEVELOPMENT,warsan-first-development,2025-12,Dec 2025,7,1240.57,1138.26,1341.41,790500.0,10
WARSAN FIRST DEVELOPMENT,warsan-first-development,2026-01,Jan 2026,9,1183.31,1160.23,1279.28,820000.0,10
WARSAN FIRST DEVELOPMENT,warsan-first-development,2026-02,Feb 2026,20,1316.01,1132.69,1495.91,586555.0,21
WARSAN FIRST DEVELOPMENT,warsan-first-development,2026-03,Mar 2026,26,1215.89,1112.58,1482.75,682149.5,26
WARSAN FIRST DEVELOPMENT,warsan-first-development,2026-04,Apr 2026,16,1209.02,1097.24,1484.67,792500.0,16
WARSAN FIRST DEVELOPMENT,warsan-first-development,2026-05,May 2026,5,1508.45,1218.11,1511.8,1376756.0,12
WARSAN FIRST DEVELOPMENT,warsan-first-development,2026-06,Jun 2026,142,1372.81,1294.39,1386.1,531800.0,153
WARSAN FIRST DEVELOPMENT,warsan-first-development,2026-07,Jul 2026,36,1293.54,1200.0,1372.81,544750.0,38
WARSAN FIRST DEVELOPMENT,warsan-first-development,2026-08,Aug 2026,47,1326.45,1249.02,1372.77,536900.0,47
Barsha Heights,barsha-heights,2021-09,Sep 2021,19,1204.46,849.91,1503.08,753882.0,30
Barsha Heights,barsha-heights,2021-10,Oct 2021,7,1638.68,1164.66,2437.73,903461.5,20
Barsha Heights,barsha-heights,2021-11,Nov 2021,9,1498.43,749.99,2245.78,851616.0,28
Barsha Heights,barsha-heights,2021-12,Dec 2021,6,3072.91,1924.54,3753.93,1274513.0,16
Barsha Heights,barsha-heights,2022-01,Jan 2022,8,2410.48,764.34,2770.32,937717.0,16
Barsha Heights,barsha-heights,2022-02,Feb 2022,5,715.9,700.87,806.45,917224.5,10
Barsha Heights,barsha-heights,2022-03,Mar 2022,83,2642.63,1669.02,3449.14,1195000.0,95
Barsha Heights,barsha-heights,2022-04,Apr 2022,12,1918.02,1070.51,2510.15,945000.0,19
Barsha Heights,barsha-heights,2022-05,May 2022,20,1368.83,557.9,2363.87,769650.0,33
Barsha Heights,barsha-heights,2022-06,Jun 2022,12,898.12,757.55,2603.0,771407.0,37
Barsha Heights,barsha-heights,2022-07,Jul 2022,16,711.4,629.73,1935.66,756500.0,81
Barsha Heights,barsha-heights,2022-08,Aug 2022,4,,,,857500.0,10
Barsha Heights,barsha-heights,2022-09,Sep 2022,5,743.94,711.44,811.45,740000.0,9
Barsha Heights,barsha-heights,2022-10,Oct 2022,13,910.07,818.17,2260.07,920188.0,27
Barsha Heights,barsha-heights,2022-11,Nov 2022,15,919.55,745.83,1260.47,900000.0,21
Barsha Heights,barsha-heights,2022-12,Dec 2022,9,870.97,744.69,1575.4,816341.0,30
Barsha Heights,barsha-heights,2023-01,Jan 2023,6,815.27,739.39,1040.3,870000.0,9
Barsha Heights,barsha-heights,2023-02,Feb 2023,5,717.43,679.82,748.47,867500.0,10
Barsha Heights,barsha-heights,2023-03,Mar 2023,17,1106.59,1015.03,1144.65,1308450.0,31
Barsha Heights,barsha-heights,2023-04,Apr 2023,8,923.29,751.42,1375.6,674635.0,21
Barsha Heights,barsha-heights,2023-05,May 2023,24,1227.75,795.6,1362.69,822000.0,55
Barsha Heights,barsha-heights,2023-06,Jun 2023,27,741.93,741.93,785.0,1150000.0,31
Barsha Heights,barsha-heights,2023-07,Jul 2023,5,935.48,903.22,1064.51,1150000.0,13
Barsha Heights,barsha-heights,2023-08,Aug 2023,6,949.99,924.74,1698.91,931941.0,39
Barsha Heights,barsha-heights,2023-09,Sep 2023,7,995.17,818.15,1004.87,925000.0,16
Barsha Heights,barsha-heights,2023-10,Oct 2023,8,962.64,772.18,1744.31,1000000.0,17
Barsha Heights,barsha-heights,2023-11,Nov 2023,13,995.17,769.16,1817.94,1160500.0,30
Barsha Heights,barsha-heights,2023-12,Dec 2023,14,851.11,784.39,1010.71,1112500.0,26
Barsha Heights,barsha-heights,2024-01,Jan 2024,16,2234.36,1067.03,2380.38,1315000.0,43
Barsha Heights,barsha-heights,2024-02,Feb 2024,9,1484.02,967.74,1827.7,1150000.0,27
Barsha Heights,barsha-heights,2024-03,Mar 2024,17,1148.27,1032.26,2182.33,1150000.0,25
Barsha Heights,barsha-heights,2024-04,Apr 2024,10,1078.12,967.74,1321.91,1460000.0,16
Barsha Heights,barsha-heights,2024-05,May 2024,8,855.08,810.93,1113.61,1147000.0,19
Barsha Heights,barsha-heights,2024-06,Jun 2024,9,1071.72,961.41,1132.12,1350000.0,21
Barsha Heights,barsha-heights,2024-07,Jul 2024,9,1315.89,1025.8,1606.39,1547000.0,29
Barsha Heights,barsha-heights,2024-08,Aug 2024,6,1122.53,948.26,1230.86,1264226.0,21
Barsha Heights,barsha-heights,2024-09,Sep 2024,9,1223.92,1032.26,1269.06,1578000.0,18
Barsha Heights,barsha-heights,2024-10,Oct 2024,15,1678.85,1189.01,1846.92,1132730.5,40
Barsha Heights,barsha-heights,2024-11,Nov 2024,7,1180.61,1154.41,1728.74,1200000.0,39
Barsha Heights,barsha-heights,2024-12,Dec 2024,3,,,,1341912.5,12
Barsha Heights,barsha-heights,2025-01,Jan 2025,11,1724.82,1174.62,3068.86,1285000.0,58
Barsha Heights,barsha-heights,2025-02,Feb 2025,14,1273.56,1109.65,1876.52,1134881.5,44
Barsha Heights,barsha-heights,2025-03,Mar 2025,11,1823.38,1474.1,2191.99,1415410.0,27
Barsha Heights,barsha-heights,2025-04,Apr 2025,30,1347.03,1135.75,1878.26,1832667.0,56
Barsha Heights,barsha-heights,2025-05,May 2025,29,1721.67,1595.09,1869.38,5100081.5,56
Barsha Heights,barsha-heights,2025-06,Jun 2025,23,1693.58,1319.3,1853.78,2037285.0,52
Barsha Heights,barsha-heights,2025-07,Jul 2025,23,1687.58,1298.04,1895.26,3131877.0,50
Barsha Heights,barsha-heights,2025-08,Aug 2025,21,1817.0,987.8,2163.29,1818460.0,41
Barsha Heights,barsha-heights,2025-09,Sep 2025,11,1478.86,912.32,2205.18,1826625.0,31
Barsha Heights,barsha-heights,2025-10,Oct 2025,12,1147.85,950.58,1674.03,1861063.0,32
Barsha Heights,barsha-heights,2025-11,Nov 2025,10,1214.94,1137.09,1442.83,1960998.0,33
Barsha Heights,barsha-heights,2025-12,Dec 2025,12,1443.46,1220.36,1935.99,2025000.0,39
Barsha Heights,barsha-heights,2026-01,Jan 2026,5,1185.67,1129.03,2369.32,2094411.0,34
Barsha Heights,barsha-heights,2026-02,Feb 2026,13,1907.04,1239.22,2175.54,1725000.0,37
Barsha Heights,barsha-heights,2026-03,Mar 2026,10,1719.52,1166.77,2363.99,1300000.0,23
Barsha Heights,barsha-heights,2026-04,Apr 2026,3,,,,2564862.5,24
Barsha Heights,barsha-heights,2026-05,May 2026,10,1500.0,1500.0,1543.75,1130677.0,15
Barsha Heights,barsha-heights,2026-06,Jun 2026,8,1665.05,1525.0,1950.66,1179260.0,19
Barsha Heights,barsha-heights,2026-07,Jul 2026,14,1682.27,1506.25,1983.13,1272918.0,29
Barsha Heights,barsha-heights,2026-08,Aug 2026,14,1244.07,1074.75,1545.0,1312500.0,24
Jumeirah Golf Estates - Phase B,jumeirah-golf-estates-phase-b,2021-09,Sep 2021,0,,,,,0
Jumeirah Golf Estates - Phase B,jumeirah-golf-estates-phase-b,2021-10,Oct 2021,0,,,,,0
Jumeirah Golf Estates - Phase B,jumeirah-golf-estates-phase-b,2021-11,Nov 2021,0,,,,,0
Jumeirah Golf Estates - Phase B,jumeirah-golf-estates-phase-b,2021-12,Dec 2021,0,,,,,0
Jumeirah Golf Estates - Phase B,jumeirah-golf-estates-phase-b,2022-01,Jan 2022,0,,,,,0
Jumeirah Golf Estates - Phase B,jumeirah-golf-estates-phase-b,2022-02,Feb 2022,0,,,,,0
Jumeirah Golf Estates - Phase B,jumeirah-golf-estates-phase-b,2022-03,Mar 2022,0,,,,,0
Jumeirah Golf Estates - Phase B,jumeirah-golf-estates-phase-b,2022-04,Apr 2022,0,,,,,0
Jumeirah Golf Estates - Phase B,jumeirah-golf-estates-phase-b,2022-05,May 2022,0,,,,,0
Jumeirah Golf Estates - Phase B,jumeirah-golf-estates-phase-b,2022-06,Jun 2022,0,,,,,0
Jumeirah Golf Estates - Phase B,jumeirah-golf-estates-phase-b,2022-07,Jul 2022,0,,,,,0
Jumeirah Golf Estates - Phase B,jumeirah-golf-estates-phase-b,2022-08,Aug 2022,0,,,,,0
Jumeirah Golf Estates - Phase B,jumeirah-golf-estates-phase-b,2022-09,Sep 2022,0,,,,,0
Jumeirah Golf Estates - Phase B,jumeirah-golf-estates-phase-b,2022-10,Oct 2022,0,,,,,0
Jumeirah Golf Estates - Phase B,jumeirah-golf-estates-phase-b,2022-11,Nov 2022,0,,,,,0
Jumeirah Golf Estates - Phase B,jumeirah-golf-estates-phase-b,2022-12,Dec 2022,0,,,,,0
Jumeirah Golf Estates - Phase B,jumeirah-golf-estates-phase-b,2023-01,Jan 2023,0,,,,,0
Jumeirah Golf Estates - Phase B,jumeirah-golf-estates-phase-b,2023-02,Feb 2023,0,,,,,0
Jumeirah Golf Estates - Phase B,jumeirah-golf-estates-phase-b,2023-03,Mar 2023,0,,,,,0
Jumeirah Golf Estates - Phase B,jumeirah-golf-estates-phase-b,2023-04,Apr 2023,0,,,,,0
Jumeirah Golf Estates - Phase B,jumeirah-golf-estates-phase-b,2023-05,May 2023,0,,,,,0
Jumeirah Golf Estates - Phase B,jumeirah-golf-estates-phase-b,2023-06,Jun 2023,0,,,,,0
Jumeirah Golf Estates - Phase B,jumeirah-golf-estates-phase-b,2023-07,Jul 2023,0,,,,,0
Jumeirah Golf Estates - Phase B,jumeirah-golf-estates-phase-b,2023-08,Aug 2023,0,,,,,0
Jumeirah Golf Estates - Phase B,jumeirah-golf-estates-phase-b,2023-09,Sep 2023,0,,,,,0
Jumeirah Golf Estates - Phase B,jumeirah-golf-estates-phase-b,2023-10,Oct 2023,0,,,,,0
Jumeirah Golf Estates - Phase B,jumeirah-golf-estates-phase-b,2023-11,Nov 2023,0,,,,,0
Jumeirah Golf Estates - Phase B,jumeirah-golf-estates-phase-b,2023-12,Dec 2023,0,,,,,0
Jumeirah Golf Estates - Phase B,jumeirah-golf-estates-phase-b,2024-01,Jan 2024,0,,,,,0
Jumeirah Golf Estates - Phase B,jumeirah-golf-estates-phase-b,2024-02,Feb 2024,0,,,,,0
Jumeirah Golf Estates - Phase B,jumeirah-golf-estates-phase-b,2024-03,Mar 2024,0,,,,,0
Jumeirah Golf Estates - Phase B,jumeirah-golf-estates-phase-b,2024-04,Apr 2024,0,,,,,0
Jumeirah Golf Estates - Phase B,jumeirah-golf-estates-phase-b,2024-05,May 2024,0,,,,,0
Jumeirah Golf Estates - Phase B,jumeirah-golf-estates-phase-b,2024-06,Jun 2024,0,,,,,0
Jumeirah Golf Estates - Phase B,jumeirah-golf-estates-phase-b,2024-07,Jul 2024,0,,,,,0
Jumeirah Golf Estates - Phase B,jumeirah-golf-estates-phase-b,2024-08,Aug 2024,0,,,,,0
Jumeirah Golf Estates - Phase B,jumeirah-golf-estates-phase-b,2024-09,Sep 2024,0,,,,,0
Jumeirah Golf Estates - Phase B,jumeirah-golf-estates-phase-b,2024-10,Oct 2024,0,,,,,0
Jumeirah Golf Estates - Phase B,jumeirah-golf-estates-phase-b,2024-11,Nov 2024,0,,,,,0
Jumeirah Golf Estates - Phase B,jumeirah-golf-estates-phase-b,2024-12,Dec 2024,0,,,,,0
Jumeirah Golf Estates - Phase B,jumeirah-golf-estates-phase-b,2025-01,Jan 2025,0,,,,,0
Jumeirah Golf Estates - Phase B,jumeirah-golf-estates-phase-b,2025-02,Feb 2025,0,,,,,0
Jumeirah Golf Estates - Phase B,jumeirah-golf-estates-phase-b,2025-03,Mar 2025,0,,,,,0
Jumeirah Golf Estates - Phase B,jumeirah-golf-estates-phase-b,2025-04,Apr 2025,0,,,,,0
Jumeirah Golf Estates - Phase B,jumeirah-golf-estates-phase-b,2025-05,May 2025,0,,,,,0
Jumeirah Golf Estates - Phase B,jumeirah-golf-estates-phase-b,2025-06,Jun 2025,0,,,,,0
Jumeirah Golf Estates - Phase B,jumeirah-golf-estates-phase-b,2025-07,Jul 2025,0,,,,,0
Jumeirah Golf Estates - Phase B,jumeirah-golf-estates-phase-b,2025-08,Aug 2025,0,,,,,0
Jumeirah Golf Estates - Phase B,jumeirah-golf-estates-phase-b,2025-09,Sep 2025,0,,,,,1
Jumeirah Golf Estates - Phase B,jumeirah-golf-estates-phase-b,2025-10,Oct 2025,0,,,,,0
Jumeirah Golf Estates - Phase B,jumeirah-golf-estates-phase-b,2025-11,Nov 2025,0,,,,,2
Jumeirah Golf Estates - Phase B,jumeirah-golf-estates-phase-b,2025-12,Dec 2025,0,,,,,3
Jumeirah Golf Estates - Phase B,jumeirah-golf-estates-phase-b,2026-01,Jan 2026,0,,,,9702777.0,79
Jumeirah Golf Estates - Phase B,jumeirah-golf-estates-phase-b,2026-02,Feb 2026,0,,,,16303000.0,54
Jumeirah Golf Estates - Phase B,jumeirah-golf-estates-phase-b,2026-03,Mar 2026,0,,,,12295500.0,24
Jumeirah Golf Estates - Phase B,jumeirah-golf-estates-phase-b,2026-04,Apr 2026,0,,,,12324000.0,47
Jumeirah Golf Estates - Phase B,jumeirah-golf-estates-phase-b,2026-05,May 2026,0,,,,12884000.0,21
Jumeirah Golf Estates - Phase B,jumeirah-golf-estates-phase-b,2026-06,Jun 2026,0,,,,20937000.0,31
Jumeirah Golf Estates - Phase B,jumeirah-golf-estates-phase-b,2026-07,Jul 2026,0,,,,13377000.0,33
Jumeirah Golf Estates - Phase B,jumeirah-golf-estates-phase-b,2026-08,Aug 2026,0,,,,13837000.0,21
Rukan,rukan,2021-09,Sep 2021,19,644.35,602.7,742.7,827750.0,18
Rukan,rukan,2021-10,Oct 2021,39,660.38,498.35,739.82,405557.0,31
Rukan,rukan,2021-11,Nov 2021,19,677.33,589.38,730.51,565695.0,15
Rukan,rukan,2021-12,Dec 2021,24,648.43,580.64,776.04,400000.0,21
Rukan,rukan,2022-01,Jan 2022,65,799.78,696.99,1002.41,609200.0,64
Rukan,rukan,2022-02,Feb 2022,47,864.44,691.97,942.82,606000.0,46
Rukan,rukan,2022-03,Mar 2022,52,813.36,764.61,935.75,612000.0,47
Rukan,rukan,2022-04,Apr 2022,32,746.1,633.4,855.74,577620.5,30
Rukan,rukan,2022-05,May 2022,84,786.11,634.77,886.3,613112.0,76
Rukan,rukan,2022-06,Jun 2022,44,744.35,482.75,872.65,547117.0,31
Rukan,rukan,2022-07,Jul 2022,21,908.27,687.4,1093.95,700684.0,20
Rukan,rukan,2022-08,Aug 2022,76,854.65,644.76,955.31,592612.0,76
Rukan,rukan,2022-09,Sep 2022,56,790.29,717.92,931.86,576627.0,53
Rukan,rukan,2022-10,Oct 2022,62,750.31,658.52,858.98,612000.0,59
Rukan,rukan,2022-11,Nov 2022,83,893.3,778.49,987.31,612000.0,77
Rukan,rukan,2022-12,Dec 2022,58,1010.06,895.55,1038.47,530060.0,59
Rukan,rukan,2023-01,Jan 2023,56,883.19,710.33,1046.46,638528.0,37
Rukan,rukan,2023-02,Feb 2023,9,816.53,802.38,888.65,850000.0,9
Rukan,rukan,2023-03,Mar 2023,31,867.06,694.31,978.78,646285.0,21
Rukan,rukan,2023-04,Apr 2023,8,913.01,673.82,970.6,825600.0,8
Rukan,rukan,2023-05,May 2023,35,900.88,825.94,981.21,653043.0,29
Rukan,rukan,2023-06,Jun 2023,32,939.08,899.94,1024.66,560905.0,28
Rukan,rukan,2023-07,Jul 2023,61,894.48,778.02,949.4,587741.0,54
Rukan,rukan,2023-08,Aug 2023,9,896.82,831.61,911.65,836413.0,9
Rukan,rukan,2023-09,Sep 2023,29,947.1,896.82,1012.37,650000.0,28
Rukan,rukan,2023-10,Oct 2023,22,804.02,683.66,976.29,750000.0,22
Rukan,rukan,2023-11,Nov 2023,58,901.91,774.94,1055.2,800000.0,51
Rukan,rukan,2023-12,Dec 2023,20,955.69,812.29,1015.36,953300.0,20
Rukan,rukan,2024-01,Jan 2024,42,972.59,913.14,1112.68,785000.0,37
Rukan,rukan,2024-02,Feb 2024,41,905.98,848.07,1050.01,1152000.0,28
Rukan,rukan,2024-03,Mar 2024,60,980.28,908.77,1128.3,807500.0,46
Rukan,rukan,2024-04,Apr 2024,21,1047.69,918.46,1177.12,1215000.0,20
Rukan,rukan,2024-05,May 2024,37,1126.1,977.13,1275.66,888008.5,34
Rukan,rukan,2024-06,Jun 2024,27,923.93,892.2,1217.96,755190.0,24
Rukan,rukan,2024-07,Jul 2024,40,979.31,885.62,1099.67,1000000.0,33
Rukan,rukan,2024-08,Aug 2024,50,925.86,844.67,1048.19,660000.0,47
Rukan,rukan,2024-09,Sep 2024,51,908.56,816.45,1042.01,530000.0,51
Rukan,rukan,2024-10,Oct 2024,61,962.08,870.66,1117.29,518110.0,57
Rukan,rukan,2024-11,Nov 2024,32,976.11,822.41,1113.19,574910.5,30
Rukan,rukan,2024-12,Dec 2024,39,1086.7,900.09,1193.41,750000.0,36
Rukan,rukan,2025-01,Jan 2025,62,991.0,911.26,1201.13,800000.0,57
Rukan,rukan,2025-02,Feb 2025,62,1115.12,940.36,1286.66,805000.0,56
Rukan,rukan,2025-03,Mar 2025,35,1117.24,957.88,1203.65,751182.5,30
Rukan,rukan,2025-04,Apr 2025,54,1193.03,991.96,1353.61,890300.0,50
Rukan,rukan,2025-05,May 2025,45,1198.33,1023.76,1515.79,1036500.0,40
Rukan,rukan,2025-06,Jun 2025,73,1113.81,965.26,1302.36,850500.0,67
Rukan,rukan,2025-07,Jul 2025,68,1175.58,1021.91,1395.41,832500.0,62
Rukan,rukan,2025-08,Aug 2025,58,1067.54,958.46,1453.82,897500.0,54
Rukan,rukan,2025-09,Sep 2025,55,1136.95,857.67,1323.86,921000.0,46
Rukan,rukan,2025-10,Oct 2025,45,1501.52,1121.11,1671.74,972500.0,42
Rukan,rukan,2025-11,Nov 2025,46,1346.67,1093.23,1529.4,975000.0,43
Rukan,rukan,2025-12,Dec 2025,26,1465.38,1170.85,1710.63,1000000.0,26
Rukan,rukan,2026-01,Jan 2026,22,1328.13,1052.71,1684.67,985000.0,20
Rukan,rukan,2026-02,Feb 2026,40,1554.54,1235.27,1716.14,1040000.0,40
Rukan,rukan,2026-03,Mar 2026,15,1411.04,1192.82,1587.1,1025000.0,15
Rukan,rukan,2026-04,Apr 2026,20,1246.38,1044.9,1550.87,970000.0,19
Rukan,rukan,2026-05,May 2026,13,1119.07,991.17,1581.93,907500.0,12
Rukan,rukan,2026-06,Jun 2026,9,1455.76,1314.1,1669.34,1125000.0,8
Rukan,rukan,2026-07,Jul 2026,7,1308.31,1063.91,1730.95,1052500.0,8
Rukan,rukan,2026-08,Aug 2026,12,1226.51,1006.69,1631.16,1089000.0,11
Jabal Ali Village,jabal-ali-village,2021-09,Sep 2021,0,,,,,0
Jabal Ali Village,jabal-ali-village,2021-10,Oct 2021,0,,,,,0
Jabal Ali Village,jabal-ali-village,2021-11,Nov 2021,0,,,,,0
Jabal Ali Village,jabal-ali-village,2021-12,Dec 2021,0,,,,,0
Jabal Ali Village,jabal-ali-village,2022-01,Jan 2022,0,,,,,0
Jabal Ali Village,jabal-ali-village,2022-02,Feb 2022,0,,,,4707800.0,42
Jabal Ali Village,jabal-ali-village,2022-03,Mar 2022,0,,,,5028800.0,13
Jabal Ali Village,jabal-ali-village,2022-04,Apr 2022,0,,,,,0
Jabal Ali Village,jabal-ali-village,2022-05,May 2022,0,,,,3103800.0,52
Jabal Ali Village,jabal-ali-village,2022-06,Jun 2022,0,,,,3088800.0,68
Jabal Ali Village,jabal-ali-village,2022-07,Jul 2022,0,,,,4538800.0,18
Jabal Ali Village,jabal-ali-village,2022-08,Aug 2022,0,,,,2998800.0,115
Jabal Ali Village,jabal-ali-village,2022-09,Sep 2022,0,,,,4578800.0,95
Jabal Ali Village,jabal-ali-village,2022-10,Oct 2022,0,,,,3078800.0,71
Jabal Ali Village,jabal-ali-village,2022-11,Nov 2022,0,,,,2868800.0,250
Jabal Ali Village,jabal-ali-village,2022-12,Dec 2022,0,,,,2958800.0,79
Jabal Ali Village,jabal-ali-village,2023-01,Jan 2023,0,,,,2964400.0,36
Jabal Ali Village,jabal-ali-village,2023-02,Feb 2023,0,,,,4925168.0,12
Jabal Ali Village,jabal-ali-village,2023-03,Mar 2023,0,,,,3210776.0,7
Jabal Ali Village,jabal-ali-village,2023-04,Apr 2023,0,,,,,4
Jabal Ali Village,jabal-ali-village,2023-05,May 2023,0,,,,5265000.0,15
Jabal Ali Village,jabal-ali-village,2023-06,Jun 2023,0,,,,2835000.0,5
Jabal Ali Village,jabal-ali-village,2023-07,Jul 2023,0,,,,3550000.0,8
Jabal Ali Village,jabal-ali-village,2023-08,Aug 2023,0,,,,3550000.0,8
Jabal Ali Village,jabal-ali-village,2023-09,Sep 2023,0,,,,4088800.0,30
Jabal Ali Village,jabal-ali-village,2023-10,Oct 2023,0,,,,3700000.0,15
Jabal Ali Village,jabal-ali-village,2023-11,Nov 2023,0,,,,3658800.0,32
Jabal Ali Village,jabal-ali-village,2023-12,Dec 2023,0,,,,3328800.0,11
Jabal Ali Village,jabal-ali-village,2024-01,Jan 2024,0,,,,,4
Jabal Ali Village,jabal-ali-village,2024-02,Feb 2024,0,,,,3950000.0,8
Jabal Ali Village,jabal-ali-village,2024-03,Mar 2024,0,,,,3875000.0,9
Jabal Ali Village,jabal-ali-village,2024-04,Apr 2024,0,,,,3500000.0,11
Jabal Ali Village,jabal-ali-village,2024-05,May 2024,0,,,,4175000.0,15
Jabal Ali Village,jabal-ali-village,2024-06,Jun 2024,0,,,,4300000.0,12
Jabal Ali Village,jabal-ali-village,2024-07,Jul 2024,0,,,,4150000.0,27
Jabal Ali Village,jabal-ali-village,2024-08,Aug 2024,0,,,,5000000.0,7
Jabal Ali Village,jabal-ali-village,2024-09,Sep 2024,0,,,,4800000.0,6
Jabal Ali Village,jabal-ali-village,2024-10,Oct 2024,0,,,,4000000.0,6
Jabal Ali Village,jabal-ali-village,2024-11,Nov 2024,0,,,,,3
Jabal Ali Village,jabal-ali-village,2024-12,Dec 2024,0,,,,,3
Jabal Ali Village,jabal-ali-village,2025-01,Jan 2025,0,,,,5200000.0,6
Jabal Ali Village,jabal-ali-village,2025-02,Feb 2025,0,,,,5300000.0,5
Jabal Ali Village,jabal-ali-village,2025-03,Mar 2025,0,,,,,2
Jabal Ali Village,jabal-ali-village,2025-04,Apr 2025,0,,,,4787500.0,8
Jabal Ali Village,jabal-ali-village,2025-05,May 2025,0,,,,,2
Jabal Ali Village,jabal-ali-village,2025-06,Jun 2025,0,,,,,3
Jabal Ali Village,jabal-ali-village,2025-07,Jul 2025,0,,,,4362500.0,6
Jabal Ali Village,jabal-ali-village,2025-08,Aug 2025,0,,,,,4
Jabal Ali Village,jabal-ali-village,2025-09,Sep 2025,0,,,,4225000.0,6
Jabal Ali Village,jabal-ali-village,2025-10,Oct 2025,0,,,,8150000.0,6
Jabal Ali Village,jabal-ali-village,2025-11,Nov 2025,0,,,,,4
Jabal Ali Village,jabal-ali-village,2025-12,Dec 2025,0,,,,5300000.0,6
Jabal Ali Village,jabal-ali-village,2026-01,Jan 2026,0,,,,4765000.0,9
Jabal Ali Village,jabal-ali-village,2026-02,Feb 2026,0,,,,,3
Jabal Ali Village,jabal-ali-village,2026-03,Mar 2026,0,,,,,4
Jabal Ali Village,jabal-ali-village,2026-04,Apr 2026,0,,,,,3
Jabal Ali Village,jabal-ali-village,2026-05,May 2026,0,,,,,1
Jabal Ali Village,jabal-ali-village,2026-06,Jun 2026,0,,,,605620.0,225
Jabal Ali Village,jabal-ali-village,2026-07,Jul 2026,0,,,,4650000.0,23
Jabal Ali Village,jabal-ali-village,2026-08,Aug 2026,0,,,,4700000.0,21
Al Barari,al-barari,2026-02,Feb 2026,146,1738.23,1738.23,2816.34,2515585.5,152
Al Barari,al-barari,2026-03,Mar 2026,54,2927.48,2807.0,3026.94,5662345.0,57
Al Barari,al-barari,2026-04,Apr 2026,9,2771.65,2372.64,2934.71,6785170.5,14
Al Barari,al-barari,2026-05,May 2026,6,2928.23,2880.77,3002.93,4950000.0,9
Al Barari,al-barari,2026-06,Jun 2026,6,2873.67,2800.04,2942.17,8070526.0,13
Al Barari,al-barari,2026-07,Jul 2026,5,2210.25,2029.65,2654.92,7000000.0,7
Al Barari,al-barari,2026-08,Aug 2026,2,,,,14900000.0,5
Remraam,remraam,2021-09,Sep 2021,19,542.67,506.72,614.99,509000.0,19
Remraam,remraam,2021-10,Oct 2021,10,541.81,482.91,600.55,590000.0,10
Remraam,remraam,2021-11,Nov 2021,17,555.82,527.93,604.62,454000.0,17
Remraam,remraam,2021-12,Dec 2021,30,624.0,537.99,640.93,427500.0,30
Remraam,remraam,2022-01,Jan 2022,3,,,,,3
Remraam,remraam,2022-02,Feb 2022,28,575.39,536.92,634.81,440000.0,28
Remraam,remraam,2022-03,Mar 2022,30,681.31,562.84,1036.72,780098.0,30
Remraam,remraam,2022-04,Apr 2022,24,631.11,514.14,1027.15,749000.0,24
Remraam,remraam,2022-05,May 2022,35,526.24,456.13,705.11,471420.0,35
Remraam,remraam,2022-06,Jun 2022,49,632.68,539.08,1016.03,825000.0,49
Remraam,remraam,2022-07,Jul 2022,13,555.03,532.81,579.44,440000.0,13
Remraam,remraam,2022-08,Aug 2022,49,629.46,533.96,1051.49,1013000.0,49
Remraam,remraam,2022-09,Sep 2022,49,681.21,576.37,1048.95,835000.0,49
Remraam,remraam,2022-10,Oct 2022,43,863.16,568.66,1076.34,1029000.0,43
Remraam,remraam,2022-11,Nov 2022,40,576.79,549.38,661.01,476000.0,40
Remraam,remraam,2022-12,Dec 2022,15,549.29,498.35,605.22,415000.0,15
Remraam,remraam,2023-01,Jan 2023,14,540.78,496.5,572.97,467000.0,14
Remraam,remraam,2023-02,Feb 2023,24,524.49,478.93,587.96,469500.0,24
Remraam,remraam,2023-03,Mar 2023,29,562.15,539.58,595.62,420000.0,29
Remraam,remraam,2023-04,Apr 2023,28,577.54,543.06,694.77,411500.0,28
Remraam,remraam,2023-05,May 2023,33,619.68,556.31,661.32,555000.0,33
Remraam,remraam,2023-06,Jun 2023,36,594.97,574.02,661.84,450000.0,36
Remraam,remraam,2023-07,Jul 2023,25,669.04,592.31,710.84,630000.0,25
Remraam,remraam,2023-08,Aug 2023,30,620.58,550.65,667.44,650000.0,30
Remraam,remraam,2023-09,Sep 2023,41,804.01,659.35,1041.35,621000.0,41
Remraam,remraam,2023-10,Oct 2023,28,731.9,662.88,802.91,590000.0,28
Remraam,remraam,2023-11,Nov 2023,45,681.21,611.8,768.16,600000.0,45
Remraam,remraam,2023-12,Dec 2023,26,707.01,648.01,792.54,575000.0,26
Remraam,remraam,2024-01,Jan 2024,24,756.66,703.78,923.77,540000.0,24
Remraam,remraam,2024-02,Feb 2024,35,732.7,610.1,833.96,600000.0,35
Remraam,remraam,2024-03,Mar 2024,36,716.96,649.43,783.23,584750.0,36
Remraam,remraam,2024-04,Apr 2024,19,779.57,659.5,829.88,680000.0,19
Remraam,remraam,2024-05,May 2024,39,791.87,737.46,910.62,600000.0,39
Remraam,remraam,2024-06,Jun 2024,43,701.51,585.83,857.53,655000.0,43
Remraam,remraam,2024-07,Jul 2024,157,515.41,462.74,673.06,498000.0,157
Remraam,remraam,2024-08,Aug 2024,44,841.41,771.76,975.0,795000.0,44
Remraam,remraam,2024-09,Sep 2024,74,849.89,740.49,975.0,665101.0,74
Remraam,remraam,2024-10,Oct 2024,80,840.23,736.33,978.2,689445.0,80
Remraam,remraam,2024-11,Nov 2024,68,903.4,777.63,1000.0,694445.0,68
Remraam,remraam,2024-12,Dec 2024,52,819.41,756.31,972.7,660000.0,52
Remraam,remraam,2025-01,Jan 2025,44,857.97,794.06,937.99,775755.0,44
Remraam,remraam,2025-02,Feb 2025,28,893.71,817.76,938.7,626000.0,28
Remraam,remraam,2025-03,Mar 2025,32,889.25,845.58,959.66,890000.0,32
Remraam,remraam,2025-04,Apr 2025,47,843.8,714.72,919.07,800000.0,47
Remraam,remraam,2025-05,May 2025,59,870.16,773.22,932.49,925000.0,59
Remraam,remraam,2025-06,Jun 2025,44,870.16,810.78,984.62,947500.0,44
Remraam,remraam,2025-07,Jul 2025,40,887.51,747.04,943.85,755000.0,40
Remraam,remraam,2025-08,Aug 2025,33,875.59,770.53,936.46,800000.0,33
Remraam,remraam,2025-09,Sep 2025,35,911.7,824.28,971.1,720000.0,35
Remraam,remraam,2025-10,Oct 2025,44,961.47,851.02,1091.43,750000.0,44
Remraam,remraam,2025-11,Nov 2025,29,921.77,825.8,965.56,800000.0,29
Remraam,remraam,2025-12,Dec 2025,41,925.0,900.0,974.58,760000.0,41
Remraam,remraam,2026-01,Jan 2026,33,971.3,878.22,1013.41,840000.0,33
Remraam,remraam,2026-02,Feb 2026,27,971.95,912.31,1029.39,800000.0,27
Remraam,remraam,2026-03,Mar 2026,28,978.06,923.19,1123.94,1066361.0,28
Remraam,remraam,2026-04,Apr 2026,15,966.4,888.36,1027.27,720000.0,15
Remraam,remraam,2026-05,May 2026,7,979.53,937.28,1073.81,1090000.0,7
Remraam,remraam,2026-06,Jun 2026,14,882.64,755.53,941.24,710000.0,14
Remraam,remraam,2026-07,Jul 2026,15,940.42,835.5,1008.34,1000000.0,15
Remraam,remraam,2026-08,Aug 2026,9,907.26,869.16,963.57,900000.0,9
LA MER,la-mer,2021-09,Sep 2021,54,2185.4,1953.65,2312.16,2128000.0,56
LA MER,la-mer,2021-10,Oct 2021,64,2078.45,1865.63,2316.4,2032435.5,68
LA MER,la-mer,2021-11,Nov 2021,40,2175.88,1970.48,2321.36,2623500.0,44
LA MER,la-mer,2021-12,Dec 2021,12,2071.88,1973.04,2169.8,2390000.0,12
LA MER,la-mer,2022-01,Jan 2022,80,2140.71,1979.44,2299.84,2113000.0,79
LA MER,la-mer,2022-02,Feb 2022,31,2008.71,1926.76,2150.87,2350000.0,31
LA MER,la-mer,2022-03,Mar 2022,64,2209.14,2003.52,2413.49,2586000.0,64
LA MER,la-mer,2022-04,Apr 2022,66,2363.74,2155.31,2535.21,2500000.0,69
LA MER,la-mer,2022-05,May 2022,106,2482.16,2206.36,2771.19,2640500.0,104
LA MER,la-mer,2022-06,Jun 2022,60,2469.64,2370.97,2645.71,2923296.0,61
LA MER,la-mer,2022-07,Jul 2022,37,2400.0,2330.6,2543.44,2570000.0,36
LA MER,la-mer,2022-08,Aug 2022,23,2309.98,2166.19,2452.5,2950000.0,23
LA MER,la-mer,2022-09,Sep 2022,37,2075.97,1958.85,2544.11,2088068.0,36
LA MER,la-mer,2022-10,Oct 2022,39,2363.95,2007.06,2659.86,2250000.0,39
LA MER,la-mer,2022-11,Nov 2022,61,2531.18,2225.35,2727.59,2645500.0,61
LA MER,la-mer,2022-12,Dec 2022,31,2432.02,2241.13,2757.44,2200000.0,31
LA MER,la-mer,2023-01,Jan 2023,33,2574.36,2347.42,2993.01,2175000.0,30
LA MER,la-mer,2023-02,Feb 2023,20,2513.13,2331.28,2801.02,3125000.0,24
LA MER,la-mer,2023-03,Mar 2023,31,2722.9,2301.12,3122.84,3060000.0,33
LA MER,la-mer,2023-04,Apr 2023,21,2406.15,2277.21,2757.94,2875000.0,22
LA MER,la-mer,2023-05,May 2023,24,2599.88,2502.86,2929.09,3375000.0,30
LA MER,la-mer,2023-06,Jun 2023,30,2816.62,2528.38,3282.91,2800000.0,31
LA MER,la-mer,2023-07,Jul 2023,19,2623.22,2344.93,2841.16,2725000.0,20
LA MER,la-mer,2023-08,Aug 2023,12,2516.07,2282.67,2989.11,2050000.0,11
LA MER,la-mer,2023-09,Sep 2023,11,2594.23,2234.06,2942.65,2200000.0,10
LA MER,la-mer,2023-10,Oct 2023,10,2822.82,2559.19,2907.77,3300000.0,13
LA MER,la-mer,2023-11,Nov 2023,12,2761.1,2545.42,3359.12,3200000.0,14
LA MER,la-mer,2023-12,Dec 2023,12,2710.02,2425.77,2848.87,2625000.0,12
LA MER,la-mer,2024-01,Jan 2024,4,,,,2565000.0,7
LA MER,la-mer,2024-02,Feb 2024,13,2665.62,2494.26,2833.68,3125000.0,14
LA MER,la-mer,2024-03,Mar 2024,19,2554.89,2300.5,2888.99,3250000.0,19
LA MER,la-mer,2024-04,Apr 2024,16,2735.7,2407.7,3035.77,2700000.0,16
LA MER,la-mer,2024-05,May 2024,17,2996.87,2717.55,3061.7,2737500.0,16
LA MER,la-mer,2024-06,Jun 2024,17,2578.18,2378.3,2924.73,2875000.0,18
LA MER,la-mer,2024-07,Jul 2024,16,3016.35,2682.25,3221.94,3300000.0,16
LA MER,la-mer,2024-08,Aug 2024,11,2597.96,2397.94,2737.74,2420000.0,11
LA MER,la-mer,2024-09,Sep 2024,10,2938.86,2710.92,3237.89,3550000.0,10
LA MER,la-mer,2024-10,Oct 2024,17,2658.76,2541.12,3124.54,3350000.0,18
LA MER,la-mer,2024-11,Nov 2024,19,2608.24,2585.24,3070.68,3007362.5,20
LA MER,la-mer,2024-12,Dec 2024,17,2885.19,2763.54,3211.7,3368836.0,19
LA MER,la-mer,2025-01,Jan 2025,19,2867.0,2529.01,3004.21,2375000.0,18
LA MER,la-mer,2025-02,Feb 2025,20,3111.09,2811.22,3453.92,3700000.0,21
LA MER,la-mer,2025-03,Mar 2025,20,2892.92,2657.18,3237.88,3330000.0,21
LA MER,la-mer,2025-04,Apr 2025,38,2906.47,2715.18,3221.64,2860000.0,36
LA MER,la-mer,2025-05,May 2025,29,3096.77,2870.84,3351.41,3000000.0,29
LA MER,la-mer,2025-06,Jun 2025,15,2978.46,2589.91,3500.7,3525000.0,17
LA MER,la-mer,2025-07,Jul 2025,17,2853.78,2635.75,3071.38,3600000.0,17
LA MER,la-mer,2025-08,Aug 2025,9,2826.42,2536.5,3136.94,3350000.0,10
LA MER,la-mer,2025-09,Sep 2025,10,3047.06,2809.16,3229.32,3300000.0,12
LA MER,la-mer,2025-10,Oct 2025,19,2816.0,2535.54,3067.87,2500000.0,21
LA MER,la-mer,2025-11,Nov 2025,16,2915.23,2703.18,3057.27,2425000.0,16
LA MER,la-mer,2025-12,Dec 2025,11,3027.57,2812.15,3177.44,2475000.0,13
LA MER,la-mer,2026-01,Jan 2026,15,3001.31,2796.85,3108.73,3000000.0,16
LA MER,la-mer,2026-02,Feb 2026,13,3453.79,3040.95,3797.38,4400000.0,15
LA MER,la-mer,2026-03,Mar 2026,12,2995.95,2743.87,3551.23,2475000.0,16
LA MER,la-mer,2026-04,Apr 2026,6,2673.48,2433.98,2904.92,3100000.0,5
LA MER,la-mer,2026-05,May 2026,1,,,,,1
LA MER,la-mer,2026-06,Jun 2026,7,2760.56,2502.36,2793.44,2275000.0,7
LA MER,la-mer,2026-07,Jul 2026,12,2788.14,2334.72,3309.35,3125000.0,12
LA MER,la-mer,2026-08,Aug 2026,1,,,,,2
Dubai Investment Park Second,dubai-investment-park-second,2021-11,Nov 2021,8,489.02,417.82,568.64,1613402.0,20
Dubai Investment Park Second,dubai-investment-park-second,2021-12,Dec 2021,1,,,,4005000.0,5
Dubai Investment Park Second,dubai-investment-park-second,2022-01,Jan 2022,1,,,,,4
Dubai Investment Park Second,dubai-investment-park-second,2022-02,Feb 2022,0,,,,3822183.5,6
Dubai Investment Park Second,dubai-investment-park-second,2022-03,Mar 2022,3,,,,3926208.0,9
Dubai Investment Park Second,dubai-investment-park-second,2022-04,Apr 2022,0,,,,7260000.0,5
Dubai Investment Park Second,dubai-investment-park-second,2022-05,May 2022,0,,,,,2
Dubai Investment Park Second,dubai-investment-park-second,2022-06,Jun 2022,0,,,,,2
Dubai Investment Park Second,dubai-investment-park-second,2022-07,Jul 2022,5,466.9,451.75,466.96,1252215.5,10
Dubai Investment Park Second,dubai-investment-park-second,2022-08,Aug 2022,3,,,,650000.0,7
Dubai Investment Park Second,dubai-investment-park-second,2022-09,Sep 2022,6,423.09,392.65,449.37,3433335.0,16
Dubai Investment Park Second,dubai-investment-park-second,2022-10,Oct 2022,8,478.43,410.56,541.87,650000.0,11
Dubai Investment Park Second,dubai-investment-park-second,2022-11,Nov 2022,3,,,,1400000.0,11
Dubai Investment Park Second,dubai-investment-park-second,2022-12,Dec 2022,3,,,,4488000.0,7
Dubai Investment Park Second,dubai-investment-park-second,2023-01,Jan 2023,4,,,,5556962.0,14
Dubai Investment Park Second,dubai-investment-park-second,2023-02,Feb 2023,2,,,,580000.0,7
Dubai Investment Park Second,dubai-investment-park-second,2023-03,Mar 2023,9,457.36,442.61,509.56,705000.0,16
Dubai Investment Park Second,dubai-investment-park-second,2023-04,Apr 2023,6,453.71,444.8,486.56,646336.5,10
Dubai Investment Park Second,dubai-investment-park-second,2023-05,May 2023,10,458.04,421.98,548.35,737894.0,12
Dubai Investment Park Second,dubai-investment-park-second,2023-06,Jun 2023,5,482.03,476.83,534.95,579000.0,9
Dubai Investment Park Second,dubai-investment-park-second,2023-07,Jul 2023,4,,,,635000.0,7
Dubai Investment Park Second,dubai-investment-park-second,2023-08,Aug 2023,3,,,,1628725.5,10
Dubai Investment Park Second,dubai-investment-park-second,2023-09,Sep 2023,1,,,,1414037.0,5
Dubai Investment Park Second,dubai-investment-park-second,2023-10,Oct 2023,4,,,,4900000.0,9
Dubai Investment Park Second,dubai-investment-park-second,2023-11,Nov 2023,3,,,,1600000.0,9
Dubai Investment Park Second,dubai-investment-park-second,2023-12,Dec 2023,16,444.54,421.14,488.85,400000.0,21
Dubai Investment Park Second,dubai-investment-park-second,2024-01,Jan 2024,6,535.39,505.81,572.63,1000000.0,13
Dubai Investment Park Second,dubai-investment-park-second,2024-02,Feb 2024,7,554.71,454.76,643.62,700000.0,9
Dubai Investment Park Second,dubai-investment-park-second,2024-03,Mar 2024,12,529.51,478.76,610.74,700000.0,15
Dubai Investment Park Second,dubai-investment-park-second,2024-04,Apr 2024,10,504.1,493.04,527.4,800000.0,16
Dubai Investment Park Second,dubai-investment-park-second,2024-05,May 2024,16,493.06,461.14,540.44,592500.0,22
Dubai Investment Park Second,dubai-investment-park-second,2024-06,Jun 2024,7,556.99,503.46,601.62,1653750.0,14
Dubai Investment Park Second,dubai-investment-park-second,2024-07,Jul 2024,19,545.31,496.5,590.79,808500.0,27
Dubai Investment Park Second,dubai-investment-park-second,2024-08,Aug 2024,7,551.21,524.44,566.82,886000.0,11
Dubai Investment Park Second,dubai-investment-park-second,2024-09,Sep 2024,29,574.5,529.15,672.91,580000.0,33
Dubai Investment Park Second,dubai-investment-park-second,2024-10,Oct 2024,21,551.95,517.85,572.41,1400000.0,41
Dubai Investment Park Second,dubai-investment-park-second,2024-11,Nov 2024,8,551.27,534.25,601.88,850000.0,10
Dubai Investment Park Second,dubai-investment-park-second,2024-12,Dec 2024,6,552.02,531.12,588.02,3300000.0,19
Dubai Investment Park Second,dubai-investment-park-second,2025-01,Jan 2025,21,589.43,551.56,693.31,827755.5,26
Dubai Investment Park Second,dubai-investment-park-second,2025-02,Feb 2025,11,680.89,608.07,801.02,865000.0,21
Dubai Investment Park Second,dubai-investment-park-second,2025-03,Mar 2025,14,591.14,536.39,609.34,980000.0,25
Dubai Investment Park Second,dubai-investment-park-second,2025-04,Apr 2025,18,695.08,577.1,856.16,623607.5,24
Dubai Investment Park Second,dubai-investment-park-second,2025-05,May 2025,26,726.45,675.24,767.64,606127.0,37
Dubai Investment Park Second,dubai-investment-park-second,2025-06,Jun 2025,11,582.45,497.82,649.97,891609.5,14
Dubai Investment Park Second,dubai-investment-park-second,2025-07,Jul 2025,22,695.33,595.55,728.33,651518.5,24
Dubai Investment Park Second,dubai-investment-park-second,2025-08,Aug 2025,15,621.54,579.26,734.67,662638.0,21
Dubai Investment Park Second,dubai-investment-park-second,2025-09,Sep 2025,16,766.38,683.62,810.29,950000.0,26
Dubai Investment Park Second,dubai-investment-park-second,2025-10,Oct 2025,12,629.72,594.61,707.63,950000.0,19
Dubai Investment Park Second,dubai-investment-park-second,2025-11,Nov 2025,10,830.43,721.22,921.72,1326369.0,19
Dubai Investment Park Second,dubai-investment-park-second,2025-12,Dec 2025,16,770.47,699.79,796.75,640330.0,25
Dubai Investment Park Second,dubai-investment-park-second,2026-01,Jan 2026,24,710.51,699.73,767.22,630026.0,28
Dubai Investment Park Second,dubai-investment-park-second,2026-02,Feb 2026,68,889.94,881.63,891.44,401370.0,75
Dubai Investment Park Second,dubai-investment-park-second,2026-03,Mar 2026,18,699.96,671.9,769.1,734785.5,24
Dubai Investment Park Second,dubai-investment-park-second,2026-04,Apr 2026,12,699.91,683.94,786.09,977500.0,20
Dubai Investment Park Second,dubai-investment-park-second,2026-05,May 2026,13,699.73,695.66,699.73,579873.0,18
Dubai Investment Park Second,dubai-investment-park-second,2026-06,Jun 2026,8,708.41,657.27,714.77,592298.0,11
Dubai Investment Park Second,dubai-investment-park-second,2026-07,Jul 2026,10,644.64,624.63,690.63,975000.0,14
Dubai Investment Park Second,dubai-investment-park-second,2026-08,Aug 2026,10,717.52,681.25,768.41,610000.0,11
Emirates Living,emirates-living,2026-01,Jan 2026,15,1760.25,1619.7,2068.21,6200000.0,27
Emirates Living,emirates-living,2026-02,Feb 2026,33,1742.26,1392.79,1888.42,4972500.0,42
Emirates Living,emirates-living,2026-03,Mar 2026,35,1636.61,1421.67,1777.67,5600000.0,46
Emirates Living,emirates-living,2026-04,Apr 2026,15,1594.6,1363.02,1927.44,4812500.0,19
Emirates Living,emirates-living,2026-05,May 2026,18,1854.21,1569.24,1979.3,5125000.0,26
Emirates Living,emirates-living,2026-06,Jun 2026,32,1642.37,1410.66,1756.34,4970000.0,42
Emirates Living,emirates-living,2026-07,Jul 2026,35,1667.13,1315.24,1825.27,4950000.0,42
Emirates Living,emirates-living,2026-08,Aug 2026,27,1423.92,1263.01,1769.85,4970000.0,36
Arabian Ranches - 1,arabian-ranches-1,2025-08,Aug 2025,22,1553.39,1272.46,1709.74,6150000.0,39
Arabian Ranches - 1,arabian-ranches-1,2025-09,Sep 2025,17,1540.74,1294.48,1786.52,4995000.0,25
Arabian Ranches - 1,arabian-ranches-1,2025-10,Oct 2025,19,1328.68,1292.9,1670.4,6050000.0,35
Arabian Ranches - 1,arabian-ranches-1,2025-11,Nov 2025,12,1413.4,1256.47,1554.17,7000000.0,27
Arabian Ranches - 1,arabian-ranches-1,2025-12,Dec 2025,21,1502.85,1321.62,1651.56,6150000.0,34
Arabian Ranches - 1,arabian-ranches-1,2026-01,Jan 2026,14,1334.12,1228.89,1529.27,6900000.0,41
Arabian Ranches - 1,arabian-ranches-1,2026-02,Feb 2026,14,1646.43,1450.41,1738.79,7100000.0,27
Arabian Ranches - 1,arabian-ranches-1,2026-03,Mar 2026,2,,,,12000000.0,14
Arabian Ranches - 1,arabian-ranches-1,2026-04,Apr 2026,10,1694.91,1530.77,1840.66,5900000.0,16
Arabian Ranches - 1,arabian-ranches-1,2026-05,May 2026,7,1445.86,1210.37,1503.0,4924500.0,10
Arabian Ranches - 1,arabian-ranches-1,2026-06,Jun 2026,7,1307.7,1251.36,1449.75,7000000.0,14
Arabian Ranches - 1,arabian-ranches-1,2026-07,Jul 2026,9,1401.79,1246.92,1414.98,7775000.0,21
Arabian Ranches - 1,arabian-ranches-1,2026-08,Aug 2026,9,1426.26,1399.92,1575.26,5650000.0,17
Nad Al Sheba Gardens,nad-al-sheba-gardens,2023-02,Feb 2023,35,1702.17,1492.01,1888.66,4206000.0,43
Nad Al Sheba Gardens,nad-al-sheba-gardens,2023-03,Mar 2023,84,1596.56,1324.41,1941.6,4613500.0,100
Nad Al Sheba Gardens,nad-al-sheba-gardens,2023-04,Apr 2023,4,,,,5478500.0,12
Nad Al Sheba Gardens,nad-al-sheba-gardens,2023-05,May 2023,25,1577.22,1336.75,1817.93,4496000.0,39
Nad Al Sheba Gardens,nad-al-sheba-gardens,2023-06,Jun 2023,7,1845.89,1620.29,1877.91,6702500.0,30
Nad Al Sheba Gardens,nad-al-sheba-gardens,2023-07,Jul 2023,5,1946.88,1839.1,1953.62,9705000.0,25
Nad Al Sheba Gardens,nad-al-sheba-gardens,2023-08,Aug 2023,3,,,,9480000.0,27
Nad Al Sheba Gardens,nad-al-sheba-gardens,2023-09,Sep 2023,1,,,,6350000.0,10
Nad Al Sheba Gardens,nad-al-sheba-gardens,2023-10,Oct 2023,9,1821.35,1766.47,1821.57,9710000.0,39
Nad Al Sheba Gardens,nad-al-sheba-gardens,2023-11,Nov 2023,1,,,,11045000.0,22
Nad Al Sheba Gardens,nad-al-sheba-gardens,2023-12,Dec 2023,1,,,,4463000.0,19
Nad Al Sheba Gardens,nad-al-sheba-gardens,2024-01,Jan 2024,12,2247.4,2114.37,2309.76,4974000.0,21
Nad Al Sheba Gardens,nad-al-sheba-gardens,2024-02,Feb 2024,9,2174.64,1923.42,2353.1,5000000.0,15
Nad Al Sheba Gardens,nad-al-sheba-gardens,2024-03,Mar 2024,1,,,,6400000.0,12
Nad Al Sheba Gardens,nad-al-sheba-gardens,2024-04,Apr 2024,1,,,,5625000.0,10
Nad Al Sheba Gardens,nad-al-sheba-gardens,2024-05,May 2024,2,,,,5800000.0,11
Nad Al Sheba Gardens,nad-al-sheba-gardens,2024-06,Jun 2024,17,2118.39,1589.04,2359.71,13407000.0,119
Nad Al Sheba Gardens,nad-al-sheba-gardens,2024-07,Jul 2024,163,2208.74,1696.72,2359.58,4829000.0,219
Nad Al Sheba Gardens,nad-al-sheba-gardens,2024-08,Aug 2024,52,2328.57,1660.49,2423.55,4997000.0,90
Nad Al Sheba Gardens,nad-al-sheba-gardens,2024-09,Sep 2024,11,2384.85,2150.77,2490.19,10000000.0,29
Nad Al Sheba Gardens,nad-al-sheba-gardens,2024-10,Oct 2024,7,2374.94,1646.73,2466.78,14199500.0,22
Nad Al Sheba Gardens,nad-al-sheba-gardens,2024-11,Nov 2024,2,,,,10250000.0,8
Nad Al Sheba Gardens,nad-al-sheba-gardens,2024-12,Dec 2024,9,1640.67,1503.23,1715.28,9282080.0,26
Nad Al Sheba Gardens,nad-al-sheba-gardens,2025-01,Jan 2025,3,,,,9200000.0,16
Nad Al Sheba Gardens,nad-al-sheba-gardens,2025-02,Feb 2025,6,1527.43,1506.88,1901.83,9125000.0,16
Nad Al Sheba Gardens,nad-al-sheba-gardens,2025-03,Mar 2025,6,2430.84,2144.02,2496.7,5850000.0,10
Nad Al Sheba Gardens,nad-al-sheba-gardens,2025-04,Apr 2025,10,1759.12,1616.01,2520.38,4950000.0,15
Nad Al Sheba Gardens,nad-al-sheba-gardens,2025-05,May 2025,15,1708.16,1605.01,1820.7,5000000.0,31
Nad Al Sheba Gardens,nad-al-sheba-gardens,2025-06,Jun 2025,23,1601.22,1484.0,1717.95,2212500.0,32
Nad Al Sheba Gardens,nad-al-sheba-gardens,2025-07,Jul 2025,19,1759.92,1658.99,2003.81,6007500.0,44
Nad Al Sheba Gardens,nad-al-sheba-gardens,2025-08,Aug 2025,6,1895.69,1790.53,1990.06,8250000.0,16
Nad Al Sheba Gardens,nad-al-sheba-gardens,2025-09,Sep 2025,15,2157.54,1586.42,2593.92,5125000.0,28
Nad Al Sheba Gardens,nad-al-sheba-gardens,2025-10,Oct 2025,17,1767.36,1599.99,2159.23,5000000.0,25
Nad Al Sheba Gardens,nad-al-sheba-gardens,2025-11,Nov 2025,15,1625.0,1538.16,1700.01,5775000.0,28
Nad Al Sheba Gardens,nad-al-sheba-gardens,2025-12,Dec 2025,18,2016.64,1899.2,2432.18,4800000.0,29
Nad Al Sheba Gardens,nad-al-sheba-gardens,2026-01,Jan 2026,11,1753.9,1521.11,2215.92,9650000.0,26
Nad Al Sheba Gardens,nad-al-sheba-gardens,2026-02,Feb 2026,13,2122.36,1758.57,2304.28,4976500.0,18
Nad Al Sheba Gardens,nad-al-sheba-gardens,2026-03,Mar 2026,15,1847.76,1606.26,2089.84,5725000.0,26
Nad Al Sheba Gardens,nad-al-sheba-gardens,2026-04,Apr 2026,15,1863.27,1806.62,1927.64,2400000.0,21
Nad Al Sheba Gardens,nad-al-sheba-gardens,2026-05,May 2026,10,2474.54,1983.68,2701.53,5700000.0,17
Nad Al Sheba Gardens,nad-al-sheba-gardens,2026-06,Jun 2026,12,1943.79,1808.36,2142.52,4608500.0,18
Nad Al Sheba Gardens,nad-al-sheba-gardens,2026-07,Jul 2026,7,2025.76,1940.36,2184.51,5675000.0,18
Nad Al Sheba Gardens,nad-al-sheba-gardens,2026-08,Aug 2026,11,1750.41,1712.7,1793.5,3773024.0,18
JABEL ALI HILLS,jabel-ali-hills,2021-09,Sep 2021,0,,,,1028750.0,10
JABEL ALI HILLS,jabel-ali-hills,2021-10,Oct 2021,0,,,,,4
JABEL ALI HILLS,jabel-ali-hills,2021-11,Nov 2021,0,,,,1078348.0,5
JABEL ALI HILLS,jabel-ali-hills,2021-12,Dec 2021,0,,,,,2
JABEL ALI HILLS,jabel-ali-hills,2022-01,Jan 2022,0,,,,,2
JABEL ALI HILLS,jabel-ali-hills,2022-02,Feb 2022,0,,,,905000.0,7
JABEL ALI HILLS,jabel-ali-hills,2022-03,Mar 2022,0,,,,764217.0,6
JABEL ALI HILLS,jabel-ali-hills,2022-04,Apr 2022,0,,,,1053112.5,12
JABEL ALI HILLS,jabel-ali-hills,2022-05,May 2022,0,,,,1400970.0,11
JABEL ALI HILLS,jabel-ali-hills,2022-06,Jun 2022,1,,,,901842.0,18
JABEL ALI HILLS,jabel-ali-hills,2022-07,Jul 2022,0,,,,1074259.0,12
JABEL ALI HILLS,jabel-ali-hills,2022-08,Aug 2022,0,,,,1010709.0,11
JABEL ALI HILLS,jabel-ali-hills,2022-09,Sep 2022,0,,,,1020000.0,5
JABEL ALI HILLS,jabel-ali-hills,2022-10,Oct 2022,0,,,,,1
JABEL ALI HILLS,jabel-ali-hills,2022-11,Nov 2022,0,,,,1110000.0,7
JABEL ALI HILLS,jabel-ali-hills,2022-12,Dec 2022,0,,,,1200000.0,7
JABEL ALI HILLS,jabel-ali-hills,2023-01,Jan 2023,0,,,,,3
JABEL ALI HILLS,jabel-ali-hills,2023-02,Feb 2023,0,,,,,3
JABEL ALI HILLS,jabel-ali-hills,2023-03,Mar 2023,0,,,,1179000.0,12
JABEL ALI HILLS,jabel-ali-hills,2023-04,Apr 2023,0,,,,1100000.0,13
JABEL ALI HILLS,jabel-ali-hills,2023-05,May 2023,0,,,,1350000.0,23
JABEL ALI HILLS,jabel-ali-hills,2023-06,Jun 2023,0,,,,1223460.0,28
JABEL ALI HILLS,jabel-ali-hills,2023-07,Jul 2023,0,,,,1422150.5,62
JABEL ALI HILLS,jabel-ali-hills,2023-08,Aug 2023,0,,,,1600423.0,56
JABEL ALI HILLS,jabel-ali-hills,2023-09,Sep 2023,0,,,,1784161.5,58
JABEL ALI HILLS,jabel-ali-hills,2023-10,Oct 2023,0,,,,2001936.0,71
JABEL ALI HILLS,jabel-ali-hills,2023-11,Nov 2023,0,,,,2030018.5,84
JABEL ALI HILLS,jabel-ali-hills,2023-12,Dec 2023,0,,,,1987858.0,34
JABEL ALI HILLS,jabel-ali-hills,2024-01,Jan 2024,0,,,,2179800.0,29
JABEL ALI HILLS,jabel-ali-hills,2024-02,Feb 2024,0,,,,1979605.5,18
JABEL ALI HILLS,jabel-ali-hills,2024-03,Mar 2024,0,,,,2035000.0,27
JABEL ALI HILLS,jabel-ali-hills,2024-04,Apr 2024,0,,,,2102214.0,29
JABEL ALI HILLS,jabel-ali-hills,2024-05,May 2024,0,,,,2250000.0,27
JABEL ALI HILLS,jabel-ali-hills,2024-06,Jun 2024,0,,,,2450000.0,23
JABEL ALI HILLS,jabel-ali-hills,2024-07,Jul 2024,0,,,,2365450.0,43
JABEL ALI HILLS,jabel-ali-hills,2024-08,Aug 2024,0,,,,2409523.0,40
JABEL ALI HILLS,jabel-ali-hills,2024-09,Sep 2024,0,,,,2378795.0,19
JABEL ALI HILLS,jabel-ali-hills,2024-10,Oct 2024,0,,,,2594579.0,32
JABEL ALI HILLS,jabel-ali-hills,2024-11,Nov 2024,0,,,,2579064.0,35
JABEL ALI HILLS,jabel-ali-hills,2024-12,Dec 2024,0,,,,2683152.0,34
JABEL ALI HILLS,jabel-ali-hills,2025-01,Jan 2025,0,,,,2820516.0,43
JABEL ALI HILLS,jabel-ali-hills,2025-02,Feb 2025,0,,,,2839231.0,30
JABEL ALI HILLS,jabel-ali-hills,2025-03,Mar 2025,0,,,,3054345.0,29
JABEL ALI HILLS,jabel-ali-hills,2025-04,Apr 2025,0,,,,2992910.0,47
JABEL ALI HILLS,jabel-ali-hills,2025-05,May 2025,0,,,,3043270.0,35
JABEL ALI HILLS,jabel-ali-hills,2025-06,Jun 2025,0,,,,3300000.0,36
JABEL ALI HILLS,jabel-ali-hills,2025-07,Jul 2025,0,,,,3361562.0,42
JABEL ALI HILLS,jabel-ali-hills,2025-08,Aug 2025,0,,,,3496355.0,58
JABEL ALI HILLS,jabel-ali-hills,2025-09,Sep 2025,0,,,,3614745.0,44
JABEL ALI HILLS,jabel-ali-hills,2025-10,Oct 2025,0,,,,3800000.0,32
JABEL ALI HILLS,jabel-ali-hills,2025-11,Nov 2025,0,,,,4141967.0,34
JABEL ALI HILLS,jabel-ali-hills,2025-12,Dec 2025,0,,,,3940556.5,32
JABEL ALI HILLS,jabel-ali-hills,2026-01,Jan 2026,0,,,,3814926.0,25
JABEL ALI HILLS,jabel-ali-hills,2026-02,Feb 2026,0,,,,3857163.0,14
JABEL ALI HILLS,jabel-ali-hills,2026-03,Mar 2026,0,,,,4100000.0,15
JABEL ALI HILLS,jabel-ali-hills,2026-04,Apr 2026,0,,,,3933133.0,18
JABEL ALI HILLS,jabel-ali-hills,2026-05,May 2026,0,,,,2911310.0,5
JABEL ALI HILLS,jabel-ali-hills,2026-06,Jun 2026,0,,,,4758629.5,10
JABEL ALI HILLS,jabel-ali-hills,2026-07,Jul 2026,0,,,,3262205.0,11
JABEL ALI HILLS,jabel-ali-hills,2026-08,Aug 2026,0,,,,2956057.0,9
Mohammed Bin Rashid AL Maktoum City -District -1 Community,mohammed-bin-rashid-al-maktoum-city-district-1-community,2021-09,Sep 2021,39,1708.02,1650.17,1712.41,1370502.0,39
Mohammed Bin Rashid AL Maktoum City -District -1 Community,mohammed-bin-rashid-al-maktoum-city-district-1-community,2021-10,Oct 2021,3,,,,,3
Mohammed Bin Rashid AL Maktoum City -District -1 Community,mohammed-bin-rashid-al-maktoum-city-district-1-community,2021-11,Nov 2021,4,,,,1416000.0,5
Mohammed Bin Rashid AL Maktoum City -District -1 Community,mohammed-bin-rashid-al-maktoum-city-district-1-community,2021-12,Dec 2021,23,1776.64,1689.61,1837.32,2534781.0,36
Mohammed Bin Rashid AL Maktoum City -District -1 Community,mohammed-bin-rashid-al-maktoum-city-district-1-community,2022-01,Jan 2022,30,1776.64,1775.41,1856.06,1425701.5,30
Mohammed Bin Rashid AL Maktoum City -District -1 Community,mohammed-bin-rashid-al-maktoum-city-district-1-community,2022-02,Feb 2022,38,1488.87,1471.48,1495.25,1539179.5,56
Mohammed Bin Rashid AL Maktoum City -District -1 Community,mohammed-bin-rashid-al-maktoum-city-district-1-community,2022-03,Mar 2022,100,1663.88,1527.61,1687.01,4878000.0,236
Mohammed Bin Rashid AL Maktoum City -District -1 Community,mohammed-bin-rashid-al-maktoum-city-district-1-community,2022-04,Apr 2022,61,1224.3,1060.7,1854.14,4673400.0,114
Mohammed Bin Rashid AL Maktoum City -District -1 Community,mohammed-bin-rashid-al-maktoum-city-district-1-community,2022-05,May 2022,8,1864.56,1736.03,1945.03,7693000.0,30
Mohammed Bin Rashid AL Maktoum City -District -1 Community,mohammed-bin-rashid-al-maktoum-city-district-1-community,2022-06,Jun 2022,18,1689.48,1535.09,1852.83,7688000.0,57
Mohammed Bin Rashid AL Maktoum City -District -1 Community,mohammed-bin-rashid-al-maktoum-city-district-1-community,2022-07,Jul 2022,40,1808.15,1723.23,1935.0,1648800.0,55
Mohammed Bin Rashid AL Maktoum City -District -1 Community,mohammed-bin-rashid-al-maktoum-city-district-1-community,2022-08,Aug 2022,98,1895.79,1773.61,1953.88,4503800.0,127
Mohammed Bin Rashid AL Maktoum City -District -1 Community,mohammed-bin-rashid-al-maktoum-city-district-1-community,2022-09,Sep 2022,44,1657.95,1479.6,1908.03,2532681.5,64
Mohammed Bin Rashid AL Maktoum City -District -1 Community,mohammed-bin-rashid-al-maktoum-city-district-1-community,2022-10,Oct 2022,68,1485.38,1477.8,1497.63,1181377.0,74
Mohammed Bin Rashid AL Maktoum City -District -1 Community,mohammed-bin-rashid-al-maktoum-city-district-1-community,2022-11,Nov 2022,114,1637.72,1531.04,1843.48,1459000.0,133
Mohammed Bin Rashid AL Maktoum City -District -1 Community,mohammed-bin-rashid-al-maktoum-city-district-1-community,2022-12,Dec 2022,90,1860.24,1781.1,1943.17,1485000.0,98
Mohammed Bin Rashid AL Maktoum City -District -1 Community,mohammed-bin-rashid-al-maktoum-city-district-1-community,2023-01,Jan 2023,93,1766.09,1701.33,1817.74,1420883.0,99
Mohammed Bin Rashid AL Maktoum City -District -1 Community,mohammed-bin-rashid-al-maktoum-city-district-1-community,2023-02,Feb 2023,27,1703.2,1533.65,2058.88,1313949.0,33
Mohammed Bin Rashid AL Maktoum City -District -1 Community,mohammed-bin-rashid-al-maktoum-city-district-1-community,2023-03,Mar 2023,25,1875.67,1760.0,2053.61,2100000.0,31
Mohammed Bin Rashid AL Maktoum City -District -1 Community,mohammed-bin-rashid-al-maktoum-city-district-1-community,2023-04,Apr 2023,23,1943.91,1749.83,2256.8,2080000.0,28
Mohammed Bin Rashid AL Maktoum City -District -1 Community,mohammed-bin-rashid-al-maktoum-city-district-1-community,2023-05,May 2023,32,2008.7,1849.5,2210.7,1650000.0,37
Mohammed Bin Rashid AL Maktoum City -District -1 Community,mohammed-bin-rashid-al-maktoum-city-district-1-community,2023-06,Jun 2023,61,1798.35,1773.69,1987.01,1500000.0,70
Mohammed Bin Rashid AL Maktoum City -District -1 Community,mohammed-bin-rashid-al-maktoum-city-district-1-community,2023-07,Jul 2023,50,1842.49,1807.79,1877.23,1450000.0,61
Mohammed Bin Rashid AL Maktoum City -District -1 Community,mohammed-bin-rashid-al-maktoum-city-district-1-community,2023-08,Aug 2023,57,1900.76,1834.43,2031.64,1530000.0,61
Mohammed Bin Rashid AL Maktoum City -District -1 Community,mohammed-bin-rashid-al-maktoum-city-district-1-community,2023-09,Sep 2023,31,2197.38,1963.47,2345.1,2194429.0,37
Mohammed Bin Rashid AL Maktoum City -District -1 Community,mohammed-bin-rashid-al-maktoum-city-district-1-community,2023-10,Oct 2023,41,2125.0,2010.8,2275.0,1878979.0,53
Mohammed Bin Rashid AL Maktoum City -District -1 Community,mohammed-bin-rashid-al-maktoum-city-district-1-community,2023-11,Nov 2023,60,2207.46,2074.97,2363.76,2606900.0,66
Mohammed Bin Rashid AL Maktoum City -District -1 Community,mohammed-bin-rashid-al-maktoum-city-district-1-community,2023-12,Dec 2023,156,2095.32,1995.85,2292.49,2324516.0,160
Mohammed Bin Rashid AL Maktoum City -District -1 Community,mohammed-bin-rashid-al-maktoum-city-district-1-community,2024-01,Jan 2024,82,2080.14,1983.51,2263.11,2589800.0,89
Mohammed Bin Rashid AL Maktoum City -District -1 Community,mohammed-bin-rashid-al-maktoum-city-district-1-community,2024-02,Feb 2024,56,2093.42,1986.04,2251.06,2755800.0,63
Mohammed Bin Rashid AL Maktoum City -District -1 Community,mohammed-bin-rashid-al-maktoum-city-district-1-community,2024-03,Mar 2024,63,1750.77,1705.6,1993.7,1600000.0,71
Mohammed Bin Rashid AL Maktoum City -District -1 Community,mohammed-bin-rashid-al-maktoum-city-district-1-community,2024-04,Apr 2024,35,2158.1,1965.45,2317.17,1715000.0,40
Mohammed Bin Rashid AL Maktoum City -District -1 Community,mohammed-bin-rashid-al-maktoum-city-district-1-community,2024-05,May 2024,34,2151.11,1937.18,2274.09,1760000.0,41
Mohammed Bin Rashid AL Maktoum City -District -1 Community,mohammed-bin-rashid-al-maktoum-city-district-1-community,2024-06,Jun 2024,85,2105.45,1987.04,2292.24,1798800.0,87
Mohammed Bin Rashid AL Maktoum City -District -1 Community,mohammed-bin-rashid-al-maktoum-city-district-1-community,2024-07,Jul 2024,159,2144.54,2123.94,2292.88,1857800.0,169
Mohammed Bin Rashid AL Maktoum City -District -1 Community,mohammed-bin-rashid-al-maktoum-city-district-1-community,2024-08,Aug 2024,36,2283.89,2184.33,2351.95,1849800.0,39
Mohammed Bin Rashid AL Maktoum City -District -1 Community,mohammed-bin-rashid-al-maktoum-city-district-1-community,2024-09,Sep 2024,20,2066.18,1912.86,2287.73,1750000.0,23
Mohammed Bin Rashid AL Maktoum City -District -1 Community,mohammed-bin-rashid-al-maktoum-city-district-1-community,2024-10,Oct 2024,23,2210.26,2133.08,2469.96,2200000.0,28
Mohammed Bin Rashid AL Maktoum City -District -1 Community,mohammed-bin-rashid-al-maktoum-city-district-1-community,2024-11,Nov 2024,23,2179.86,1728.96,2497.25,1967500.0,28
Mohammed Bin Rashid AL Maktoum City -District -1 Community,mohammed-bin-rashid-al-maktoum-city-district-1-community,2024-12,Dec 2024,16,2129.68,1885.99,2372.12,2465000.0,22
Mohammed Bin Rashid AL Maktoum City -District -1 Community,mohammed-bin-rashid-al-maktoum-city-district-1-community,2025-01,Jan 2025,13,2173.33,2054.1,2379.73,2600000.0,17
Mohammed Bin Rashid AL Maktoum City -District -1 Community,mohammed-bin-rashid-al-maktoum-city-district-1-community,2025-02,Feb 2025,21,2264.61,2162.49,2391.51,2450000.0,28
Mohammed Bin Rashid AL Maktoum City -District -1 Community,mohammed-bin-rashid-al-maktoum-city-district-1-community,2025-03,Mar 2025,24,2242.89,2044.78,2284.92,1750000.0,26
Mohammed Bin Rashid AL Maktoum City -District -1 Community,mohammed-bin-rashid-al-maktoum-city-district-1-community,2025-04,Apr 2025,20,2193.47,2033.2,2283.37,3000000.0,27
Mohammed Bin Rashid AL Maktoum City -District -1 Community,mohammed-bin-rashid-al-maktoum-city-district-1-community,2025-05,May 2025,21,1934.58,1772.13,2306.72,2700000.0,26
Mohammed Bin Rashid AL Maktoum City -District -1 Community,mohammed-bin-rashid-al-maktoum-city-district-1-community,2025-06,Jun 2025,24,2298.14,2145.33,2462.52,2275000.0,28
Mohammed Bin Rashid AL Maktoum City -District -1 Community,mohammed-bin-rashid-al-maktoum-city-district-1-community,2025-07,Jul 2025,22,2246.3,2041.36,2434.57,2725000.0,28
Mohammed Bin Rashid AL Maktoum City -District -1 Community,mohammed-bin-rashid-al-maktoum-city-district-1-community,2025-08,Aug 2025,12,2334.18,2142.49,2519.5,2748000.0,16
Mohammed Bin Rashid AL Maktoum City -District -1 Community,mohammed-bin-rashid-al-maktoum-city-district-1-community,2025-09,Sep 2025,12,2283.46,1865.69,2477.67,3650000.0,18
Mohammed Bin Rashid AL Maktoum City -District -1 Community,mohammed-bin-rashid-al-maktoum-city-district-1-community,2025-10,Oct 2025,17,2226.49,1973.02,2400.6,2554000.0,20
Mohammed Bin Rashid AL Maktoum City -District -1 Community,mohammed-bin-rashid-al-maktoum-city-district-1-community,2025-11,Nov 2025,21,2195.6,2018.38,2345.82,2800000.0,25
Mohammed Bin Rashid AL Maktoum City -District -1 Community,mohammed-bin-rashid-al-maktoum-city-district-1-community,2025-12,Dec 2025,8,2085.08,1946.83,2205.82,4225000.0,15
Mohammed Bin Rashid AL Maktoum City -District -1 Community,mohammed-bin-rashid-al-maktoum-city-district-1-community,2026-01,Jan 2026,8,2278.66,2114.14,2473.16,5730719.5,12
Mohammed Bin Rashid AL Maktoum City -District -1 Community,mohammed-bin-rashid-al-maktoum-city-district-1-community,2026-02,Feb 2026,11,2267.52,2149.23,2445.88,2625000.0,16
Mohammed Bin Rashid AL Maktoum City -District -1 Community,mohammed-bin-rashid-al-maktoum-city-district-1-community,2026-03,Mar 2026,8,2144.91,2076.4,2631.85,3170000.0,12
Mohammed Bin Rashid AL Maktoum City -District -1 Community,mohammed-bin-rashid-al-maktoum-city-district-1-community,2026-04,Apr 2026,8,2148.85,1946.66,2305.94,3160000.0,10
Mohammed Bin Rashid AL Maktoum City -District -1 Community,mohammed-bin-rashid-al-maktoum-city-district-1-community,2026-05,May 2026,37,1828.85,1828.85,1828.86,1522285.0,40
Mohammed Bin Rashid AL Maktoum City -District -1 Community,mohammed-bin-rashid-al-maktoum-city-district-1-community,2026-06,Jun 2026,8,2162.77,2079.47,2242.41,1983900.0,9
Mohammed Bin Rashid AL Maktoum City -District -1 Community,mohammed-bin-rashid-al-maktoum-city-district-1-community,2026-07,Jul 2026,9,1911.11,1869.38,1976.89,1600000.0,11
Mohammed Bin Rashid AL Maktoum City -District -1 Community,mohammed-bin-rashid-al-maktoum-city-district-1-community,2026-08,Aug 2026,23,1802.08,1478.43,1960.46,1450000.0,25
Jumeirah Park,jumeirah-park,2021-09,Sep 2021,0,,,,4500000.0,17
Jumeirah Park,jumeirah-park,2021-10,Oct 2021,1,,,,4275000.0,19
Jumeirah Park,jumeirah-park,2021-11,Nov 2021,0,,,,4250000.0,13
Jumeirah Park,jumeirah-park,2021-12,Dec 2021,0,,,,4275000.0,14
Jumeirah Park,jumeirah-park,2022-01,Jan 2022,1,,,,4244545.0,26
Jumeirah Park,jumeirah-park,2022-02,Feb 2022,1,,,,4300000.0,16
Jumeirah Park,jumeirah-park,2022-03,Mar 2022,1,,,,4500000.0,29
Jumeirah Park,jumeirah-park,2022-04,Apr 2022,1,,,,4337500.0,22
Jumeirah Park,jumeirah-park,2022-05,May 2022,0,,,,4642500.0,14
Jumeirah Park,jumeirah-park,2022-06,Jun 2022,1,,,,2808000.0,95
Jumeirah Park,jumeirah-park,2022-07,Jul 2022,0,,,,4650000.0,28
Jumeirah Park,jumeirah-park,2022-08,Aug 2022,1,,,,4600000.0,29
Jumeirah Park,jumeirah-park,2022-09,Sep 2022,1,,,,4345000.0,38
Jumeirah Park,jumeirah-park,2022-10,Oct 2022,0,,,,4800000.0,21
Jumeirah Park,jumeirah-park,2022-11,Nov 2022,0,,,,4675000.0,36
Jumeirah Park,jumeirah-park,2022-12,Dec 2022,0,,,,4498006.0,23
Jumeirah Park,jumeirah-park,2023-01,Jan 2023,0,,,,4900000.0,17
Jumeirah Park,jumeirah-park,2023-02,Feb 2023,0,,,,4650000.0,26
Jumeirah Park,jumeirah-park,2023-03,Mar 2023,0,,,,4990000.0,36
Jumeirah Park,jumeirah-park,2023-04,Apr 2023,0,,,,5150000.0,23
Jumeirah Park,jumeirah-park,2023-05,May 2023,0,,,,4862500.0,24
Jumeirah Park,jumeirah-park,2023-06,Jun 2023,0,,,,4995000.0,37
Jumeirah Park,jumeirah-park,2023-07,Jul 2023,0,,,,5100000.0,30
Jumeirah Park,jumeirah-park,2023-08,Aug 2023,0,,,,5450000.0,26
Jumeirah Park,jumeirah-park,2023-09,Sep 2023,3,,,,6000000.0,27
Jumeirah Park,jumeirah-park,2023-10,Oct 2023,0,,,,6425000.0,20
Jumeirah Park,jumeirah-park,2023-11,Nov 2023,0,,,,6200000.0,24
Jumeirah Park,jumeirah-park,2023-12,Dec 2023,0,,,,5875000.0,22
Jumeirah Park,jumeirah-park,2024-01,Jan 2024,0,,,,8050000.0,16
Jumeirah Park,jumeirah-park,2024-02,Feb 2024,2,,,,5450000.0,10
Jumeirah Park,jumeirah-park,2024-03,Mar 2024,1,,,,7575000.0,24
Jumeirah Park,jumeirah-park,2024-04,Apr 2024,0,,,,5950000.0,20
Jumeirah Park,jumeirah-park,2024-05,May 2024,0,,,,7200000.0,31
Jumeirah Park,jumeirah-park,2024-06,Jun 2024,1,,,,9420000.0,35
Jumeirah Park,jumeirah-park,2024-07,Jul 2024,0,,,,8700000.0,20
Jumeirah Park,jumeirah-park,2024-08,Aug 2024,0,,,,7400000.0,17
Jumeirah Park,jumeirah-park,2024-09,Sep 2024,1,,,,7300000.0,21
Jumeirah Park,jumeirah-park,2024-10,Oct 2024,0,,,,7075000.0,22
Jumeirah Park,jumeirah-park,2024-11,Nov 2024,0,,,,8440000.0,20
Jumeirah Park,jumeirah-park,2024-12,Dec 2024,0,,,,7000000.0,23
Jumeirah Park,jumeirah-park,2025-01,Jan 2025,0,,,,8950000.0,18
Jumeirah Park,jumeirah-park,2025-02,Feb 2025,0,,,,8000000.0,12
Jumeirah Park,jumeirah-park,2025-03,Mar 2025,0,,,,8250000.0,18
Jumeirah Park,jumeirah-park,2025-04,Apr 2025,0,,,,7875000.0,16
Jumeirah Park,jumeirah-park,2025-05,May 2025,0,,,,8850000.0,12
Jumeirah Park,jumeirah-park,2025-06,Jun 2025,0,,,,8550000.0,22
Jumeirah Park,jumeirah-park,2025-07,Jul 2025,1,,,,8400000.0,15
Jumeirah Park,jumeirah-park,2025-08,Aug 2025,0,,,,8625000.0,18
Jumeirah Park,jumeirah-park,2025-09,Sep 2025,0,,,,7325000.0,16
Jumeirah Park,jumeirah-park,2025-10,Oct 2025,0,,,,7800000.0,11
Jumeirah Park,jumeirah-park,2025-11,Nov 2025,0,,,,9700000.0,17
Jumeirah Park,jumeirah-park,2025-12,Dec 2025,0,,,,8650000.0,19
Jumeirah Park,jumeirah-park,2026-01,Jan 2026,0,,,,10500000.0,21
Jumeirah Park,jumeirah-park,2026-02,Feb 2026,0,,,,11275000.0,14
Jumeirah Park,jumeirah-park,2026-03,Mar 2026,1,,,,8972007.0,10
Jumeirah Park,jumeirah-park,2026-04,Apr 2026,1,,,,9000000.0,9
Jumeirah Park,jumeirah-park,2026-05,May 2026,0,,,,9075000.0,6
Jumeirah Park,jumeirah-park,2026-06,Jun 2026,0,,,,8950000.0,12
Jumeirah Park,jumeirah-park,2026-07,Jul 2026,0,,,,8050000.0,7
Jumeirah Park,jumeirah-park,2026-08,Aug 2026,1,,,,8860000.0,12
HADAEQ SHEIKH MOHAMMED BIN RASHID - DISRICT 7,hadaeq-sheikh-mohammed-bin-rashid-disrict-7,2021-09,Sep 2021,34,1079.53,996.37,1219.73,855484.5,34
HADAEQ SHEIKH MOHAMMED BIN RASHID - DISRICT 7,hadaeq-sheikh-mohammed-bin-rashid-disrict-7,2021-10,Oct 2021,54,1141.63,1007.5,1223.25,856300.0,54
HADAEQ SHEIKH MOHAMMED BIN RASHID - DISRICT 7,hadaeq-sheikh-mohammed-bin-rashid-disrict-7,2021-11,Nov 2021,8,1209.81,1183.91,1285.17,992500.0,8
HADAEQ SHEIKH MOHAMMED BIN RASHID - DISRICT 7,hadaeq-sheikh-mohammed-bin-rashid-disrict-7,2021-12,Dec 2021,41,1130.03,1049.86,1222.08,930000.0,55
HADAEQ SHEIKH MOHAMMED BIN RASHID - DISRICT 7,hadaeq-sheikh-mohammed-bin-rashid-disrict-7,2022-01,Jan 2022,3,,,,,3
HADAEQ SHEIKH MOHAMMED BIN RASHID - DISRICT 7,hadaeq-sheikh-mohammed-bin-rashid-disrict-7,2022-02,Feb 2022,53,1435.82,1316.17,1530.7,1030000.0,54
HADAEQ SHEIKH MOHAMMED BIN RASHID - DISRICT 7,hadaeq-sheikh-mohammed-bin-rashid-disrict-7,2022-03,Mar 2022,29,1331.52,1112.83,1459.35,1102704.0,32
HADAEQ SHEIKH MOHAMMED BIN RASHID - DISRICT 7,hadaeq-sheikh-mohammed-bin-rashid-disrict-7,2022-04,Apr 2022,38,1440.0,1355.84,1533.43,1042700.0,38
HADAEQ SHEIKH MOHAMMED BIN RASHID - DISRICT 7,hadaeq-sheikh-mohammed-bin-rashid-disrict-7,2022-05,May 2022,44,1437.92,1315.15,1547.05,1141848.0,44
HADAEQ SHEIKH MOHAMMED BIN RASHID - DISRICT 7,hadaeq-sheikh-mohammed-bin-rashid-disrict-7,2022-06,Jun 2022,9,1309.56,1185.75,1574.86,686702.0,9
HADAEQ SHEIKH MOHAMMED BIN RASHID - DISRICT 7,hadaeq-sheikh-mohammed-bin-rashid-disrict-7,2022-07,Jul 2022,26,1465.95,1359.24,1525.34,1164438.0,26
HADAEQ SHEIKH MOHAMMED BIN RASHID - DISRICT 7,hadaeq-sheikh-mohammed-bin-rashid-disrict-7,2022-08,Aug 2022,7,1247.34,1107.98,1323.5,520000.0,7
HADAEQ SHEIKH MOHAMMED BIN RASHID - DISRICT 7,hadaeq-sheikh-mohammed-bin-rashid-disrict-7,2022-09,Sep 2022,6,1315.8,1216.69,1424.22,1082500.0,6
HADAEQ SHEIKH MOHAMMED BIN RASHID - DISRICT 7,hadaeq-sheikh-mohammed-bin-rashid-disrict-7,2022-10,Oct 2022,35,1370.9,1296.46,1495.83,1534500.0,35
HADAEQ SHEIKH MOHAMMED BIN RASHID - DISRICT 7,hadaeq-sheikh-mohammed-bin-rashid-disrict-7,2022-11,Nov 2022,46,1494.79,1432.8,1527.06,1278722.0,46
HADAEQ SHEIKH MOHAMMED BIN RASHID - DISRICT 7,hadaeq-sheikh-mohammed-bin-rashid-disrict-7,2022-12,Dec 2022,5,1322.38,1241.84,1390.51,915000.0,5
HADAEQ SHEIKH MOHAMMED BIN RASHID - DISRICT 7,hadaeq-sheikh-mohammed-bin-rashid-disrict-7,2023-01,Jan 2023,2,,,,,2
HADAEQ SHEIKH MOHAMMED BIN RASHID - DISRICT 7,hadaeq-sheikh-mohammed-bin-rashid-disrict-7,2023-02,Feb 2023,32,1353.19,1277.15,1391.55,1476750.0,32
HADAEQ SHEIKH MOHAMMED BIN RASHID - DISRICT 7,hadaeq-sheikh-mohammed-bin-rashid-disrict-7,2023-03,Mar 2023,37,1512.39,1467.8,1641.46,1253240.0,37
HADAEQ SHEIKH MOHAMMED BIN RASHID - DISRICT 7,hadaeq-sheikh-mohammed-bin-rashid-disrict-7,2023-04,Apr 2023,9,1403.83,1319.3,1465.49,1274000.0,9
HADAEQ SHEIKH MOHAMMED BIN RASHID - DISRICT 7,hadaeq-sheikh-mohammed-bin-rashid-disrict-7,2023-05,May 2023,14,1375.47,1319.33,1439.81,555000.0,14
HADAEQ SHEIKH MOHAMMED BIN RASHID - DISRICT 7,hadaeq-sheikh-mohammed-bin-rashid-disrict-7,2023-06,Jun 2023,14,1498.8,1372.77,1596.69,650000.0,14
HADAEQ SHEIKH MOHAMMED BIN RASHID - DISRICT 7,hadaeq-sheikh-mohammed-bin-rashid-disrict-7,2023-07,Jul 2023,8,1549.75,1316.08,1650.07,716000.0,8
HADAEQ SHEIKH MOHAMMED BIN RASHID - DISRICT 7,hadaeq-sheikh-mohammed-bin-rashid-disrict-7,2023-08,Aug 2023,15,1329.24,1303.81,1548.42,1125000.0,15
HADAEQ SHEIKH MOHAMMED BIN RASHID - DISRICT 7,hadaeq-sheikh-mohammed-bin-rashid-disrict-7,2023-09,Sep 2023,12,1500.97,1384.92,1738.14,625000.0,12
HADAEQ SHEIKH MOHAMMED BIN RASHID - DISRICT 7,hadaeq-sheikh-mohammed-bin-rashid-disrict-7,2023-10,Oct 2023,12,1628.34,1477.18,1775.18,1225000.0,12
HADAEQ SHEIKH MOHAMMED BIN RASHID - DISRICT 7,hadaeq-sheikh-mohammed-bin-rashid-disrict-7,2023-11,Nov 2023,25,1517.61,1398.79,1908.82,795760.0,27
HADAEQ SHEIKH MOHAMMED BIN RASHID - DISRICT 7,hadaeq-sheikh-mohammed-bin-rashid-disrict-7,2023-12,Dec 2023,12,1442.84,1343.51,1661.23,634000.0,12
HADAEQ SHEIKH MOHAMMED BIN RASHID - DISRICT 7,hadaeq-sheikh-mohammed-bin-rashid-disrict-7,2024-01,Jan 2024,25,1519.36,1454.69,1783.15,1100000.0,24
HADAEQ SHEIKH MOHAMMED BIN RASHID - DISRICT 7,hadaeq-sheikh-mohammed-bin-rashid-disrict-7,2024-02,Feb 2024,13,1613.08,1542.9,1896.15,1450000.0,13
HADAEQ SHEIKH MOHAMMED BIN RASHID - DISRICT 7,hadaeq-sheikh-mohammed-bin-rashid-disrict-7,2024-03,Mar 2024,10,1545.76,1456.84,1740.07,1450000.0,10
HADAEQ SHEIKH MOHAMMED BIN RASHID - DISRICT 7,hadaeq-sheikh-mohammed-bin-rashid-disrict-7,2024-04,Apr 2024,7,1562.81,1464.78,1798.72,1375000.0,7
HADAEQ SHEIKH MOHAMMED BIN RASHID - DISRICT 7,hadaeq-sheikh-mohammed-bin-rashid-disrict-7,2024-05,May 2024,19,1797.24,1598.42,1988.98,2335000.0,20
HADAEQ SHEIKH MOHAMMED BIN RASHID - DISRICT 7,hadaeq-sheikh-mohammed-bin-rashid-disrict-7,2024-06,Jun 2024,18,1814.14,1568.1,1912.01,780000.0,17
HADAEQ SHEIKH MOHAMMED BIN RASHID - DISRICT 7,hadaeq-sheikh-mohammed-bin-rashid-disrict-7,2024-07,Jul 2024,18,1804.35,1583.17,2026.13,2275000.0,18
HADAEQ SHEIKH MOHAMMED BIN RASHID - DISRICT 7,hadaeq-sheikh-mohammed-bin-rashid-disrict-7,2024-08,Aug 2024,21,1831.78,1607.15,1904.09,1364000.0,22
HADAEQ SHEIKH MOHAMMED BIN RASHID - DISRICT 7,hadaeq-sheikh-mohammed-bin-rashid-disrict-7,2024-09,Sep 2024,14,1821.33,1628.14,2023.79,1775000.0,14
HADAEQ SHEIKH MOHAMMED BIN RASHID - DISRICT 7,hadaeq-sheikh-mohammed-bin-rashid-disrict-7,2024-10,Oct 2024,28,1804.06,1641.54,2036.41,2365000.0,28
HADAEQ SHEIKH MOHAMMED BIN RASHID - DISRICT 7,hadaeq-sheikh-mohammed-bin-rashid-disrict-7,2024-11,Nov 2024,30,1750.03,1587.37,2002.44,1800000.0,30
HADAEQ SHEIKH MOHAMMED BIN RASHID - DISRICT 7,hadaeq-sheikh-mohammed-bin-rashid-disrict-7,2024-12,Dec 2024,32,1695.31,1616.69,1805.7,700000.0,33
HADAEQ SHEIKH MOHAMMED BIN RASHID - DISRICT 7,hadaeq-sheikh-mohammed-bin-rashid-disrict-7,2025-01,Jan 2025,32,1850.8,1641.04,2354.96,2412500.0,36
HADAEQ SHEIKH MOHAMMED BIN RASHID - DISRICT 7,hadaeq-sheikh-mohammed-bin-rashid-disrict-7,2025-02,Feb 2025,71,2494.62,1733.07,3260.54,7378357.5,96
HADAEQ SHEIKH MOHAMMED BIN RASHID - DISRICT 7,hadaeq-sheikh-mohammed-bin-rashid-disrict-7,2025-03,Mar 2025,29,1797.73,1694.34,1920.01,1275000.0,36
HADAEQ SHEIKH MOHAMMED BIN RASHID - DISRICT 7,hadaeq-sheikh-mohammed-bin-rashid-disrict-7,2025-04,Apr 2025,72,2675.71,1958.96,3299.88,6720480.0,80
HADAEQ SHEIKH MOHAMMED BIN RASHID - DISRICT 7,hadaeq-sheikh-mohammed-bin-rashid-disrict-7,2025-05,May 2025,93,2560.69,2328.8,2821.92,5633040.0,101
HADAEQ SHEIKH MOHAMMED BIN RASHID - DISRICT 7,hadaeq-sheikh-mohammed-bin-rashid-disrict-7,2025-06,Jun 2025,77,2806.31,2492.44,3013.07,4760000.0,96
HADAEQ SHEIKH MOHAMMED BIN RASHID - DISRICT 7,hadaeq-sheikh-mohammed-bin-rashid-disrict-7,2025-07,Jul 2025,51,2670.41,1893.4,2989.36,3886120.0,54
HADAEQ SHEIKH MOHAMMED BIN RASHID - DISRICT 7,hadaeq-sheikh-mohammed-bin-rashid-disrict-7,2025-08,Aug 2025,12,2246.26,1791.23,3148.12,2097500.0,8
HADAEQ SHEIKH MOHAMMED BIN RASHID - DISRICT 7,hadaeq-sheikh-mohammed-bin-rashid-disrict-7,2025-09,Sep 2025,26,2210.16,1791.03,2658.62,3641890.0,30
HADAEQ SHEIKH MOHAMMED BIN RASHID - DISRICT 7,hadaeq-sheikh-mohammed-bin-rashid-disrict-7,2025-10,Oct 2025,15,1947.22,1787.86,2308.11,1475000.0,17
HADAEQ SHEIKH MOHAMMED BIN RASHID - DISRICT 7,hadaeq-sheikh-mohammed-bin-rashid-disrict-7,2025-11,Nov 2025,8,1737.77,1605.0,1973.2,1400000.0,9
HADAEQ SHEIKH MOHAMMED BIN RASHID - DISRICT 7,hadaeq-sheikh-mohammed-bin-rashid-disrict-7,2025-12,Dec 2025,16,1820.01,1742.59,2114.94,1370000.0,18
HADAEQ SHEIKH MOHAMMED BIN RASHID - DISRICT 7,hadaeq-sheikh-mohammed-bin-rashid-disrict-7,2026-01,Jan 2026,9,1910.07,1875.26,2104.88,1550000.0,9
HADAEQ SHEIKH MOHAMMED BIN RASHID - DISRICT 7,hadaeq-sheikh-mohammed-bin-rashid-disrict-7,2026-02,Feb 2026,19,1932.32,1823.71,2244.15,1400000.0,21
HADAEQ SHEIKH MOHAMMED BIN RASHID - DISRICT 7,hadaeq-sheikh-mohammed-bin-rashid-disrict-7,2026-03,Mar 2026,4,,,,3100000.0,5
HADAEQ SHEIKH MOHAMMED BIN RASHID - DISRICT 7,hadaeq-sheikh-mohammed-bin-rashid-disrict-7,2026-04,Apr 2026,8,1584.71,1468.02,1699.56,1000000.0,11
HADAEQ SHEIKH MOHAMMED BIN RASHID - DISRICT 7,hadaeq-sheikh-mohammed-bin-rashid-disrict-7,2026-05,May 2026,4,,,,3587500.0,6
HADAEQ SHEIKH MOHAMMED BIN RASHID - DISRICT 7,hadaeq-sheikh-mohammed-bin-rashid-disrict-7,2026-06,Jun 2026,8,1654.65,1514.36,2280.76,1165000.0,8
HADAEQ SHEIKH MOHAMMED BIN RASHID - DISRICT 7,hadaeq-sheikh-mohammed-bin-rashid-disrict-7,2026-07,Jul 2026,6,1729.15,1690.41,1753.77,715000.0,6
HADAEQ SHEIKH MOHAMMED BIN RASHID - DISRICT 7,hadaeq-sheikh-mohammed-bin-rashid-disrict-7,2026-08,Aug 2026,5,1581.67,1519.71,2126.9,1225000.0,5
International City Phase 2,international-city-phase-2,2021-09,Sep 2021,0,,,,,0
International City Phase 2,international-city-phase-2,2021-10,Oct 2021,0,,,,,0
International City Phase 2,international-city-phase-2,2021-11,Nov 2021,0,,,,,0
International City Phase 2,international-city-phase-2,2021-12,Dec 2021,0,,,,,0
International City Phase 2,international-city-phase-2,2022-01,Jan 2022,0,,,,,0
International City Phase 2,international-city-phase-2,2022-02,Feb 2022,0,,,,,0
International City Phase 2,international-city-phase-2,2022-03,Mar 2022,0,,,,,0
International City Phase 2,international-city-phase-2,2022-04,Apr 2022,0,,,,,0
International City Phase 2,international-city-phase-2,2022-05,May 2022,0,,,,,0
International City Phase 2,international-city-phase-2,2022-06,Jun 2022,0,,,,,0
International City Phase 2,international-city-phase-2,2022-07,Jul 2022,0,,,,,0
International City Phase 2,international-city-phase-2,2022-08,Aug 2022,0,,,,,0
International City Phase 2,international-city-phase-2,2022-09,Sep 2022,0,,,,,0
International City Phase 2,international-city-phase-2,2022-10,Oct 2022,0,,,,,0
International City Phase 2,international-city-phase-2,2022-11,Nov 2022,0,,,,,0
International City Phase 2,international-city-phase-2,2022-12,Dec 2022,0,,,,,0
International City Phase 2,international-city-phase-2,2023-01,Jan 2023,0,,,,,0
International City Phase 2,international-city-phase-2,2023-02,Feb 2023,0,,,,,0
International City Phase 2,international-city-phase-2,2023-03,Mar 2023,0,,,,,0
International City Phase 2,international-city-phase-2,2023-04,Apr 2023,0,,,,,0
International City Phase 2,international-city-phase-2,2023-05,May 2023,0,,,,,0
International City Phase 2,international-city-phase-2,2023-06,Jun 2023,0,,,,,0
International City Phase 2,international-city-phase-2,2023-07,Jul 2023,0,,,,,0
International City Phase 2,international-city-phase-2,2023-08,Aug 2023,0,,,,,0
International City Phase 2,international-city-phase-2,2023-09,Sep 2023,0,,,,,0
International City Phase 2,international-city-phase-2,2023-10,Oct 2023,0,,,,,0
International City Phase 2,international-city-phase-2,2023-11,Nov 2023,0,,,,,0
International City Phase 2,international-city-phase-2,2023-12,Dec 2023,0,,,,,0
International City Phase 2,international-city-phase-2,2024-01,Jan 2024,0,,,,,1
International City Phase 2,international-city-phase-2,2024-02,Feb 2024,0,,,,,2
International City Phase 2,international-city-phase-2,2024-03,Mar 2024,0,,,,,0
International City Phase 2,international-city-phase-2,2024-04,Apr 2024,0,,,,,0
International City Phase 2,international-city-phase-2,2024-05,May 2024,0,,,,,0
International City Phase 2,international-city-phase-2,2024-06,Jun 2024,0,,,,,0
International City Phase 2,international-city-phase-2,2024-07,Jul 2024,0,,,,,0
International City Phase 2,international-city-phase-2,2024-08,Aug 2024,0,,,,,0
International City Phase 2,international-city-phase-2,2024-09,Sep 2024,0,,,,,0
International City Phase 2,international-city-phase-2,2024-10,Oct 2024,0,,,,,0
International City Phase 2,international-city-phase-2,2024-11,Nov 2024,0,,,,,0
International City Phase 2,international-city-phase-2,2024-12,Dec 2024,0,,,,,0
International City Phase 2,international-city-phase-2,2025-01,Jan 2025,0,,,,,0
International City Phase 2,international-city-phase-2,2025-02,Feb 2025,0,,,,,0
International City Phase 2,international-city-phase-2,2025-03,Mar 2025,0,,,,,0
International City Phase 2,international-city-phase-2,2025-04,Apr 2025,0,,,,,0
International City Phase 2,international-city-phase-2,2025-05,May 2025,0,,,,,0
International City Phase 2,international-city-phase-2,2025-06,Jun 2025,0,,,,,0
International City Phase 2,international-city-phase-2,2025-07,Jul 2025,0,,,,,0
International City Phase 2,international-city-phase-2,2025-08,Aug 2025,0,,,,,0
International City Phase 2,international-city-phase-2,2025-09,Sep 2025,0,,,,,0
International City Phase 2,international-city-phase-2,2025-10,Oct 2025,0,,,,,0
International City Phase 2,international-city-phase-2,2025-11,Nov 2025,0,,,,,0
International City Phase 2,international-city-phase-2,2025-12,Dec 2025,0,,,,,0
International City Phase 2,international-city-phase-2,2026-01,Jan 2026,0,,,,,0
International City Phase 2,international-city-phase-2,2026-02,Feb 2026,0,,,,919111.0,114
International City Phase 2,international-city-phase-2,2026-03,Mar 2026,0,,,,,0
International City Phase 2,international-city-phase-2,2026-04,Apr 2026,0,,,,,0
International City Phase 2,international-city-phase-2,2026-05,May 2026,0,,,,,0
International City Phase 2,international-city-phase-2,2026-06,Jun 2026,0,,,,,0
International City Phase 2,international-city-phase-2,2026-07,Jul 2026,0,,,,,0
International City Phase 2,international-city-phase-2,2026-08,Aug 2026,0,,,,,0
Dubai International Financial Center,dubai-international-financial-center,2025-07,Jul 2025,30,4409.19,3814.78,4508.0,6421650.0,27
Dubai International Financial Center,dubai-international-financial-center,2025-08,Aug 2025,17,4361.06,3773.98,4409.09,6793650.0,15
Dubai International Financial Center,dubai-international-financial-center,2025-09,Sep 2025,15,4380.34,3764.43,4574.14,6285000.0,13
Dubai International Financial Center,dubai-international-financial-center,2025-10,Oct 2025,40,4460.25,4248.92,4481.21,8730000.0,37
Dubai International Financial Center,dubai-international-financial-center,2025-11,Nov 2025,8,4294.94,3789.87,4509.06,6590000.0,7
Dubai International Financial Center,dubai-international-financial-center,2025-12,Dec 2025,17,3740.45,3622.54,4308.59,4965000.0,15
Dubai International Financial Center,dubai-international-financial-center,2026-01,Jan 2026,2,,,,,2
Dubai International Financial Center,dubai-international-financial-center,2026-02,Feb 2026,13,3754.73,3725.7,4442.4,4440000.0,12
Dubai International Financial Center,dubai-international-financial-center,2026-03,Mar 2026,6,3652.16,3539.71,3705.36,5489584.0,6
Dubai International Financial Center,dubai-international-financial-center,2026-04,Apr 2026,11,4456.2,4126.78,4571.87,7325000.0,5
Dubai International Financial Center,dubai-international-financial-center,2026-05,May 2026,5,3716.51,3706.85,3745.08,3880000.0,5
Dubai International Financial Center,dubai-international-financial-center,2026-06,Jun 2026,7,3687.77,3553.9,3706.54,3857500.0,6
Dubai International Financial Center,dubai-international-financial-center,2026-07,Jul 2026,3,,,,,3
Dubai International Financial Center,dubai-international-financial-center,2026-08,Aug 2026,2,,,,,2
Dubai Industrial City,dubai-industrial-city,2021-09,Sep 2021,0,,,,,3
Dubai Industrial City,dubai-industrial-city,2021-10,Oct 2021,0,,,,,0
Dubai Industrial City,dubai-industrial-city,2021-11,Nov 2021,0,,,,,0
Dubai Industrial City,dubai-industrial-city,2021-12,Dec 2021,0,,,,,4
Dubai Industrial City,dubai-industrial-city,2022-01,Jan 2022,0,,,,,3
Dubai Industrial City,dubai-industrial-city,2022-02,Feb 2022,0,,,,,2
Dubai Industrial City,dubai-industrial-city,2022-03,Mar 2022,0,,,,,2
Dubai Industrial City,dubai-industrial-city,2022-04,Apr 2022,0,,,,,0
Dubai Industrial City,dubai-industrial-city,2022-05,May 2022,0,,,,,3
Dubai Industrial City,dubai-industrial-city,2022-06,Jun 2022,0,,,,,4
Dubai Industrial City,dubai-industrial-city,2022-07,Jul 2022,0,,,,,3
Dubai Industrial City,dubai-industrial-city,2022-08,Aug 2022,0,,,,8151627.0,11
Dubai Industrial City,dubai-industrial-city,2022-09,Sep 2022,0,,,,,3
Dubai Industrial City,dubai-industrial-city,2022-10,Oct 2022,0,,,,,3
Dubai Industrial City,dubai-industrial-city,2022-11,Nov 2022,0,,,,8085507.0,7
Dubai Industrial City,dubai-industrial-city,2022-12,Dec 2022,0,,,,,2
Dubai Industrial City,dubai-industrial-city,2023-01,Jan 2023,0,,,,,3
Dubai Industrial City,dubai-industrial-city,2023-02,Feb 2023,0,,,,,4
Dubai Industrial City,dubai-industrial-city,2023-03,Mar 2023,0,,,,8700338.0,5
Dubai Industrial City,dubai-industrial-city,2023-04,Apr 2023,0,,,,7748096.0,9
Dubai Industrial City,dubai-industrial-city,2023-05,May 2023,0,,,,11043180.0,5
Dubai Industrial City,dubai-industrial-city,2023-06,Jun 2023,0,,,,23195874.0,7
Dubai Industrial City,dubai-industrial-city,2023-07,Jul 2023,0,,,,12130518.0,9
Dubai Industrial City,dubai-industrial-city,2023-08,Aug 2023,0,,,,8258360.0,9
Dubai Industrial City,dubai-industrial-city,2023-09,Sep 2023,0,,,,9572295.0,14
Dubai Industrial City,dubai-industrial-city,2023-10,Oct 2023,0,,,,11138513.0,17
Dubai Industrial City,dubai-industrial-city,2023-11,Nov 2023,0,,,,9082836.0,9
Dubai Industrial City,dubai-industrial-city,2023-12,Dec 2023,0,,,,18392503.5,14
Dubai Industrial City,dubai-industrial-city,2024-01,Jan 2024,0,,,,12265520.5,8
Dubai Industrial City,dubai-industrial-city,2024-02,Feb 2024,0,,,,20000000.0,9
Dubai Industrial City,dubai-industrial-city,2024-03,Mar 2024,0,,,,,4
Dubai Industrial City,dubai-industrial-city,2024-04,Apr 2024,0,,,,,2
Dubai Industrial City,dubai-industrial-city,2024-05,May 2024,0,,,,19290868.0,7
Dubai Industrial City,dubai-industrial-city,2024-06,Jun 2024,0,,,,8963268.0,6
Dubai Industrial City,dubai-industrial-city,2024-07,Jul 2024,0,,,,14400000.0,5
Dubai Industrial City,dubai-industrial-city,2024-08,Aug 2024,0,,,,1222932.0,25
Dubai Industrial City,dubai-industrial-city,2024-09,Sep 2024,0,,,,9847095.0,7
Dubai Industrial City,dubai-industrial-city,2024-10,Oct 2024,0,,,,15036072.0,5
Dubai Industrial City,dubai-industrial-city,2024-11,Nov 2024,0,,,,,4
Dubai Industrial City,dubai-industrial-city,2024-12,Dec 2024,0,,,,9404692.5,34
Dubai Industrial City,dubai-industrial-city,2025-01,Jan 2025,0,,,,,2
Dubai Industrial City,dubai-industrial-city,2025-02,Feb 2025,0,,,,18501073.0,7
Dubai Industrial City,dubai-industrial-city,2025-03,Mar 2025,0,,,,,2
Dubai Industrial City,dubai-industrial-city,2025-04,Apr 2025,0,,,,,2
Dubai Industrial City,dubai-industrial-city,2025-05,May 2025,0,,,,,2
Dubai Industrial City,dubai-industrial-city,2025-06,Jun 2025,0,,,,,4
Dubai Industrial City,dubai-industrial-city,2025-07,Jul 2025,0,,,,31884518.0,5
Dubai Industrial City,dubai-industrial-city,2025-08,Aug 2025,0,,,,,1
Dubai Industrial City,dubai-industrial-city,2025-09,Sep 2025,0,,,,,2
Dubai Industrial City,dubai-industrial-city,2025-10,Oct 2025,0,,,,,2
Dubai Industrial City,dubai-industrial-city,2025-11,Nov 2025,0,,,,,3
Dubai Industrial City,dubai-industrial-city,2025-12,Dec 2025,0,,,,19058276.0,11
Dubai Industrial City,dubai-industrial-city,2026-01,Jan 2026,0,,,,26412496.0,9
Dubai Industrial City,dubai-industrial-city,2026-02,Feb 2026,0,,,,19743128.5,6
Dubai Industrial City,dubai-industrial-city,2026-03,Mar 2026,0,,,,2057762.0,27
Dubai Industrial City,dubai-industrial-city,2026-04,Apr 2026,0,,,,29375000.0,6
Dubai Industrial City,dubai-industrial-city,2026-05,May 2026,0,,,,24961940.0,5
Dubai Industrial City,dubai-industrial-city,2026-06,Jun 2026,0,,,,89746358.0,8
Dubai Industrial City,dubai-industrial-city,2026-07,Jul 2026,0,,,,,4
Dubai Industrial City,dubai-industrial-city,2026-08,Aug 2026,0,,,,1032697.0,39
The Villa,the-villa,2021-09,Sep 2021,0,,,,4050000.0,21
The Villa,the-villa,2021-10,Oct 2021,0,,,,4200000.0,11
The Villa,the-villa,2021-11,Nov 2021,0,,,,4125000.0,18
The Villa,the-villa,2021-12,Dec 2021,0,,,,3625000.0,6
The Villa,the-villa,2022-01,Jan 2022,0,,,,4037500.0,12
The Villa,the-villa,2022-02,Feb 2022,0,,,,3700000.0,14
The Villa,the-villa,2022-03,Mar 2022,0,,,,5100000.0,10
The Villa,the-villa,2022-04,Apr 2022,0,,,,4250000.0,14
The Villa,the-villa,2022-05,May 2022,0,,,,3765000.0,17
The Villa,the-villa,2022-06,Jun 2022,0,,,,4120000.0,24
The Villa,the-villa,2022-07,Jul 2022,0,,,,4000000.0,17
The Villa,the-villa,2022-08,Aug 2022,0,,,,3975000.0,16
The Villa,the-villa,2022-09,Sep 2022,0,,,,4175000.0,14
The Villa,the-villa,2022-10,Oct 2022,0,,,,4300000.0,18
The Villa,the-villa,2022-11,Nov 2022,0,,,,4900000.0,14
The Villa,the-villa,2022-12,Dec 2022,0,,,,5325000.0,8
The Villa,the-villa,2023-01,Jan 2023,0,,,,5300000.0,12
The Villa,the-villa,2023-02,Feb 2023,0,,,,4750000.0,9
The Villa,the-villa,2023-03,Mar 2023,0,,,,5150000.0,11
The Villa,the-villa,2023-04,Apr 2023,0,,,,6300000.0,12
The Villa,the-villa,2023-05,May 2023,0,,,,5800000.0,11
The Villa,the-villa,2023-06,Jun 2023,0,,,,4595000.0,24
The Villa,the-villa,2023-07,Jul 2023,0,,,,4800000.0,15
The Villa,the-villa,2023-08,Aug 2023,0,,,,5218852.0,16
The Villa,the-villa,2023-09,Sep 2023,0,,,,5237500.0,14
The Villa,the-villa,2023-10,Oct 2023,0,,,,5200000.0,9
The Villa,the-villa,2023-11,Nov 2023,0,,,,5286546.5,18
The Villa,the-villa,2023-12,Dec 2023,0,,,,5500000.0,15
The Villa,the-villa,2024-01,Jan 2024,0,,,,6300000.0,13
The Villa,the-villa,2024-02,Feb 2024,0,,,,6000000.0,16
The Villa,the-villa,2024-03,Mar 2024,0,,,,6525000.0,8
The Villa,the-villa,2024-04,Apr 2024,0,,,,5175000.0,12
The Villa,the-villa,2024-05,May 2024,0,,,,5450000.0,19
The Villa,the-villa,2024-06,Jun 2024,0,,,,5650000.0,15
The Villa,the-villa,2024-07,Jul 2024,0,,,,6250000.0,18
The Villa,the-villa,2024-08,Aug 2024,0,,,,6700000.0,13
The Villa,the-villa,2024-09,Sep 2024,0,,,,5900000.0,16
The Villa,the-villa,2024-10,Oct 2024,0,,,,7500000.0,9
The Villa,the-villa,2024-11,Nov 2024,0,,,,5900000.0,25
The Villa,the-villa,2024-12,Dec 2024,0,,,,5900000.0,13
The Villa,the-villa,2025-01,Jan 2025,0,,,,7100000.0,9
The Villa,the-villa,2025-02,Feb 2025,0,,,,6950000.0,20
The Villa,the-villa,2025-03,Mar 2025,0,,,,6900000.0,15
The Villa,the-villa,2025-04,Apr 2025,0,,,,6850000.0,17
The Villa,the-villa,2025-05,May 2025,0,,,,8250000.0,19
The Villa,the-villa,2025-06,Jun 2025,0,,,,8325000.0,16
The Villa,the-villa,2025-07,Jul 2025,0,,,,6950000.0,17
The Villa,the-villa,2025-08,Aug 2025,0,,,,8350000.0,8
The Villa,the-villa,2025-09,Sep 2025,0,,,,7550000.0,22
The Villa,the-villa,2025-10,Oct 2025,0,,,,7500000.0,7
The Villa,the-villa,2025-11,Nov 2025,0,,,,8800000.0,7
The Villa,the-villa,2025-12,Dec 2025,0,,,,7862500.0,14
The Villa,the-villa,2026-01,Jan 2026,0,,,,6987500.0,14
The Villa,the-villa,2026-02,Feb 2026,0,,,,7175000.0,14
The Villa,the-villa,2026-03,Mar 2026,0,,,,6249444.0,6
The Villa,the-villa,2026-04,Apr 2026,0,,,,7200000.0,5
The Villa,the-villa,2026-05,May 2026,0,,,,,4
The Villa,the-villa,2026-06,Jun 2026,0,,,,,3
The Villa,the-villa,2026-07,Jul 2026,0,,,,6350000.0,5
The Villa,the-villa,2026-08,Aug 2026,0,,,,8000000.0,11
Bluewaters Island,bluewaters-island,2021-11,Nov 2021,10,2345.26,2177.76,2530.64,3875000.0,10
Bluewaters Island,bluewaters-island,2021-12,Dec 2021,4,,,,4425000.0,6
Bluewaters Island,bluewaters-island,2022-01,Jan 2022,6,2672.82,2581.44,2728.66,4500000.0,5
Bluewaters Island,bluewaters-island,2022-02,Feb 2022,11,2635.55,2316.02,2868.66,4550000.0,12
Bluewaters Island,bluewaters-island,2022-03,Mar 2022,12,3287.85,2817.86,3556.11,5500000.0,12
Bluewaters Island,bluewaters-island,2022-04,Apr 2022,9,2894.27,2586.99,3590.41,4750000.0,9
Bluewaters Island,bluewaters-island,2022-05,May 2022,11,2812.32,2683.42,3276.84,6000000.0,11
Bluewaters Island,bluewaters-island,2022-06,Jun 2022,22,2820.19,2529.16,3213.19,4875000.0,24
Bluewaters Island,bluewaters-island,2022-07,Jul 2022,5,2860.76,2778.21,3074.81,3500000.0,7
Bluewaters Island,bluewaters-island,2022-08,Aug 2022,11,2861.03,2520.25,3260.45,5250000.0,14
Bluewaters Island,bluewaters-island,2022-09,Sep 2022,11,3032.65,2907.71,3292.68,6050000.0,17
Bluewaters Island,bluewaters-island,2022-10,Oct 2022,8,2984.18,2770.49,3227.94,4600000.0,9
Bluewaters Island,bluewaters-island,2022-11,Nov 2022,15,3370.44,3101.91,3550.12,5800000.0,25
Bluewaters Island,bluewaters-island,2022-12,Dec 2022,4,,,,6300000.0,11
Bluewaters Island,bluewaters-island,2023-01,Jan 2023,7,3465.37,3202.76,3719.77,6000000.0,7
Bluewaters Island,bluewaters-island,2023-02,Feb 2023,6,3754.67,3620.61,3808.66,6400000.0,15
Bluewaters Island,bluewaters-island,2023-03,Mar 2023,6,3845.35,3250.65,3953.77,6120000.0,13
Bluewaters Island,bluewaters-island,2023-04,Apr 2023,3,,,,7000000.0,9
Bluewaters Island,bluewaters-island,2023-05,May 2023,3,,,,5300000.0,11
Bluewaters Island,bluewaters-island,2023-06,Jun 2023,2,,,,5025000.0,8
Bluewaters Island,bluewaters-island,2023-07,Jul 2023,2,,,,5400000.0,5
Bluewaters Island,bluewaters-island,2023-08,Aug 2023,2,,,,,4
Bluewaters Island,bluewaters-island,2023-09,Sep 2023,0,,,,7450000.0,5
Bluewaters Island,bluewaters-island,2023-10,Oct 2023,1,,,,5950000.0,6
Bluewaters Island,bluewaters-island,2023-11,Nov 2023,3,,,,7330000.0,12
Bluewaters Island,bluewaters-island,2023-12,Dec 2023,0,,,,5100000.0,5
Bluewaters Island,bluewaters-island,2024-01,Jan 2024,2,,,,5300000.0,5
Bluewaters Island,bluewaters-island,2024-02,Feb 2024,2,,,,7550000.0,6
Bluewaters Island,bluewaters-island,2024-03,Mar 2024,0,,,,,3
Bluewaters Island,bluewaters-island,2024-04,Apr 2024,0,,,,6350000.0,6
Bluewaters Island,bluewaters-island,2024-05,May 2024,0,,,,,2
Bluewaters Island,bluewaters-island,2024-06,Jun 2024,1,,,,7432500.0,6
Bluewaters Island,bluewaters-island,2024-07,Jul 2024,2,,,,,3
Bluewaters Island,bluewaters-island,2024-08,Aug 2024,1,,,,,3
Bluewaters Island,bluewaters-island,2024-09,Sep 2024,4,,,,,4
Bluewaters Island,bluewaters-island,2024-10,Oct 2024,1,,,,,2
Bluewaters Island,bluewaters-island,2024-11,Nov 2024,3,,,,4950000.0,5
Bluewaters Island,bluewaters-island,2024-12,Dec 2024,1,,,,7600000.0,5
Bluewaters Island,bluewaters-island,2025-01,Jan 2025,4,,,,5500000.0,7
Bluewaters Island,bluewaters-island,2025-02,Feb 2025,2,,,,,4
Bluewaters Island,bluewaters-island,2025-03,Mar 2025,1,,,,,4
Bluewaters Island,bluewaters-island,2025-04,Apr 2025,0,,,,,1
Bluewaters Island,bluewaters-island,2025-05,May 2025,1,,,,,3
Bluewaters Island,bluewaters-island,2025-06,Jun 2025,0,,,,,1
Bluewaters Island,bluewaters-island,2025-07,Jul 2025,0,,,,,2
Bluewaters Island,bluewaters-island,2025-08,Aug 2025,1,,,,,3
Bluewaters Island,bluewaters-island,2025-09,Sep 2025,1,,,,,0
Bluewaters Island,bluewaters-island,2025-10,Oct 2025,0,,,,,1
Bluewaters Island,bluewaters-island,2025-11,Nov 2025,0,,,,,0
Bluewaters Island,bluewaters-island,2025-12,Dec 2025,5,3826.63,2383.37,3899.12,3875000.0,5
Bluewaters Island,bluewaters-island,2026-01,Jan 2026,2,,,,6340000.0,6
Bluewaters Island,bluewaters-island,2026-02,Feb 2026,1,,,,6075000.0,6
Bluewaters Island,bluewaters-island,2026-03,Mar 2026,1,,,,,4
Bluewaters Island,bluewaters-island,2026-04,Apr 2026,0,,,,,1
Bluewaters Island,bluewaters-island,2026-05,May 2026,0,,,,,2
Bluewaters Island,bluewaters-island,2026-06,Jun 2026,0,,,,6500000.0,5
Bluewaters Island,bluewaters-island,2026-07,Jul 2026,0,,,,,1
Bluewaters Island,bluewaters-island,2026-08,Aug 2026,2,,,,,3
800 Villas,800-villas,2021-09,Sep 2021,12,727.78,664.78,773.97,1595000.0,12
800 Villas,800-villas,2021-10,Oct 2021,12,718.6,682.56,739.73,1487500.0,12
800 Villas,800-villas,2021-11,Nov 2021,16,746.56,681.33,817.04,1928000.0,16
800 Villas,800-villas,2021-12,Dec 2021,27,751.17,696.07,797.48,1700000.0,27
800 Villas,800-villas,2022-01,Jan 2022,16,716.73,638.59,780.39,1824500.0,16
800 Villas,800-villas,2022-02,Feb 2022,12,733.31,684.55,761.34,1610000.0,12
800 Villas,800-villas,2022-03,Mar 2022,13,743.22,668.32,806.68,1900000.0,13
800 Villas,800-villas,2022-04,Apr 2022,10,726.06,635.18,736.45,1890000.0,10
800 Villas,800-villas,2022-05,May 2022,18,762.68,675.72,799.48,1637500.0,18
800 Villas,800-villas,2022-06,Jun 2022,19,760.74,692.09,811.87,1781000.0,19
800 Villas,800-villas,2022-07,Jul 2022,13,732.19,693.47,837.38,1940000.0,13
800 Villas,800-villas,2022-08,Aug 2022,18,738.77,695.72,803.47,2112500.0,18
800 Villas,800-villas,2022-09,Sep 2022,11,815.46,790.87,847.67,1710000.0,11
800 Villas,800-villas,2022-10,Oct 2022,17,834.78,721.86,879.17,1900000.0,17
800 Villas,800-villas,2022-11,Nov 2022,14,787.61,702.42,865.01,1936500.0,14
800 Villas,800-villas,2022-12,Dec 2022,16,820.37,758.07,868.92,1785000.0,16
800 Villas,800-villas,2023-01,Jan 2023,9,787.95,739.71,861.51,1900000.0,9
800 Villas,800-villas,2023-02,Feb 2023,13,764.15,723.27,915.57,1975000.0,13
800 Villas,800-villas,2023-03,Mar 2023,17,791.79,713.7,818.83,1825000.0,17
800 Villas,800-villas,2023-04,Apr 2023,14,804.02,762.22,885.21,2100000.0,14
800 Villas,800-villas,2023-05,May 2023,19,834.78,811.25,915.13,2200000.0,19
800 Villas,800-villas,2023-06,Jun 2023,19,878.92,801.46,916.16,2273000.0,19
800 Villas,800-villas,2023-07,Jul 2023,14,881.77,826.83,940.79,2400000.0,14
800 Villas,800-villas,2023-08,Aug 2023,14,856.21,811.33,932.61,2300000.0,14
800 Villas,800-villas,2023-09,Sep 2023,7,969.42,899.94,1008.66,2250000.0,7
800 Villas,800-villas,2023-10,Oct 2023,13,958.65,876.65,1005.41,2060000.0,13
800 Villas,800-villas,2023-11,Nov 2023,8,982.95,928.41,1025.47,1950000.0,8
800 Villas,800-villas,2023-12,Dec 2023,11,842.33,764.46,1034.48,2360000.0,11
800 Villas,800-villas,2024-01,Jan 2024,13,969.42,844.67,1067.47,2250000.0,13
800 Villas,800-villas,2024-02,Feb 2024,7,920.34,898.13,1001.53,2109000.0,7
800 Villas,800-villas,2024-03,Mar 2024,7,942.49,873.05,976.95,2366000.0,7
800 Villas,800-villas,2024-04,Apr 2024,21,1020.32,955.31,1104.07,2325000.0,21
800 Villas,800-villas,2024-05,May 2024,14,1083.62,1025.66,1157.63,2525000.0,14
800 Villas,800-villas,2024-06,Jun 2024,9,1077.14,991.92,1139.0,2300000.0,9
800 Villas,800-villas,2024-07,Jul 2024,14,1022.69,964.79,1116.08,2362500.0,14
800 Villas,800-villas,2024-08,Aug 2024,11,1141.76,1044.68,1208.4,2450000.0,11
800 Villas,800-villas,2024-09,Sep 2024,9,1132.51,1026.76,1166.53,2750000.0,9
800 Villas,800-villas,2024-10,Oct 2024,15,1161.73,1114.66,1196.84,2600000.0,15
800 Villas,800-villas,2024-11,Nov 2024,9,1184.85,996.55,1271.62,2600000.0,9
800 Villas,800-villas,2024-12,Dec 2024,9,1180.91,1092.62,1246.96,2750000.0,9
800 Villas,800-villas,2025-01,Jan 2025,7,1179.61,1037.12,1225.07,3300000.0,7
800 Villas,800-villas,2025-02,Feb 2025,13,1184.85,1045.2,1238.71,2800000.0,13
800 Villas,800-villas,2025-03,Mar 2025,12,1313.13,1201.99,1358.28,2735000.0,12
800 Villas,800-villas,2025-04,Apr 2025,17,1179.61,1075.38,1264.75,2750000.0,17
800 Villas,800-villas,2025-05,May 2025,14,1174.49,1089.87,1270.62,2725000.0,14
800 Villas,800-villas,2025-06,Jun 2025,11,1238.71,1175.93,1284.34,3300000.0,11
800 Villas,800-villas,2025-07,Jul 2025,13,1164.26,1152.8,1341.74,2700000.0,13
800 Villas,800-villas,2025-08,Aug 2025,6,1249.43,1220.03,1305.92,2675000.0,6
800 Villas,800-villas,2025-09,Sep 2025,11,1290.85,1242.66,1306.29,2700000.0,11
800 Villas,800-villas,2025-10,Oct 2025,9,1317.28,1165.21,1342.53,2900000.0,9
800 Villas,800-villas,2025-11,Nov 2025,3,,,,,3
800 Villas,800-villas,2025-12,Dec 2025,4,,,,,4
800 Villas,800-villas,2026-01,Jan 2026,10,1233.96,1193.18,1279.56,3200000.0,10
800 Villas,800-villas,2026-02,Feb 2026,4,,,,,4
800 Villas,800-villas,2026-03,Mar 2026,12,1387.69,1339.64,1433.12,2875000.0,12
800 Villas,800-villas,2026-04,Apr 2026,6,1308.87,1108.59,1392.0,3637500.0,6
800 Villas,800-villas,2026-05,May 2026,5,1254.17,1251.08,1357.67,2950000.0,5
800 Villas,800-villas,2026-06,Jun 2026,5,1144.37,1098.66,1200.61,3150000.0,5
800 Villas,800-villas,2026-07,Jul 2026,8,1241.99,1145.04,1298.92,3245000.0,8
800 Villas,800-villas,2026-08,Aug 2026,0,,,,,0
Arabian Ranches II,arabian-ranches-ii,2021-09,Sep 2021,0,,,,,0
Arabian Ranches II,arabian-ranches-ii,2021-10,Oct 2021,0,,,,,0
Arabian Ranches II,arabian-ranches-ii,2021-11,Nov 2021,0,,,,,0
Arabian Ranches II,arabian-ranches-ii,2021-12,Dec 2021,0,,,,,0
Arabian Ranches II,arabian-ranches-ii,2022-01,Jan 2022,0,,,,,0
Arabian Ranches II,arabian-ranches-ii,2022-02,Feb 2022,0,,,,,0
Arabian Ranches II,arabian-ranches-ii,2022-03,Mar 2022,0,,,,,0
Arabian Ranches II,arabian-ranches-ii,2022-04,Apr 2022,0,,,,,0
Arabian Ranches II,arabian-ranches-ii,2022-05,May 2022,0,,,,,0
Arabian Ranches II,arabian-ranches-ii,2022-06,Jun 2022,0,,,,,0
Arabian Ranches II,arabian-ranches-ii,2022-07,Jul 2022,0,,,,,0
Arabian Ranches II,arabian-ranches-ii,2022-08,Aug 2022,0,,,,,0
Arabian Ranches II,arabian-ranches-ii,2022-09,Sep 2022,0,,,,,0
Arabian Ranches II,arabian-ranches-ii,2022-10,Oct 2022,0,,,,,0
Arabian Ranches II,arabian-ranches-ii,2022-11,Nov 2022,0,,,,,0
Arabian Ranches II,arabian-ranches-ii,2022-12,Dec 2022,0,,,,,0
Arabian Ranches II,arabian-ranches-ii,2023-01,Jan 2023,0,,,,,0
Arabian Ranches II,arabian-ranches-ii,2023-02,Feb 2023,0,,,,,0
Arabian Ranches II,arabian-ranches-ii,2023-03,Mar 2023,0,,,,,0
Arabian Ranches II,arabian-ranches-ii,2023-04,Apr 2023,0,,,,,0
Arabian Ranches II,arabian-ranches-ii,2023-05,May 2023,0,,,,,0
Arabian Ranches II,arabian-ranches-ii,2023-06,Jun 2023,0,,,,,0
Arabian Ranches II,arabian-ranches-ii,2023-07,Jul 2023,0,,,,,0
Arabian Ranches II,arabian-ranches-ii,2023-08,Aug 2023,0,,,,,0
Arabian Ranches II,arabian-ranches-ii,2023-09,Sep 2023,0,,,,,0
Arabian Ranches II,arabian-ranches-ii,2023-10,Oct 2023,0,,,,,0
Arabian Ranches II,arabian-ranches-ii,2023-11,Nov 2023,0,,,,,0
Arabian Ranches II,arabian-ranches-ii,2023-12,Dec 2023,0,,,,,0
Arabian Ranches II,arabian-ranches-ii,2024-01,Jan 2024,0,,,,,0
Arabian Ranches II,arabian-ranches-ii,2024-02,Feb 2024,0,,,,,0
Arabian Ranches II,arabian-ranches-ii,2024-03,Mar 2024,0,,,,,0
Arabian Ranches II,arabian-ranches-ii,2024-04,Apr 2024,0,,,,,0
Arabian Ranches II,arabian-ranches-ii,2024-05,May 2024,0,,,,,0
Arabian Ranches II,arabian-ranches-ii,2024-06,Jun 2024,0,,,,,0
Arabian Ranches II,arabian-ranches-ii,2024-07,Jul 2024,0,,,,,0
Arabian Ranches II,arabian-ranches-ii,2024-08,Aug 2024,0,,,,,0
Arabian Ranches II,arabian-ranches-ii,2024-09,Sep 2024,0,,,,,0
Arabian Ranches II,arabian-ranches-ii,2024-10,Oct 2024,0,,,,,0
Arabian Ranches II,arabian-ranches-ii,2024-11,Nov 2024,0,,,,,0
Arabian Ranches II,arabian-ranches-ii,2024-12,Dec 2024,0,,,,,0
Arabian Ranches II,arabian-ranches-ii,2025-01,Jan 2025,0,,,,,0
Arabian Ranches II,arabian-ranches-ii,2025-02,Feb 2025,0,,,,,0
Arabian Ranches II,arabian-ranches-ii,2025-03,Mar 2025,0,,,,,0
Arabian Ranches II,arabian-ranches-ii,2025-04,Apr 2025,0,,,,,0
Arabian Ranches II,arabian-ranches-ii,2025-05,May 2025,0,,,,,0
Arabian Ranches II,arabian-ranches-ii,2025-06,Jun 2025,0,,,,,0
Arabian Ranches II,arabian-ranches-ii,2025-07,Jul 2025,0,,,,,0
Arabian Ranches II,arabian-ranches-ii,2025-08,Aug 2025,0,,,,,0
Arabian Ranches II,arabian-ranches-ii,2025-09,Sep 2025,0,,,,,0
Arabian Ranches II,arabian-ranches-ii,2025-10,Oct 2025,0,,,,,0
Arabian Ranches II,arabian-ranches-ii,2025-11,Nov 2025,0,,,,,0
Arabian Ranches II,arabian-ranches-ii,2025-12,Dec 2025,0,,,,,3
Arabian Ranches II,arabian-ranches-ii,2026-01,Jan 2026,1,,,,6650000.0,7
Arabian Ranches II,arabian-ranches-ii,2026-02,Feb 2026,2,,,,6207500.0,10
Arabian Ranches II,arabian-ranches-ii,2026-03,Mar 2026,3,,,,6650000.0,8
Arabian Ranches II,arabian-ranches-ii,2026-04,Apr 2026,3,,,,4950000.0,5
Arabian Ranches II,arabian-ranches-ii,2026-05,May 2026,0,,,,,2
Arabian Ranches II,arabian-ranches-ii,2026-06,Jun 2026,4,,,,4580000.0,9
Arabian Ranches II,arabian-ranches-ii,2026-07,Jul 2026,3,,,,5549999.5,8
Arabian Ranches II,arabian-ranches-ii,2026-08,Aug 2026,4,,,,5600000.0,13
Garden View,garden-view,2021-09,Sep 2021,0,,,,,0
Garden View,garden-view,2021-10,Oct 2021,0,,,,,0
Garden View,garden-view,2021-11,Nov 2021,0,,,,,0
Garden View,garden-view,2021-12,Dec 2021,0,,,,,0
Garden View,garden-view,2022-01,Jan 2022,0,,,,,0
Garden View,garden-view,2022-02,Feb 2022,0,,,,,0
Garden View,garden-view,2022-03,Mar 2022,0,,,,,0
Garden View,garden-view,2022-04,Apr 2022,0,,,,,0
Garden View,garden-view,2022-05,May 2022,0,,,,,0
Garden View,garden-view,2022-06,Jun 2022,0,,,,,0
Garden View,garden-view,2022-07,Jul 2022,0,,,,,0
Garden View,garden-view,2022-08,Aug 2022,0,,,,,0
Garden View,garden-view,2022-09,Sep 2022,0,,,,,0
Garden View,garden-view,2022-10,Oct 2022,0,,,,,0
Garden View,garden-view,2022-11,Nov 2022,0,,,,,0
Garden View,garden-view,2022-12,Dec 2022,0,,,,,0
Garden View,garden-view,2023-01,Jan 2023,0,,,,,0
Garden View,garden-view,2023-02,Feb 2023,0,,,,,0
Garden View,garden-view,2023-03,Mar 2023,0,,,,,0
Garden View,garden-view,2023-04,Apr 2023,0,,,,,0
Garden View,garden-view,2023-05,May 2023,0,,,,,0
Garden View,garden-view,2023-06,Jun 2023,0,,,,,0
Garden View,garden-view,2023-07,Jul 2023,0,,,,,0
Garden View,garden-view,2023-08,Aug 2023,0,,,,,0
Garden View,garden-view,2023-09,Sep 2023,0,,,,,0
Garden View,garden-view,2023-10,Oct 2023,0,,,,,0
Garden View,garden-view,2023-11,Nov 2023,0,,,,,0
Garden View,garden-view,2023-12,Dec 2023,0,,,,,0
Garden View,garden-view,2024-01,Jan 2024,0,,,,,0
Garden View,garden-view,2024-02,Feb 2024,0,,,,,0
Garden View,garden-view,2024-03,Mar 2024,0,,,,,0
Garden View,garden-view,2024-04,Apr 2024,0,,,,,0
Garden View,garden-view,2024-05,May 2024,0,,,,,0
Garden View,garden-view,2024-06,Jun 2024,0,,,,,0
Garden View,garden-view,2024-07,Jul 2024,0,,,,,0
Garden View,garden-view,2024-08,Aug 2024,0,,,,,0
Garden View,garden-view,2024-09,Sep 2024,0,,,,,0
Garden View,garden-view,2024-10,Oct 2024,0,,,,,0
Garden View,garden-view,2024-11,Nov 2024,0,,,,,0
Garden View,garden-view,2024-12,Dec 2024,0,,,,,0
Garden View,garden-view,2025-01,Jan 2025,0,,,,,0
Garden View,garden-view,2025-02,Feb 2025,0,,,,,0
Garden View,garden-view,2025-03,Mar 2025,0,,,,,0
Garden View,garden-view,2025-04,Apr 2025,0,,,,,0
Garden View,garden-view,2025-05,May 2025,0,,,,,0
Garden View,garden-view,2025-06,Jun 2025,0,,,,,0
Garden View,garden-view,2025-07,Jul 2025,0,,,,,0
Garden View,garden-view,2025-08,Aug 2025,0,,,,,0
Garden View,garden-view,2025-09,Sep 2025,0,,,,,0
Garden View,garden-view,2025-10,Oct 2025,0,,,,,0
Garden View,garden-view,2025-11,Nov 2025,0,,,,,0
Garden View,garden-view,2025-12,Dec 2025,0,,,,,0
Garden View,garden-view,2026-01,Jan 2026,0,,,,,0
Garden View,garden-view,2026-02,Feb 2026,0,,,,645535.0,55
Garden View,garden-view,2026-03,Mar 2026,0,,,,,0
Garden View,garden-view,2026-04,Apr 2026,0,,,,,0
Garden View,garden-view,2026-05,May 2026,0,,,,,0
Garden View,garden-view,2026-06,Jun 2026,0,,,,,0
Garden View,garden-view,2026-07,Jul 2026,0,,,,,0
Garden View,garden-view,2026-08,Aug 2026,0,,,,,0
Springs - 2,springs-2,2021-09,Sep 2021,6,815.5,695.71,898.88,2405000.0,6
Springs - 2,springs-2,2021-10,Oct 2021,5,687.45,657.99,796.5,2600000.0,5
Springs - 2,springs-2,2021-11,Nov 2021,3,,,,,3
Springs - 2,springs-2,2021-12,Dec 2021,3,,,,,3
Springs - 2,springs-2,2022-01,Jan 2022,6,805.64,743.8,949.82,2715000.0,6
Springs - 2,springs-2,2022-02,Feb 2022,2,,,,,2
Springs - 2,springs-2,2022-03,Mar 2022,12,718.27,608.25,835.17,2050000.0,12
Springs - 2,springs-2,2022-04,Apr 2022,6,853.45,677.73,918.98,2930000.0,6
Springs - 2,springs-2,2022-05,May 2022,7,715.15,689.92,959.84,2050000.0,7
Springs - 2,springs-2,2022-06,Jun 2022,14,878.74,771.69,944.5,2432500.0,14
Springs - 2,springs-2,2022-07,Jul 2022,3,,,,,3
Springs - 2,springs-2,2022-08,Aug 2022,10,906.09,771.17,966.22,2500000.0,10
Springs - 2,springs-2,2022-09,Sep 2022,7,829.4,765.49,901.24,2650000.0,7
Springs - 2,springs-2,2022-10,Oct 2022,7,821.32,711.06,928.59,1900000.0,7
Springs - 2,springs-2,2022-11,Nov 2022,4,,,,,4
Springs - 2,springs-2,2022-12,Dec 2022,4,,,,,4
Springs - 2,springs-2,2023-01,Jan 2023,4,,,,,4
Springs - 2,springs-2,2023-02,Feb 2023,4,,,,,4
Springs - 2,springs-2,2023-03,Mar 2023,8,741.31,716.4,846.4,2850000.0,8
Springs - 2,springs-2,2023-04,Apr 2023,5,1048.68,897.48,1088.76,2100000.0,5
Springs - 2,springs-2,2023-05,May 2023,7,831.86,774.61,958.3,3025000.0,7
Springs - 2,springs-2,2023-06,Jun 2023,9,911.89,849.7,969.42,2750000.0,9
Springs - 2,springs-2,2023-07,Jul 2023,9,1138.34,987.24,1178.56,2850000.0,9
Springs - 2,springs-2,2023-08,Aug 2023,11,1189.09,961.62,1332.94,3400000.0,11
Springs - 2,springs-2,2023-09,Sep 2023,6,1143.54,1102.2,1204.24,2802500.0,6
Springs - 2,springs-2,2023-10,Oct 2023,10,1109.33,1070.31,1157.15,3025000.0,10
Springs - 2,springs-2,2023-11,Nov 2023,11,1236.17,1134.54,1330.49,3277500.0,12
Springs - 2,springs-2,2023-12,Dec 2023,11,1114.67,904.29,1213.44,3300000.0,11
Springs - 2,springs-2,2024-01,Jan 2024,8,1088.29,994.95,1218.19,3262500.0,8
Springs - 2,springs-2,2024-02,Feb 2024,6,1396.42,1371.89,1420.48,2775000.0,6
Springs - 2,springs-2,2024-03,Mar 2024,4,,,,,4
Springs - 2,springs-2,2024-04,Apr 2024,7,1314.11,1124.74,1375.41,2960000.0,7
Springs - 2,springs-2,2024-05,May 2024,11,1105.94,979.72,1372.97,3275000.0,11
Springs - 2,springs-2,2024-06,Jun 2024,10,1145.89,1002.54,1437.3,3875000.0,10
Springs - 2,springs-2,2024-07,Jul 2024,11,1083.72,1040.84,1219.54,3835000.0,11
Springs - 2,springs-2,2024-08,Aug 2024,3,,,,,3
Springs - 2,springs-2,2024-09,Sep 2024,6,1524.13,1454.17,1604.52,3887500.0,6
Springs - 2,springs-2,2024-10,Oct 2024,14,1399.31,1166.39,1682.1,2997500.0,14
Springs - 2,springs-2,2024-11,Nov 2024,9,1395.64,1077.32,1665.66,3575000.0,9
Springs - 2,springs-2,2024-12,Dec 2024,2,,,,,2
Springs - 2,springs-2,2025-01,Jan 2025,9,1446.78,1359.78,1464.38,3100000.0,9
Springs - 2,springs-2,2025-02,Feb 2025,4,,,,,4
Springs - 2,springs-2,2025-03,Mar 2025,6,1744.15,1651.23,1848.27,4240000.0,6
Springs - 2,springs-2,2025-04,Apr 2025,9,1491.11,1400.49,1762.46,4350000.0,9
Springs - 2,springs-2,2025-05,May 2025,7,1675.9,1216.82,1707.4,4600000.0,7
Springs - 2,springs-2,2025-06,Jun 2025,6,1690.45,1542.35,1782.3,4657500.0,6
Springs - 2,springs-2,2025-07,Jul 2025,6,1513.42,1398.54,1726.08,4115000.0,6
Springs - 2,springs-2,2025-08,Aug 2025,6,1536.5,1357.4,1667.56,5124999.5,6
Springs - 2,springs-2,2025-09,Sep 2025,11,1434.38,1256.67,1729.28,4300000.0,11
Springs - 2,springs-2,2025-10,Oct 2025,8,1498.39,1066.58,1802.97,4325000.0,8
Springs - 2,springs-2,2025-11,Nov 2025,13,1710.99,1450.64,1777.28,3700000.0,13
Springs - 2,springs-2,2025-12,Dec 2025,10,1676.25,1530.64,1848.17,4050000.0,10
Springs - 2,springs-2,2026-01,Jan 2026,7,1883.3,1806.2,1901.55,4250000.0,7
Springs - 2,springs-2,2026-02,Feb 2026,0,,,,,0
Springs - 2,springs-2,2026-03,Mar 2026,0,,,,,0
Springs - 2,springs-2,2026-04,Apr 2026,0,,,,,0
Springs - 2,springs-2,2026-05,May 2026,0,,,,,0
Springs - 2,springs-2,2026-06,Jun 2026,0,,,,,0
Springs - 2,springs-2,2026-07,Jul 2026,0,,,,,0
Springs - 2,springs-2,2026-08,Aug 2026,0,,,,,0
Madinat Badr,madinat-badr,2021-09,Sep 2021,37,1127.14,1088.98,1150.69,1519800.0,37
Madinat Badr,madinat-badr,2021-10,Oct 2021,71,1126.3,1084.53,1152.27,1498800.0,71
Madinat Badr,madinat-badr,2021-11,Nov 2021,58,1131.7,1085.6,1155.48,1112418.0,58
Madinat Badr,madinat-badr,2021-12,Dec 2021,40,1132.32,1101.66,1156.72,1504300.0,40
Madinat Badr,madinat-badr,2022-01,Jan 2022,55,1156.11,1037.17,1203.59,1638840.0,55
Madinat Badr,madinat-badr,2022-02,Feb 2022,98,1143.43,1110.97,1177.94,1529800.0,98
Madinat Badr,madinat-badr,2022-03,Mar 2022,89,1160.23,1076.37,1182.85,1616790.0,89
Madinat Badr,madinat-badr,2022-04,Apr 2022,46,1142.04,1096.37,1197.54,1498800.0,46
Madinat Badr,madinat-badr,2022-05,May 2022,14,1125.54,1071.31,1153.87,1311045.0,14
Madinat Badr,madinat-badr,2022-06,Jun 2022,17,1151.38,1090.09,1191.48,1210880.0,17
Madinat Badr,madinat-badr,2022-07,Jul 2022,6,1164.17,1151.3,1186.66,1637760.0,6
Madinat Badr,madinat-badr,2022-08,Aug 2022,18,1147.49,1117.21,1191.0,1166330.0,18
Madinat Badr,madinat-badr,2022-09,Sep 2022,2,,,,,2
Madinat Badr,madinat-badr,2022-10,Oct 2022,5,1159.99,1155.53,1173.67,1627290.0,5
Madinat Badr,madinat-badr,2022-11,Nov 2022,39,1268.73,1165.15,1312.53,1781596.0,39
Madinat Badr,madinat-badr,2022-12,Dec 2022,11,1248.16,1215.72,1310.63,1253020.0,11
Madinat Badr,madinat-badr,2023-01,Jan 2023,28,1297.82,1195.58,1326.14,1747457.0,28
Madinat Badr,madinat-badr,2023-02,Feb 2023,6,1322.83,1297.75,1337.81,1764466.0,6
Madinat Badr,madinat-badr,2023-03,Mar 2023,15,1316.44,1225.69,1341.24,1764466.0,15
Madinat Badr,madinat-badr,2023-04,Apr 2023,5,1291.43,1219.31,1357.94,1206178.0,5
Madinat Badr,madinat-badr,2023-05,May 2023,11,1303.99,1245.92,1317.63,1730204.0,11
Madinat Badr,madinat-badr,2023-06,Jun 2023,9,1250.03,1249.66,1266.75,2031250.0,9
Madinat Badr,madinat-badr,2023-07,Jul 2023,15,1249.98,1242.97,1292.68,1708750.0,15
Madinat Badr,madinat-badr,2023-08,Aug 2023,2,,,,,2
Madinat Badr,madinat-badr,2023-09,Sep 2023,3,,,,,3
Madinat Badr,madinat-badr,2023-10,Oct 2023,9,1335.44,1299.95,1411.74,1310400.0,9
Madinat Badr,madinat-badr,2023-11,Nov 2023,7,1250.1,1212.61,1400.88,1817500.0,7
Madinat Badr,madinat-badr,2023-12,Dec 2023,6,1358.83,1135.14,1435.33,1315051.0,6
Madinat Badr,madinat-badr,2024-01,Jan 2024,7,1169.85,1039.82,1193.24,1494720.0,7
Madinat Badr,madinat-badr,2024-02,Feb 2024,2,,,,,2
Madinat Badr,madinat-badr,2024-03,Mar 2024,3,,,,,3
Madinat Badr,madinat-badr,2024-04,Apr 2024,2,,,,,2
Madinat Badr,madinat-badr,2024-05,May 2024,4,,,,,4
Madinat Badr,madinat-badr,2024-06,Jun 2024,4,,,,,4
Madinat Badr,madinat-badr,2024-07,Jul 2024,1,,,,,1
Madinat Badr,madinat-badr,2024-08,Aug 2024,5,1385.76,1258.56,1413.13,1800000.0,5
Madinat Badr,madinat-badr,2024-09,Sep 2024,2,,,,,2
Madinat Badr,madinat-badr,2024-10,Oct 2024,6,1264.78,1201.86,1304.28,1216913.0,6
Madinat Badr,madinat-badr,2024-11,Nov 2024,2,,,,,2
Madinat Badr,madinat-badr,2024-12,Dec 2024,6,1263.52,1218.32,1324.19,1267500.0,6
Madinat Badr,madinat-badr,2025-01,Jan 2025,2,,,,,2
Madinat Badr,madinat-badr,2025-02,Feb 2025,5,1230.2,1210.63,1289.35,1722219.0,5
Madinat Badr,madinat-badr,2025-03,Mar 2025,3,,,,,3
Madinat Badr,madinat-badr,2025-04,Apr 2025,3,,,,,3
Madinat Badr,madinat-badr,2025-05,May 2025,7,1264.17,1195.04,1495.32,2008000.0,7
Madinat Badr,madinat-badr,2025-06,Jun 2025,2,,,,,2
Madinat Badr,madinat-badr,2025-07,Jul 2025,10,1327.31,1279.14,1397.72,1267500.0,10
Madinat Badr,madinat-badr,2025-08,Aug 2025,3,,,,,3
Madinat Badr,madinat-badr,2025-09,Sep 2025,3,,,,,3
Madinat Badr,madinat-badr,2025-10,Oct 2025,5,1399.99,1372.85,1437.27,2100000.0,5
Madinat Badr,madinat-badr,2025-11,Nov 2025,8,1257.73,1118.52,1363.68,1362344.0,8
Madinat Badr,madinat-badr,2025-12,Dec 2025,2,,,,,2
Madinat Badr,madinat-badr,2026-01,Jan 2026,8,1354.41,1286.25,1412.48,1667404.0,8
Madinat Badr,madinat-badr,2026-02,Feb 2026,4,,,,,4
Madinat Badr,madinat-badr,2026-03,Mar 2026,1,,,,,1
Madinat Badr,madinat-badr,2026-04,Apr 2026,5,1378.35,1372.49,1405.73,1900000.0,5
Madinat Badr,madinat-badr,2026-05,May 2026,1,,,,,1
Madinat Badr,madinat-badr,2026-06,Jun 2026,3,,,,,3
Madinat Badr,madinat-badr,2026-07,Jul 2026,7,1381.13,1333.09,1415.05,1900000.0,7
Madinat Badr,madinat-badr,2026-08,Aug 2026,1,,,,,1
DMCC-EZ1,dmcc-ez1,2024-01,Jan 2024,17,3027.09,2739.83,3234.01,2968130.0,17
DMCC-EZ1,dmcc-ez1,2024-02,Feb 2024,45,3066.39,2830.35,3281.74,2819230.0,45
DMCC-EZ1,dmcc-ez1,2024-03,Mar 2024,31,3109.69,2908.4,3306.09,2611408.0,31
DMCC-EZ1,dmcc-ez1,2024-04,Apr 2024,13,3088.8,2909.05,3147.72,2583821.0,13
DMCC-EZ1,dmcc-ez1,2024-05,May 2024,17,3147.08,2971.34,3276.59,2668775.0,17
DMCC-EZ1,dmcc-ez1,2024-06,Jun 2024,13,3256.87,3017.33,3543.37,2790671.0,12
DMCC-EZ1,dmcc-ez1,2024-07,Jul 2024,40,2434.14,2334.95,2663.79,2689960.5,40
DMCC-EZ1,dmcc-ez1,2024-08,Aug 2024,134,2486.93,2296.02,2618.54,2641828.0,133
DMCC-EZ1,dmcc-ez1,2024-09,Sep 2024,115,2281.18,2100.37,2517.21,2645005.0,115
DMCC-EZ1,dmcc-ez1,2024-10,Oct 2024,88,2551.91,2321.94,2627.95,2702248.5,88
DMCC-EZ1,dmcc-ez1,2024-11,Nov 2024,44,2489.46,2317.62,2764.6,2624595.0,44
DMCC-EZ1,dmcc-ez1,2024-12,Dec 2024,81,2701.76,2558.17,2813.1,2627804.0,81
DMCC-EZ1,dmcc-ez1,2025-01,Jan 2025,39,2743.49,2566.12,3144.64,3297509.0,39
DMCC-EZ1,dmcc-ez1,2025-02,Feb 2025,36,2579.58,2456.03,2672.99,3547581.5,36
DMCC-EZ1,dmcc-ez1,2025-03,Mar 2025,43,2567.28,2432.28,2773.75,3073414.0,42
DMCC-EZ1,dmcc-ez1,2025-04,Apr 2025,15,2717.71,2524.38,2875.15,3919000.0,15
DMCC-EZ1,dmcc-ez1,2025-05,May 2025,25,2438.33,2343.88,2557.11,3635828.0,25
DMCC-EZ1,dmcc-ez1,2025-06,Jun 2025,17,2840.8,2698.87,3332.57,3689828.0,17
DMCC-EZ1,dmcc-ez1,2025-07,Jul 2025,9,2764.61,2634.94,2921.19,3535499.0,9
DMCC-EZ1,dmcc-ez1,2025-08,Aug 2025,8,2985.45,2793.28,3115.48,3980631.5,8
DMCC-EZ1,dmcc-ez1,2025-09,Sep 2025,18,2501.01,2361.21,2782.22,3707328.0,20
DMCC-EZ1,dmcc-ez1,2025-10,Oct 2025,7,2736.99,2637.5,2751.35,2802828.0,9
DMCC-EZ1,dmcc-ez1,2025-11,Nov 2025,11,2660.15,2528.52,3064.27,2500000.0,11
DMCC-EZ1,dmcc-ez1,2025-12,Dec 2025,5,3172.63,3077.75,3191.6,3554828.0,5
DMCC-EZ1,dmcc-ez1,2026-01,Jan 2026,2,,,,,2
DMCC-EZ1,dmcc-ez1,2026-02,Feb 2026,0,,,,,0
DMCC-EZ1,dmcc-ez1,2026-03,Mar 2026,0,,,,,0
DMCC-EZ1,dmcc-ez1,2026-04,Apr 2026,0,,,,,0
DMCC-EZ1,dmcc-ez1,2026-05,May 2026,0,,,,,0
DMCC-EZ1,dmcc-ez1,2026-06,Jun 2026,0,,,,,0
DMCC-EZ1,dmcc-ez1,2026-07,Jul 2026,0,,,,,0
DMCC-EZ1,dmcc-ez1,2026-08,Aug 2026,0,,,,,0
Springs - 1,springs-1,2021-09,Sep 2021,13,667.94,624.15,983.87,2500000.0,13
Springs - 1,springs-1,2021-10,Oct 2021,10,789.06,665.17,869.01,2600000.0,10
Springs - 1,springs-1,2021-11,Nov 2021,10,843.63,672.05,907.64,2462500.0,10
Springs - 1,springs-1,2021-12,Dec 2021,9,764.3,731.77,829.17,2500000.0,9
Springs - 1,springs-1,2022-01,Jan 2022,17,918.34,810.59,1065.61,2460000.0,17
Springs - 1,springs-1,2022-02,Feb 2022,8,931.96,612.9,943.61,2050000.0,7
Springs - 1,springs-1,2022-03,Mar 2022,8,813.47,736.39,1093.99,2337500.0,8
Springs - 1,springs-1,2022-04,Apr 2022,11,837.75,767.72,926.59,2500000.0,11
Springs - 1,springs-1,2022-05,May 2022,17,765.36,731.95,1006.85,2400000.0,17
Springs - 1,springs-1,2022-06,Jun 2022,18,829.3,672.73,923.77,2500000.0,19
Springs - 1,springs-1,2022-07,Jul 2022,16,848.18,771.86,1032.44,2900000.0,16
Springs - 1,springs-1,2022-08,Aug 2022,17,943.1,784.68,1013.45,2600000.0,17
Springs - 1,springs-1,2022-09,Sep 2022,9,774.62,740.36,862.8,2150000.0,9
Springs - 1,springs-1,2022-10,Oct 2022,6,1032.37,966.03,1206.05,3500000.0,6
Springs - 1,springs-1,2022-11,Nov 2022,4,,,,,4
Springs - 1,springs-1,2022-12,Dec 2022,16,864.44,750.78,1036.88,2500000.0,16
Springs - 1,springs-1,2023-01,Jan 2023,7,958.22,820.83,979.67,2700000.0,7
Springs - 1,springs-1,2023-02,Feb 2023,12,855.7,806.5,965.5,2400000.0,12
Springs - 1,springs-1,2023-03,Mar 2023,12,1100.49,977.88,1216.38,3325000.0,12
Springs - 1,springs-1,2023-04,Apr 2023,5,1046.61,1044.54,1101.66,3970000.0,5
Springs - 1,springs-1,2023-05,May 2023,12,1038.91,997.27,1210.75,2882500.0,12
Springs - 1,springs-1,2023-06,Jun 2023,14,1157.5,1068.26,1289.47,3225000.0,14
Springs - 1,springs-1,2023-07,Jul 2023,10,1050.67,999.05,1197.42,2900000.0,10
Springs - 1,springs-1,2023-08,Aug 2023,17,1137.95,1029.6,1293.25,3120000.0,17
Springs - 1,springs-1,2023-09,Sep 2023,8,956.86,815.71,1151.32,3125000.0,8
Springs - 1,springs-1,2023-10,Oct 2023,14,1133.29,982.94,1268.22,3467500.0,14
Springs - 1,springs-1,2023-11,Nov 2023,16,1138.87,1006.57,1253.15,3500000.0,16
Springs - 1,springs-1,2023-12,Dec 2023,7,1184.58,1145.96,1489.23,2650000.0,7
Springs - 1,springs-1,2024-01,Jan 2024,5,805.52,788.43,968.55,3000000.0,5
Springs - 1,springs-1,2024-02,Feb 2024,9,1262.69,880.76,1326.98,3500000.0,9
Springs - 1,springs-1,2024-03,Mar 2024,17,1130.93,1035.02,1402.82,3600000.0,17
Springs - 1,springs-1,2024-04,Apr 2024,9,1201.14,955.93,1474.42,4050000.0,9
Springs - 1,springs-1,2024-05,May 2024,16,1305.7,1145.9,1395.91,4010000.0,16
Springs - 1,springs-1,2024-06,Jun 2024,10,1269.65,1013.28,1569.53,4650000.0,10
Springs - 1,springs-1,2024-07,Jul 2024,16,1344.06,1153.9,1570.52,4125000.0,16
Springs - 1,springs-1,2024-08,Aug 2024,15,1493.68,1101.0,1559.14,4200000.0,15
Springs - 1,springs-1,2024-09,Sep 2024,19,1227.3,1063.05,1419.55,3740000.0,19
Springs - 1,springs-1,2024-10,Oct 2024,11,1200.84,1091.34,1501.76,3400000.0,11
Springs - 1,springs-1,2024-11,Nov 2024,8,1279.42,1128.7,1337.71,3462500.0,8
Springs - 1,springs-1,2024-12,Dec 2024,10,1487.36,1263.95,1595.2,4225000.0,10
Springs - 1,springs-1,2025-01,Jan 2025,12,1456.43,1342.86,1658.57,4650000.0,12
Springs - 1,springs-1,2025-02,Feb 2025,14,1449.17,1283.21,1562.64,3300000.0,14
Springs - 1,springs-1,2025-03,Mar 2025,12,1598.8,1266.52,1821.71,4840000.0,12
Springs - 1,springs-1,2025-04,Apr 2025,15,1271.37,1176.87,1633.7,4000000.0,15
Springs - 1,springs-1,2025-05,May 2025,11,1620.0,1535.09,1756.99,4950000.0,11
Springs - 1,springs-1,2025-06,Jun 2025,20,1604.03,1324.46,1802.76,4725000.0,20
Springs - 1,springs-1,2025-07,Jul 2025,8,1411.74,1351.92,1607.07,4675000.0,8
Springs - 1,springs-1,2025-08,Aug 2025,9,1532.8,1307.5,1625.67,4400000.0,9
Springs - 1,springs-1,2025-09,Sep 2025,14,1623.54,1461.45,1795.32,4237500.0,14
Springs - 1,springs-1,2025-10,Oct 2025,10,1589.05,1409.95,1767.19,4995000.0,10
Springs - 1,springs-1,2025-11,Nov 2025,11,1830.76,1578.69,2087.03,5500000.0,11
Springs - 1,springs-1,2025-12,Dec 2025,10,1560.89,1345.81,1774.17,3725000.0,10
Springs - 1,springs-1,2026-01,Jan 2026,2,,,,,2
Springs - 1,springs-1,2026-02,Feb 2026,0,,,,,0
Springs - 1,springs-1,2026-03,Mar 2026,0,,,,,0
Springs - 1,springs-1,2026-04,Apr 2026,0,,,,,0
Springs - 1,springs-1,2026-05,May 2026,0,,,,,0
Springs - 1,springs-1,2026-06,Jun 2026,0,,,,,0
Springs - 1,springs-1,2026-07,Jul 2026,0,,,,,0
Springs - 1,springs-1,2026-08,Aug 2026,0,,,,,0
Al Khawaneej Labour City,al-khawaneej-labour-city,2021-09,Sep 2021,0,,,,,0
Al Khawaneej Labour City,al-khawaneej-labour-city,2021-10,Oct 2021,0,,,,,0
Al Khawaneej Labour City,al-khawaneej-labour-city,2021-11,Nov 2021,0,,,,,0
Al Khawaneej Labour City,al-khawaneej-labour-city,2021-12,Dec 2021,0,,,,,1
Al Khawaneej Labour City,al-khawaneej-labour-city,2022-01,Jan 2022,0,,,,,0
Al Khawaneej Labour City,al-khawaneej-labour-city,2022-02,Feb 2022,0,,,,,0
Al Khawaneej Labour City,al-khawaneej-labour-city,2022-03,Mar 2022,0,,,,,0
Al Khawaneej Labour City,al-khawaneej-labour-city,2022-04,Apr 2022,0,,,,,0
Al Khawaneej Labour City,al-khawaneej-labour-city,2022-05,May 2022,0,,,,,0
Al Khawaneej Labour City,al-khawaneej-labour-city,2022-06,Jun 2022,0,,,,,1
Al Khawaneej Labour City,al-khawaneej-labour-city,2022-07,Jul 2022,0,,,,,0
Al Khawaneej Labour City,al-khawaneej-labour-city,2022-08,Aug 2022,0,,,,,0
Al Khawaneej Labour City,al-khawaneej-labour-city,2022-09,Sep 2022,0,,,,,0
Al Khawaneej Labour City,al-khawaneej-labour-city,2022-10,Oct 2022,0,,,,,0
Al Khawaneej Labour City,al-khawaneej-labour-city,2022-11,Nov 2022,0,,,,,0
Al Khawaneej Labour City,al-khawaneej-labour-city,2022-12,Dec 2022,0,,,,,0
Al Khawaneej Labour City,al-khawaneej-labour-city,2023-01,Jan 2023,0,,,,,0
Al Khawaneej Labour City,al-khawaneej-labour-city,2023-02,Feb 2023,0,,,,,0
Al Khawaneej Labour City,al-khawaneej-labour-city,2023-03,Mar 2023,0,,,,,0
Al Khawaneej Labour City,al-khawaneej-labour-city,2023-04,Apr 2023,0,,,,,0
Al Khawaneej Labour City,al-khawaneej-labour-city,2023-05,May 2023,0,,,,,0
Al Khawaneej Labour City,al-khawaneej-labour-city,2023-06,Jun 2023,0,,,,,0
Al Khawaneej Labour City,al-khawaneej-labour-city,2023-07,Jul 2023,0,,,,,0
Al Khawaneej Labour City,al-khawaneej-labour-city,2023-08,Aug 2023,0,,,,,0
Al Khawaneej Labour City,al-khawaneej-labour-city,2023-09,Sep 2023,0,,,,,0
Al Khawaneej Labour City,al-khawaneej-labour-city,2023-10,Oct 2023,0,,,,,0
Al Khawaneej Labour City,al-khawaneej-labour-city,2023-11,Nov 2023,0,,,,,0
Al Khawaneej Labour City,al-khawaneej-labour-city,2023-12,Dec 2023,0,,,,,0
Al Khawaneej Labour City,al-khawaneej-labour-city,2024-01,Jan 2024,0,,,,,0
Al Khawaneej Labour City,al-khawaneej-labour-city,2024-02,Feb 2024,0,,,,,0
Al Khawaneej Labour City,al-khawaneej-labour-city,2024-03,Mar 2024,0,,,,,0
Al Khawaneej Labour City,al-khawaneej-labour-city,2024-04,Apr 2024,0,,,,,0
Al Khawaneej Labour City,al-khawaneej-labour-city,2024-05,May 2024,0,,,,,0
Al Khawaneej Labour City,al-khawaneej-labour-city,2024-06,Jun 2024,0,,,,,0
Al Khawaneej Labour City,al-khawaneej-labour-city,2024-07,Jul 2024,0,,,,,0
Al Khawaneej Labour City,al-khawaneej-labour-city,2024-08,Aug 2024,0,,,,,0
Al Khawaneej Labour City,al-khawaneej-labour-city,2024-09,Sep 2024,0,,,,,0
Al Khawaneej Labour City,al-khawaneej-labour-city,2024-10,Oct 2024,0,,,,,0
Al Khawaneej Labour City,al-khawaneej-labour-city,2024-11,Nov 2024,0,,,,,0
Al Khawaneej Labour City,al-khawaneej-labour-city,2024-12,Dec 2024,0,,,,,0
Al Khawaneej Labour City,al-khawaneej-labour-city,2025-01,Jan 2025,0,,,,,0
Al Khawaneej Labour City,al-khawaneej-labour-city,2025-02,Feb 2025,0,,,,,0
Al Khawaneej Labour City,al-khawaneej-labour-city,2025-03,Mar 2025,0,,,,,0
Al Khawaneej Labour City,al-khawaneej-labour-city,2025-04,Apr 2025,0,,,,,0
Al Khawaneej Labour City,al-khawaneej-labour-city,2025-05,May 2025,0,,,,,0
Al Khawaneej Labour City,al-khawaneej-labour-city,2025-06,Jun 2025,0,,,,,1
Al Khawaneej Labour City,al-khawaneej-labour-city,2025-07,Jul 2025,0,,,,,0
Al Khawaneej Labour City,al-khawaneej-labour-city,2025-08,Aug 2025,0,,,,,3
Al Khawaneej Labour City,al-khawaneej-labour-city,2025-09,Sep 2025,0,,,,,0
Al Khawaneej Labour City,al-khawaneej-labour-city,2025-10,Oct 2025,0,,,,,0
Al Khawaneej Labour City,al-khawaneej-labour-city,2025-11,Nov 2025,0,,,,4900000.0,11
Al Khawaneej Labour City,al-khawaneej-labour-city,2025-12,Dec 2025,0,,,,5181250.0,20
Al Khawaneej Labour City,al-khawaneej-labour-city,2026-01,Jan 2026,0,,,,5427746.5,10
Al Khawaneej Labour City,al-khawaneej-labour-city,2026-02,Feb 2026,0,,,,,3
Al Khawaneej Labour City,al-khawaneej-labour-city,2026-03,Mar 2026,0,,,,,0
Al Khawaneej Labour City,al-khawaneej-labour-city,2026-04,Apr 2026,0,,,,,0
Al Khawaneej Labour City,al-khawaneej-labour-city,2026-05,May 2026,0,,,,,0
Al Khawaneej Labour City,al-khawaneej-labour-city,2026-06,Jun 2026,0,,,,,0
Al Khawaneej Labour City,al-khawaneej-labour-city,2026-07,Jul 2026,0,,,,,0
Al Khawaneej Labour City,al-khawaneej-labour-city,2026-08,Aug 2026,0,,,,,2
The World,the-world,2024-09,Sep 2024,11,1476.77,1085.72,1721.9,,2
The World,the-world,2024-10,Oct 2024,1,,,,2000000.0,8
The World,the-world,2024-11,Nov 2024,0,,,,2025000.0,16
The World,the-world,2024-12,Dec 2024,0,,,,2103611.0,11
The World,the-world,2025-01,Jan 2025,0,,,,2000000.0,7
The World,the-world,2025-02,Feb 2025,1,,,,2100000.0,7
The World,the-world,2025-03,Mar 2025,2,,,,1905921.0,10
The World,the-world,2025-04,Apr 2025,0,,,,1600000.0,5
The World,the-world,2025-05,May 2025,2,,,,2144323.0,15
The World,the-world,2025-06,Jun 2025,0,,,,1825000.0,14
The World,the-world,2025-07,Jul 2025,1,,,,2000000.0,11
The World,the-world,2025-08,Aug 2025,0,,,,2000000.0,13
The World,the-world,2025-09,Sep 2025,3,,,,1700000.0,10
DUBAI HILLS - MAPLE 1,dubai-hills-maple-1,2021-09,Sep 2021,6,1069.42,1008.69,1204.51,2875000.0,6
DUBAI HILLS - MAPLE 1,dubai-hills-maple-1,2021-10,Oct 2021,5,1007.45,999.46,1070.43,3175000.0,6
DUBAI HILLS - MAPLE 1,dubai-hills-maple-1,2021-11,Nov 2021,12,1239.47,1124.0,1321.18,3050000.0,12
DUBAI HILLS - MAPLE 1,dubai-hills-maple-1,2021-12,Dec 2021,6,1123.76,1008.72,1244.13,3100000.0,7
DUBAI HILLS - MAPLE 1,dubai-hills-maple-1,2022-01,Jan 2022,7,1275.17,1099.36,1342.27,3200000.0,7
DUBAI HILLS - MAPLE 1,dubai-hills-maple-1,2022-02,Feb 2022,9,1123.7,1069.04,1359.17,3200000.0,9
DUBAI HILLS - MAPLE 1,dubai-hills-maple-1,2022-03,Mar 2022,9,1191.88,1145.18,1405.6,3375000.0,9
DUBAI HILLS - MAPLE 1,dubai-hills-maple-1,2022-04,Apr 2022,8,1249.6,1187.53,1495.55,3512500.0,8
DUBAI HILLS - MAPLE 1,dubai-hills-maple-1,2022-05,May 2022,5,1066.88,1051.04,1182.67,3450000.0,5
DUBAI HILLS - MAPLE 1,dubai-hills-maple-1,2022-06,Jun 2022,15,1218.95,990.4,1264.14,3550000.0,15
DUBAI HILLS - MAPLE 1,dubai-hills-maple-1,2022-07,Jul 2022,8,1289.16,1109.64,1383.13,3000000.0,8
DUBAI HILLS - MAPLE 1,dubai-hills-maple-1,2022-08,Aug 2022,9,1345.06,1148.39,1515.4,3630000.0,9
DUBAI HILLS - MAPLE 1,dubai-hills-maple-1,2022-09,Sep 2022,13,1166.33,1109.65,1248.02,3500000.0,13
DUBAI HILLS - MAPLE 1,dubai-hills-maple-1,2022-10,Oct 2022,8,1458.13,1251.51,1521.93,3525000.0,8
DUBAI HILLS - MAPLE 1,dubai-hills-maple-1,2022-11,Nov 2022,3,,,,,3
DUBAI HILLS - MAPLE 1,dubai-hills-maple-1,2022-12,Dec 2022,9,1342.29,1280.13,1516.15,3500000.0,9
DUBAI HILLS - MAPLE 1,dubai-hills-maple-1,2023-01,Jan 2023,3,,,,,3
DUBAI HILLS - MAPLE 1,dubai-hills-maple-1,2023-02,Feb 2023,9,1488.45,1324.34,1495.25,3150000.0,9
DUBAI HILLS - MAPLE 1,dubai-hills-maple-1,2023-03,Mar 2023,10,1360.62,1315.2,1372.83,4125000.0,10
DUBAI HILLS - MAPLE 1,dubai-hills-maple-1,2023-04,Apr 2023,6,1466.26,1377.11,1604.77,3825000.0,6
DUBAI HILLS - MAPLE 1,dubai-hills-maple-1,2023-05,May 2023,6,1474.01,1377.71,1577.4,4600000.0,6
DUBAI HILLS - MAPLE 1,dubai-hills-maple-1,2023-06,Jun 2023,9,1349.41,1265.64,1619.53,4050000.0,9
DUBAI HILLS - MAPLE 1,dubai-hills-maple-1,2023-07,Jul 2023,7,1489.75,1375.24,1612.41,4400000.0,7
DUBAI HILLS - MAPLE 1,dubai-hills-maple-1,2023-08,Aug 2023,5,1377.19,1365.67,1771.74,4000000.0,5
DUBAI HILLS - MAPLE 1,dubai-hills-maple-1,2023-09,Sep 2023,12,1537.08,1311.42,1754.14,4245000.0,12
DUBAI HILLS - MAPLE 1,dubai-hills-maple-1,2023-10,Oct 2023,4,,,,,4
DUBAI HILLS - MAPLE 1,dubai-hills-maple-1,2023-11,Nov 2023,5,1527.33,1347.21,1889.96,4850000.0,5
DUBAI HILLS - MAPLE 1,dubai-hills-maple-1,2023-12,Dec 2023,9,1694.76,1455.11,1894.21,4350000.0,9
DUBAI HILLS - MAPLE 1,dubai-hills-maple-1,2024-01,Jan 2024,5,1796.43,1618.31,1836.59,4300000.0,5
DUBAI HILLS - MAPLE 1,dubai-hills-maple-1,2024-02,Feb 2024,10,1608.12,1528.88,1909.8,4475000.0,10
DUBAI HILLS - MAPLE 1,dubai-hills-maple-1,2024-03,Mar 2024,6,1684.09,1544.94,1756.77,4775000.0,6
DUBAI HILLS - MAPLE 1,dubai-hills-maple-1,2024-04,Apr 2024,4,,,,,4
DUBAI HILLS - MAPLE 1,dubai-hills-maple-1,2024-05,May 2024,5,1807.19,1547.94,1852.81,4700000.0,5
DUBAI HILLS - MAPLE 1,dubai-hills-maple-1,2024-06,Jun 2024,5,1862.36,1837.28,2075.68,4500000.0,5
DUBAI HILLS - MAPLE 1,dubai-hills-maple-1,2024-07,Jul 2024,9,1528.8,1472.09,1720.37,4750000.0,9
DUBAI HILLS - MAPLE 1,dubai-hills-maple-1,2024-08,Aug 2024,2,,,,,2
DUBAI HILLS - MAPLE 1,dubai-hills-maple-1,2024-09,Sep 2024,4,,,,,4
DUBAI HILLS - MAPLE 1,dubai-hills-maple-1,2024-10,Oct 2024,8,1793.97,1568.88,2051.99,4875000.0,8
DUBAI HILLS - MAPLE 1,dubai-hills-maple-1,2024-11,Nov 2024,4,,,,,4
DUBAI HILLS - MAPLE 1,dubai-hills-maple-1,2024-12,Dec 2024,4,,,,,4
DUBAI HILLS - MAPLE 1,dubai-hills-maple-1,2025-01,Jan 2025,4,,,,,4
DUBAI HILLS - MAPLE 1,dubai-hills-maple-1,2025-02,Feb 2025,9,1779.22,1682.16,2289.62,5100000.0,9
DUBAI HILLS - MAPLE 1,dubai-hills-maple-1,2025-03,Mar 2025,11,1944.34,1710.84,2298.22,5380000.0,11
DUBAI HILLS - MAPLE 1,dubai-hills-maple-1,2025-04,Apr 2025,2,,,,,2
DUBAI HILLS - MAPLE 1,dubai-hills-maple-1,2025-05,May 2025,2,,,,,2
DUBAI HILLS - MAPLE 1,dubai-hills-maple-1,2025-06,Jun 2025,3,,,,,3
DUBAI HILLS - MAPLE 1,dubai-hills-maple-1,2025-07,Jul 2025,5,2282.78,2225.9,2323.27,5050000.0,5
DUBAI HILLS - MAPLE 1,dubai-hills-maple-1,2025-08,Aug 2025,2,,,,,2
DUBAI HILLS - MAPLE 1,dubai-hills-maple-1,2025-09,Sep 2025,2,,,,,2
DUBAI HILLS - MAPLE 1,dubai-hills-maple-1,2025-10,Oct 2025,5,2181.38,2047.24,2415.4,5300000.0,5
DUBAI HILLS - MAPLE 1,dubai-hills-maple-1,2025-11,Nov 2025,2,,,,,2
DUBAI HILLS - MAPLE 1,dubai-hills-maple-1,2025-12,Dec 2025,4,,,,,4
DUBAI HILLS - MAPLE 1,dubai-hills-maple-1,2026-01,Jan 2026,3,,,,,3
DUBAI HILLS - MAPLE 1,dubai-hills-maple-1,2026-02,Feb 2026,5,2166.02,1571.82,2311.26,4850000.0,5
DUBAI HILLS - MAPLE 1,dubai-hills-maple-1,2026-03,Mar 2026,3,,,,,3
DUBAI HILLS - MAPLE 1,dubai-hills-maple-1,2026-04,Apr 2026,0,,,,,0
DUBAI HILLS - MAPLE 1,dubai-hills-maple-1,2026-05,May 2026,6,2135.44,1985.55,2261.95,5320000.0,6
DUBAI HILLS - MAPLE 1,dubai-hills-maple-1,2026-06,Jun 2026,3,,,,,3
DUBAI HILLS - MAPLE 1,dubai-hills-maple-1,2026-07,Jul 2026,3,,,,,3
DUBAI HILLS - MAPLE 1,dubai-hills-maple-1,2026-08,Aug 2026,4,,,,,4
Festival City,festival-city,2021-12,Dec 2021,5,1400.47,1399.41,1432.2,2408000.0,5
Festival City,festival-city,2022-01,Jan 2022,3,,,,,3
Festival City,festival-city,2022-02,Feb 2022,3,,,,,3
Festival City,festival-city,2022-03,Mar 2022,2,,,,,2
Festival City,festival-city,2022-04,Apr 2022,1,,,,,1
Festival City,festival-city,2022-05,May 2022,5,1406.67,966.7,1410.14,3434000.0,5
Festival City,festival-city,2022-06,Jun 2022,4,,,,,4
Festival City,festival-city,2022-07,Jul 2022,7,1308.73,979.58,1370.1,3019000.0,7
Festival City,festival-city,2022-08,Aug 2022,3,,,,,3
Festival City,festival-city,2022-09,Sep 2022,3,,,,,3
Festival City,festival-city,2022-10,Oct 2022,2,,,,,2
Festival City,festival-city,2022-11,Nov 2022,2,,,,,2
Festival City,festival-city,2022-12,Dec 2022,3,,,,,3
Festival City,festival-city,2023-01,Jan 2023,0,,,,,0
Festival City,festival-city,2023-02,Feb 2023,4,,,,,4
Festival City,festival-city,2023-03,Mar 2023,4,,,,,4
Festival City,festival-city,2023-04,Apr 2023,2,,,,,2
Festival City,festival-city,2023-05,May 2023,7,1167.84,1005.13,1302.85,2250000.0,6
Festival City,festival-city,2023-06,Jun 2023,2,,,,,2
Festival City,festival-city,2023-07,Jul 2023,5,1121.04,1076.2,1314.04,1750000.0,5
Festival City,festival-city,2023-08,Aug 2023,3,,,,,3
Festival City,festival-city,2023-09,Sep 2023,4,,,,,4
Festival City,festival-city,2023-10,Oct 2023,4,,,,,4
Festival City,festival-city,2023-11,Nov 2023,9,1080.11,908.81,1317.27,2200000.0,9
Festival City,festival-city,2023-12,Dec 2023,5,1234.99,989.17,1259.13,2700000.0,5
Festival City,festival-city,2024-01,Jan 2024,2,,,,,2
Festival City,festival-city,2024-02,Feb 2024,5,1357.86,1308.32,1506.49,2487000.0,5
Festival City,festival-city,2024-03,Mar 2024,5,1129.65,930.18,1267.37,3375000.0,5
Festival City,festival-city,2024-04,Apr 2024,6,1115.42,971.79,1382.97,3475000.0,6
Festival City,festival-city,2024-05,May 2024,4,,,,,4
Festival City,festival-city,2024-06,Jun 2024,6,1117.2,1080.45,1142.84,2192500.0,6
Festival City,festival-city,2024-07,Jul 2024,0,,,,,0
Festival City,festival-city,2024-08,Aug 2024,8,1591.76,1203.34,1969.97,3175000.0,8
Festival City,festival-city,2024-09,Sep 2024,7,1283.34,1171.3,1543.91,2585000.0,7
Festival City,festival-city,2024-10,Oct 2024,9,1557.09,1524.32,1779.07,2937000.0,9
Festival City,festival-city,2024-11,Nov 2024,18,1744.63,1558.48,1860.05,3103000.0,17
Festival City,festival-city,2024-12,Dec 2024,17,1608.28,1439.6,1745.15,2935000.0,17
Festival City,festival-city,2025-01,Jan 2025,4,,,,,4
Festival City,festival-city,2025-02,Feb 2025,13,1585.43,1322.26,1865.45,3225000.0,13
Festival City,festival-city,2025-03,Mar 2025,6,1694.14,1442.65,1805.35,3406500.0,6
Festival City,festival-city,2025-04,Apr 2025,4,,,,,4
Festival City,festival-city,2025-05,May 2025,11,1790.57,1373.96,1924.43,3249000.0,11
Festival City,festival-city,2025-06,Jun 2025,7,1315.73,1261.27,1576.63,2350000.0,7
Festival City,festival-city,2025-07,Jul 2025,5,1281.1,927.1,1601.54,3400000.0,5
Festival City,festival-city,2025-08,Aug 2025,6,1603.44,1157.39,1829.18,3425000.0,6
Festival City,festival-city,2025-09,Sep 2025,7,1573.72,974.74,2003.47,2825000.0,6
Festival City,festival-city,2025-10,Oct 2025,7,1728.19,1571.85,1932.05,3600000.0,7
Festival City,festival-city,2025-11,Nov 2025,2,,,,,2
Festival City,festival-city,2025-12,Dec 2025,3,,,,,3
Festival City,festival-city,2026-01,Jan 2026,1,,,,,1
Festival City,festival-city,2026-02,Feb 2026,4,,,,,4
Festival City,festival-city,2026-03,Mar 2026,5,1571.39,1384.84,1829.68,3500000.0,5
Festival City,festival-city,2026-04,Apr 2026,1,,,,,1
Festival City,festival-city,2026-05,May 2026,3,,,,,3
Festival City,festival-city,2026-06,Jun 2026,2,,,,,2
Festival City,festival-city,2026-07,Jul 2026,5,1288.85,1196.01,1459.11,2550000.0,5
Festival City,festival-city,2026-08,Aug 2026,0,,,,,0
THE SUSTAINABLE CITY,the-sustainable-city,2021-09,Sep 2021,5,1337.98,942.24,1389.8,3300000.0,5
THE SUSTAINABLE CITY,the-sustainable-city,2021-10,Oct 2021,4,,,,,3
THE SUSTAINABLE CITY,the-sustainable-city,2021-11,Nov 2021,9,1166.96,1135.2,1397.04,3260000.0,9
THE SUSTAINABLE CITY,the-sustainable-city,2021-12,Dec 2021,12,1502.08,1496.14,1509.58,3458000.0,12
THE SUSTAINABLE CITY,the-sustainable-city,2022-01,Jan 2022,17,1543.29,1499.23,1557.3,3458000.0,17
THE SUSTAINABLE CITY,the-sustainable-city,2022-02,Feb 2022,19,1554.78,1498.44,1568.67,3380000.0,19
THE SUSTAINABLE CITY,the-sustainable-city,2022-03,Mar 2022,13,1554.07,1512.37,1559.66,3458000.0,13
THE SUSTAINABLE CITY,the-sustainable-city,2022-04,Apr 2022,13,1557.78,1506.7,1569.01,3302250.0,13
THE SUSTAINABLE CITY,the-sustainable-city,2022-05,May 2022,24,1513.22,1493.67,1561.82,3326125.0,24
THE SUSTAINABLE CITY,the-sustainable-city,2022-06,Jun 2022,31,1521.21,1507.09,1560.87,3302250.0,31
THE SUSTAINABLE CITY,the-sustainable-city,2022-07,Jul 2022,14,1534.1,1511.58,1558.36,3391500.0,14
THE SUSTAINABLE CITY,the-sustainable-city,2022-08,Aug 2022,7,1507.72,1501.47,1563.65,3302250.0,7
THE SUSTAINABLE CITY,the-sustainable-city,2022-09,Sep 2022,6,1507.33,1494.03,1546.07,3449000.0,6
THE SUSTAINABLE CITY,the-sustainable-city,2022-10,Oct 2022,2,,,,,3
THE SUSTAINABLE CITY,the-sustainable-city,2022-11,Nov 2022,9,1170.47,968.8,1531.02,3439969.0,8
THE SUSTAINABLE CITY,the-sustainable-city,2022-12,Dec 2022,4,,,,3189969.0,6
THE SUSTAINABLE CITY,the-sustainable-city,2023-01,Jan 2023,15,1556.85,1104.94,1580.77,3550000.0,15
THE SUSTAINABLE CITY,the-sustainable-city,2023-02,Feb 2023,0,,,,,0
THE SUSTAINABLE CITY,the-sustainable-city,2023-03,Mar 2023,7,1566.92,1332.29,1587.72,3490000.0,7
THE SUSTAINABLE CITY,the-sustainable-city,2023-04,Apr 2023,6,1585.78,1562.9,1623.76,3550000.0,6
THE SUSTAINABLE CITY,the-sustainable-city,2023-05,May 2023,3,,,,,3
THE SUSTAINABLE CITY,the-sustainable-city,2023-06,Jun 2023,8,1642.91,1581.36,1689.37,3677500.0,8
THE SUSTAINABLE CITY,the-sustainable-city,2023-07,Jul 2023,9,1633.5,1577.14,1679.31,3850000.0,9
THE SUSTAINABLE CITY,the-sustainable-city,2023-08,Aug 2023,4,,,,,4
THE SUSTAINABLE CITY,the-sustainable-city,2023-09,Sep 2023,2,,,,,2
THE SUSTAINABLE CITY,the-sustainable-city,2023-10,Oct 2023,8,1679.95,1324.6,1730.79,3575000.0,8
THE SUSTAINABLE CITY,the-sustainable-city,2023-11,Nov 2023,4,,,,,4
THE SUSTAINABLE CITY,the-sustainable-city,2023-12,Dec 2023,2,,,,,2
THE SUSTAINABLE CITY,the-sustainable-city,2024-01,Jan 2024,1,,,,,1
THE SUSTAINABLE CITY,the-sustainable-city,2024-02,Feb 2024,5,1881.15,1817.03,1933.78,4500000.0,5
THE SUSTAINABLE CITY,the-sustainable-city,2024-03,Mar 2024,4,,,,,4
THE SUSTAINABLE CITY,the-sustainable-city,2024-04,Apr 2024,6,1324.55,1318.9,1698.43,2890656.5,6
THE SUSTAINABLE CITY,the-sustainable-city,2024-05,May 2024,4,,,,,4
THE SUSTAINABLE CITY,the-sustainable-city,2024-06,Jun 2024,5,1940.42,1346.89,2040.47,4500000.0,5
THE SUSTAINABLE CITY,the-sustainable-city,2024-07,Jul 2024,6,1980.23,1950.8,2012.09,4575000.0,6
THE SUSTAINABLE CITY,the-sustainable-city,2024-08,Aug 2024,1,,,,,1
THE SUSTAINABLE CITY,the-sustainable-city,2024-09,Sep 2024,4,,,,,4
THE SUSTAINABLE CITY,the-sustainable-city,2024-10,Oct 2024,4,,,,,4
THE SUSTAINABLE CITY,the-sustainable-city,2024-11,Nov 2024,5,2056.89,2056.39,2071.71,4330000.0,5
THE SUSTAINABLE CITY,the-sustainable-city,2024-12,Dec 2024,4,,,,,4
THE SUSTAINABLE CITY,the-sustainable-city,2025-01,Jan 2025,0,,,,,0
THE SUSTAINABLE CITY,the-sustainable-city,2025-02,Feb 2025,6,2067.44,2057.75,2139.0,4775000.0,6
THE SUSTAINABLE CITY,the-sustainable-city,2025-03,Mar 2025,16,2071.03,2058.44,2099.74,4750000.0,16
THE SUSTAINABLE CITY,the-sustainable-city,2025-04,Apr 2025,6,2069.66,2066.08,2073.35,4800000.0,6
THE SUSTAINABLE CITY,the-sustainable-city,2025-05,May 2025,6,2099.99,2076.64,2157.14,4850000.0,6
THE SUSTAINABLE CITY,the-sustainable-city,2025-06,Jun 2025,5,2066.9,2064.42,2067.38,4800000.0,5
THE SUSTAINABLE CITY,the-sustainable-city,2025-07,Jul 2025,1,,,,,1
THE SUSTAINABLE CITY,the-sustainable-city,2025-08,Aug 2025,2,,,,,2
THE SUSTAINABLE CITY,the-sustainable-city,2025-09,Sep 2025,1,,,,,1
THE SUSTAINABLE CITY,the-sustainable-city,2025-10,Oct 2025,1,,,,,1
THE SUSTAINABLE CITY,the-sustainable-city,2025-11,Nov 2025,3,,,,,3
THE SUSTAINABLE CITY,the-sustainable-city,2025-12,Dec 2025,7,1546.56,422.02,1781.96,3122629.0,14
THE SUSTAINABLE CITY,the-sustainable-city,2026-01,Jan 2026,2,,,,,2
THE SUSTAINABLE CITY,the-sustainable-city,2026-02,Feb 2026,1,,,,,1
THE SUSTAINABLE CITY,the-sustainable-city,2026-03,Mar 2026,2,,,,,2
THE SUSTAINABLE CITY,the-sustainable-city,2026-04,Apr 2026,3,,,,,3
THE SUSTAINABLE CITY,the-sustainable-city,2026-05,May 2026,2,,,,,2
THE SUSTAINABLE CITY,the-sustainable-city,2026-06,Jun 2026,2,,,,,2
THE SUSTAINABLE CITY,the-sustainable-city,2026-07,Jul 2026,2,,,,,2
THE SUSTAINABLE CITY,the-sustainable-city,2026-08,Aug 2026,5,2180.17,1815.76,2257.12,4850000.0,5
DUBAI HILLS - MAPLE 3,dubai-hills-maple-3,2021-09,Sep 2021,6,1033.66,983.29,1236.64,2875000.0,6
DUBAI HILLS - MAPLE 3,dubai-hills-maple-3,2021-10,Oct 2021,1,,,,,1
DUBAI HILLS - MAPLE 3,dubai-hills-maple-3,2021-11,Nov 2021,2,,,,,4
DUBAI HILLS - MAPLE 3,dubai-hills-maple-3,2021-12,Dec 2021,4,,,,,4
DUBAI HILLS - MAPLE 3,dubai-hills-maple-3,2022-01,Jan 2022,8,1135.95,1077.0,1357.26,3425000.0,8
DUBAI HILLS - MAPLE 3,dubai-hills-maple-3,2022-02,Feb 2022,9,1042.79,1032.6,1137.43,3400000.0,9
DUBAI HILLS - MAPLE 3,dubai-hills-maple-3,2022-03,Mar 2022,12,1208.38,1138.41,1286.39,3300000.0,12
DUBAI HILLS - MAPLE 3,dubai-hills-maple-3,2022-04,Apr 2022,4,,,,,4
DUBAI HILLS - MAPLE 3,dubai-hills-maple-3,2022-05,May 2022,0,,,,,0
DUBAI HILLS - MAPLE 3,dubai-hills-maple-3,2022-06,Jun 2022,3,,,,,3
DUBAI HILLS - MAPLE 3,dubai-hills-maple-3,2022-07,Jul 2022,4,,,,,4
DUBAI HILLS - MAPLE 3,dubai-hills-maple-3,2022-08,Aug 2022,1,,,,,1
DUBAI HILLS - MAPLE 3,dubai-hills-maple-3,2022-09,Sep 2022,4,,,,,4
DUBAI HILLS - MAPLE 3,dubai-hills-maple-3,2022-10,Oct 2022,2,,,,,2
DUBAI HILLS - MAPLE 3,dubai-hills-maple-3,2022-11,Nov 2022,5,1255.9,1199.79,1435.68,3700000.0,5
DUBAI HILLS - MAPLE 3,dubai-hills-maple-3,2022-12,Dec 2022,4,,,,,4
DUBAI HILLS - MAPLE 3,dubai-hills-maple-3,2023-01,Jan 2023,5,1214.09,1187.74,1250.21,3800000.0,5
DUBAI HILLS - MAPLE 3,dubai-hills-maple-3,2023-02,Feb 2023,1,,,,,1
DUBAI HILLS - MAPLE 3,dubai-hills-maple-3,2023-03,Mar 2023,6,1343.59,1261.22,1446.49,3812500.0,6
DUBAI HILLS - MAPLE 3,dubai-hills-maple-3,2023-04,Apr 2023,2,,,,,2
DUBAI HILLS - MAPLE 3,dubai-hills-maple-3,2023-05,May 2023,10,1503.07,1321.91,1534.16,3350000.0,10
DUBAI HILLS - MAPLE 3,dubai-hills-maple-3,2023-06,Jun 2023,9,1385.17,1305.66,1479.29,4000000.0,9
DUBAI HILLS - MAPLE 3,dubai-hills-maple-3,2023-07,Jul 2023,8,1598.62,1400.28,1661.76,3687500.0,8
DUBAI HILLS - MAPLE 3,dubai-hills-maple-3,2023-08,Aug 2023,6,1432.95,1175.78,1688.14,3905000.0,6
DUBAI HILLS - MAPLE 3,dubai-hills-maple-3,2023-09,Sep 2023,4,,,,,4
DUBAI HILLS - MAPLE 3,dubai-hills-maple-3,2023-10,Oct 2023,4,,,,,4
DUBAI HILLS - MAPLE 3,dubai-hills-maple-3,2023-11,Nov 2023,2,,,,,1
DUBAI HILLS - MAPLE 3,dubai-hills-maple-3,2023-12,Dec 2023,3,,,,,3
DUBAI HILLS - MAPLE 3,dubai-hills-maple-3,2024-01,Jan 2024,6,1496.58,1413.51,1707.45,4325000.0,6
DUBAI HILLS - MAPLE 3,dubai-hills-maple-3,2024-02,Feb 2024,2,,,,,2
DUBAI HILLS - MAPLE 3,dubai-hills-maple-3,2024-03,Mar 2024,1,,,,,1
DUBAI HILLS - MAPLE 3,dubai-hills-maple-3,2024-04,Apr 2024,3,,,,,3
DUBAI HILLS - MAPLE 3,dubai-hills-maple-3,2024-05,May 2024,2,,,,,2
DUBAI HILLS - MAPLE 3,dubai-hills-maple-3,2024-06,Jun 2024,3,,,,,3
DUBAI HILLS - MAPLE 3,dubai-hills-maple-3,2024-07,Jul 2024,6,1570.6,1376.85,1628.33,4675000.0,6
DUBAI HILLS - MAPLE 3,dubai-hills-maple-3,2024-08,Aug 2024,4,,,,,4
DUBAI HILLS - MAPLE 3,dubai-hills-maple-3,2024-09,Sep 2024,3,,,,,3
DUBAI HILLS - MAPLE 3,dubai-hills-maple-3,2024-10,Oct 2024,5,1909.52,1651.04,1994.79,4400000.0,5
DUBAI HILLS - MAPLE 3,dubai-hills-maple-3,2024-11,Nov 2024,3,,,,,3
DUBAI HILLS - MAPLE 3,dubai-hills-maple-3,2024-12,Dec 2024,5,2027.21,1648.58,2063.65,4999000.0,5
DUBAI HILLS - MAPLE 3,dubai-hills-maple-3,2025-01,Jan 2025,1,,,,,1
DUBAI HILLS - MAPLE 3,dubai-hills-maple-3,2025-02,Feb 2025,4,,,,,4
DUBAI HILLS - MAPLE 3,dubai-hills-maple-3,2025-03,Mar 2025,3,,,,,3
DUBAI HILLS - MAPLE 3,dubai-hills-maple-3,2025-04,Apr 2025,3,,,,,3
DUBAI HILLS - MAPLE 3,dubai-hills-maple-3,2025-05,May 2025,3,,,,,3
DUBAI HILLS - MAPLE 3,dubai-hills-maple-3,2025-06,Jun 2025,1,,,,,1
DUBAI HILLS - MAPLE 3,dubai-hills-maple-3,2025-07,Jul 2025,6,1914.06,1706.97,1943.26,5931250.0,6
DUBAI HILLS - MAPLE 3,dubai-hills-maple-3,2025-08,Aug 2025,3,,,,,3
DUBAI HILLS - MAPLE 3,dubai-hills-maple-3,2025-09,Sep 2025,4,,,,,4
DUBAI HILLS - MAPLE 3,dubai-hills-maple-3,2025-10,Oct 2025,1,,,,,1
DUBAI HILLS - MAPLE 3,dubai-hills-maple-3,2025-11,Nov 2025,1,,,,,1
DUBAI HILLS - MAPLE 3,dubai-hills-maple-3,2025-12,Dec 2025,3,,,,,3
DUBAI HILLS - MAPLE 3,dubai-hills-maple-3,2026-01,Jan 2026,1,,,,,1
DUBAI HILLS - MAPLE 3,dubai-hills-maple-3,2026-02,Feb 2026,9,1972.39,1860.05,2363.4,5700000.0,9
DUBAI HILLS - MAPLE 3,dubai-hills-maple-3,2026-03,Mar 2026,2,,,,,2
DUBAI HILLS - MAPLE 3,dubai-hills-maple-3,2026-04,Apr 2026,1,,,,,1
DUBAI HILLS - MAPLE 3,dubai-hills-maple-3,2026-05,May 2026,3,,,,,3
DUBAI HILLS - MAPLE 3,dubai-hills-maple-3,2026-06,Jun 2026,3,,,,,3
DUBAI HILLS - MAPLE 3,dubai-hills-maple-3,2026-07,Jul 2026,5,2366.07,2325.25,2474.99,5180000.0,5
DUBAI HILLS - MAPLE 3,dubai-hills-maple-3,2026-08,Aug 2026,4,,,,,4
JABAL ALI INDUSTRIAL DEVELOPMENT,jabal-ali-industrial-development,2021-09,Sep 2021,0,,,,,1
JABAL ALI INDUSTRIAL DEVELOPMENT,jabal-ali-industrial-development,2021-10,Oct 2021,0,,,,,0
JABAL ALI INDUSTRIAL DEVELOPMENT,jabal-ali-industrial-development,2021-11,Nov 2021,0,,,,,2
JABAL ALI INDUSTRIAL DEVELOPMENT,jabal-ali-industrial-development,2021-12,Dec 2021,0,,,,,1
JABAL ALI INDUSTRIAL DEVELOPMENT,jabal-ali-industrial-development,2022-01,Jan 2022,0,,,,,0
JABAL ALI INDUSTRIAL DEVELOPMENT,jabal-ali-industrial-development,2022-02,Feb 2022,0,,,,,0
JABAL ALI INDUSTRIAL DEVELOPMENT,jabal-ali-industrial-development,2022-03,Mar 2022,0,,,,,1
JABAL ALI INDUSTRIAL DEVELOPMENT,jabal-ali-industrial-development,2022-04,Apr 2022,0,,,,,4
JABAL ALI INDUSTRIAL DEVELOPMENT,jabal-ali-industrial-development,2022-05,May 2022,0,,,,,2
JABAL ALI INDUSTRIAL DEVELOPMENT,jabal-ali-industrial-development,2022-06,Jun 2022,0,,,,5302500.0,6
JABAL ALI INDUSTRIAL DEVELOPMENT,jabal-ali-industrial-development,2022-07,Jul 2022,0,,,,,0
JABAL ALI INDUSTRIAL DEVELOPMENT,jabal-ali-industrial-development,2022-08,Aug 2022,0,,,,,0
JABAL ALI INDUSTRIAL DEVELOPMENT,jabal-ali-industrial-development,2022-09,Sep 2022,0,,,,,2
JABAL ALI INDUSTRIAL DEVELOPMENT,jabal-ali-industrial-development,2022-10,Oct 2022,0,,,,,0
JABAL ALI INDUSTRIAL DEVELOPMENT,jabal-ali-industrial-development,2022-11,Nov 2022,0,,,,,0
JABAL ALI INDUSTRIAL DEVELOPMENT,jabal-ali-industrial-development,2022-12,Dec 2022,0,,,,,1
JABAL ALI INDUSTRIAL DEVELOPMENT,jabal-ali-industrial-development,2023-01,Jan 2023,0,,,,,1
JABAL ALI INDUSTRIAL DEVELOPMENT,jabal-ali-industrial-development,2023-02,Feb 2023,0,,,,,0
JABAL ALI INDUSTRIAL DEVELOPMENT,jabal-ali-industrial-development,2023-03,Mar 2023,0,,,,,0
JABAL ALI INDUSTRIAL DEVELOPMENT,jabal-ali-industrial-development,2023-04,Apr 2023,0,,,,,0
JABAL ALI INDUSTRIAL DEVELOPMENT,jabal-ali-industrial-development,2023-05,May 2023,0,,,,,0
JABAL ALI INDUSTRIAL DEVELOPMENT,jabal-ali-industrial-development,2023-06,Jun 2023,0,,,,,0
JABAL ALI INDUSTRIAL DEVELOPMENT,jabal-ali-industrial-development,2023-07,Jul 2023,0,,,,,1
JABAL ALI INDUSTRIAL DEVELOPMENT,jabal-ali-industrial-development,2023-08,Aug 2023,0,,,,,0
JABAL ALI INDUSTRIAL DEVELOPMENT,jabal-ali-industrial-development,2023-09,Sep 2023,0,,,,,1
JABAL ALI INDUSTRIAL DEVELOPMENT,jabal-ali-industrial-development,2023-10,Oct 2023,0,,,,,0
JABAL ALI INDUSTRIAL DEVELOPMENT,jabal-ali-industrial-development,2023-11,Nov 2023,0,,,,,1
JABAL ALI INDUSTRIAL DEVELOPMENT,jabal-ali-industrial-development,2023-12,Dec 2023,0,,,,,2
JABAL ALI INDUSTRIAL DEVELOPMENT,jabal-ali-industrial-development,2024-01,Jan 2024,0,,,,,2
JABAL ALI INDUSTRIAL DEVELOPMENT,jabal-ali-industrial-development,2024-02,Feb 2024,0,,,,,1
JABAL ALI INDUSTRIAL DEVELOPMENT,jabal-ali-industrial-development,2024-03,Mar 2024,0,,,,,1
JABAL ALI INDUSTRIAL DEVELOPMENT,jabal-ali-industrial-development,2024-04,Apr 2024,0,,,,,0
JABAL ALI INDUSTRIAL DEVELOPMENT,jabal-ali-industrial-development,2024-05,May 2024,0,,,,,1
JABAL ALI INDUSTRIAL DEVELOPMENT,jabal-ali-industrial-development,2024-06,Jun 2024,0,,,,,1
JABAL ALI INDUSTRIAL DEVELOPMENT,jabal-ali-industrial-development,2024-07,Jul 2024,0,,,,,0
JABAL ALI INDUSTRIAL DEVELOPMENT,jabal-ali-industrial-development,2024-08,Aug 2024,0,,,,,1
JABAL ALI INDUSTRIAL DEVELOPMENT,jabal-ali-industrial-development,2024-09,Sep 2024,0,,,,,0
JABAL ALI INDUSTRIAL DEVELOPMENT,jabal-ali-industrial-development,2024-10,Oct 2024,0,,,,,0
JABAL ALI INDUSTRIAL DEVELOPMENT,jabal-ali-industrial-development,2024-11,Nov 2024,0,,,,,2
JABAL ALI INDUSTRIAL DEVELOPMENT,jabal-ali-industrial-development,2024-12,Dec 2024,0,,,,,1
JABAL ALI INDUSTRIAL DEVELOPMENT,jabal-ali-industrial-development,2025-01,Jan 2025,0,,,,,1
JABAL ALI INDUSTRIAL DEVELOPMENT,jabal-ali-industrial-development,2025-02,Feb 2025,0,,,,,3
JABAL ALI INDUSTRIAL DEVELOPMENT,jabal-ali-industrial-development,2025-03,Mar 2025,0,,,,,2
JABAL ALI INDUSTRIAL DEVELOPMENT,jabal-ali-industrial-development,2025-04,Apr 2025,0,,,,,1
JABAL ALI INDUSTRIAL DEVELOPMENT,jabal-ali-industrial-development,2025-05,May 2025,0,,,,,4
JABAL ALI INDUSTRIAL DEVELOPMENT,jabal-ali-industrial-development,2025-06,Jun 2025,0,,,,,1
JABAL ALI INDUSTRIAL DEVELOPMENT,jabal-ali-industrial-development,2025-07,Jul 2025,0,,,,5500000.0,5
JABAL ALI INDUSTRIAL DEVELOPMENT,jabal-ali-industrial-development,2025-08,Aug 2025,0,,,,,0
JABAL ALI INDUSTRIAL DEVELOPMENT,jabal-ali-industrial-development,2025-09,Sep 2025,0,,,,,1
JABAL ALI INDUSTRIAL DEVELOPMENT,jabal-ali-industrial-development,2025-10,Oct 2025,0,,,,,2
JABAL ALI INDUSTRIAL DEVELOPMENT,jabal-ali-industrial-development,2025-11,Nov 2025,0,,,,,0
JABAL ALI INDUSTRIAL DEVELOPMENT,jabal-ali-industrial-development,2025-12,Dec 2025,0,,,,12110687.5,8
JABAL ALI INDUSTRIAL DEVELOPMENT,jabal-ali-industrial-development,2026-01,Jan 2026,0,,,,,2
JABAL ALI INDUSTRIAL DEVELOPMENT,jabal-ali-industrial-development,2026-02,Feb 2026,0,,,,3000000.0,5
JABAL ALI INDUSTRIAL DEVELOPMENT,jabal-ali-industrial-development,2026-03,Mar 2026,0,,,,,2
JABAL ALI INDUSTRIAL DEVELOPMENT,jabal-ali-industrial-development,2026-04,Apr 2026,0,,,,8250000.0,6
JABAL ALI INDUSTRIAL DEVELOPMENT,jabal-ali-industrial-development,2026-05,May 2026,0,,,,,2
JABAL ALI INDUSTRIAL DEVELOPMENT,jabal-ali-industrial-development,2026-06,Jun 2026,0,,,,,4
JABAL ALI INDUSTRIAL DEVELOPMENT,jabal-ali-industrial-development,2026-07,Jul 2026,0,,,,,2
JABAL ALI INDUSTRIAL DEVELOPMENT,jabal-ali-industrial-development,2026-08,Aug 2026,0,,,,,2
DUBAI HILLS - MAPLE 2,dubai-hills-maple-2,2021-09,Sep 2021,10,1147.02,1024.81,1237.56,3150000.0,10
DUBAI HILLS - MAPLE 2,dubai-hills-maple-2,2021-10,Oct 2021,8,947.21,913.24,1097.2,3037500.0,8
DUBAI HILLS - MAPLE 2,dubai-hills-maple-2,2021-11,Nov 2021,6,1002.18,927.75,1023.73,3150000.0,7
DUBAI HILLS - MAPLE 2,dubai-hills-maple-2,2021-12,Dec 2021,8,1124.49,1083.34,1176.5,3350000.0,8
DUBAI HILLS - MAPLE 2,dubai-hills-maple-2,2022-01,Jan 2022,5,1026.33,992.03,1039.75,3000000.0,5
DUBAI HILLS - MAPLE 2,dubai-hills-maple-2,2022-02,Feb 2022,8,1017.38,953.77,1152.41,3215000.0,8
DUBAI HILLS - MAPLE 2,dubai-hills-maple-2,2022-03,Mar 2022,5,1078.53,1078.15,1129.24,3400000.0,5
DUBAI HILLS - MAPLE 2,dubai-hills-maple-2,2022-04,Apr 2022,2,,,,,2
DUBAI HILLS - MAPLE 2,dubai-hills-maple-2,2022-05,May 2022,5,1183.85,1074.02,1244.59,3375000.0,5
DUBAI HILLS - MAPLE 2,dubai-hills-maple-2,2022-06,Jun 2022,9,1148.37,1118.02,1298.07,3485000.0,9
DUBAI HILLS - MAPLE 2,dubai-hills-maple-2,2022-07,Jul 2022,8,1235.5,1105.98,1308.4,3460000.0,8
DUBAI HILLS - MAPLE 2,dubai-hills-maple-2,2022-08,Aug 2022,3,,,,,3
DUBAI HILLS - MAPLE 2,dubai-hills-maple-2,2022-09,Sep 2022,9,1172.85,1141.57,1267.31,3600000.0,9
DUBAI HILLS - MAPLE 2,dubai-hills-maple-2,2022-10,Oct 2022,4,,,,,4
DUBAI HILLS - MAPLE 2,dubai-hills-maple-2,2022-11,Nov 2022,12,1354.65,1158.39,1417.45,3505000.0,12
DUBAI HILLS - MAPLE 2,dubai-hills-maple-2,2022-12,Dec 2022,4,,,,,4
DUBAI HILLS - MAPLE 2,dubai-hills-maple-2,2023-01,Jan 2023,5,1438.95,1094.4,1466.17,3810000.0,5
DUBAI HILLS - MAPLE 2,dubai-hills-maple-2,2023-02,Feb 2023,5,1215.8,1105.32,1267.1,3850000.0,5
DUBAI HILLS - MAPLE 2,dubai-hills-maple-2,2023-03,Mar 2023,6,1366.07,1274.63,1439.83,3665000.0,6
DUBAI HILLS - MAPLE 2,dubai-hills-maple-2,2023-04,Apr 2023,7,1479.56,1377.25,1514.49,3800000.0,7
DUBAI HILLS - MAPLE 2,dubai-hills-maple-2,2023-05,May 2023,11,1311.71,1240.71,1486.8,4100000.0,11
DUBAI HILLS - MAPLE 2,dubai-hills-maple-2,2023-06,Jun 2023,3,,,,,3
DUBAI HILLS - MAPLE 2,dubai-hills-maple-2,2023-07,Jul 2023,6,1382.77,1295.4,1614.19,4300000.0,6
DUBAI HILLS - MAPLE 2,dubai-hills-maple-2,2023-08,Aug 2023,3,,,,,3
DUBAI HILLS - MAPLE 2,dubai-hills-maple-2,2023-09,Sep 2023,4,,,,,4
DUBAI HILLS - MAPLE 2,dubai-hills-maple-2,2023-10,Oct 2023,4,,,,,4
DUBAI HILLS - MAPLE 2,dubai-hills-maple-2,2023-11,Nov 2023,9,1467.79,1346.91,1832.78,4320000.0,9
DUBAI HILLS - MAPLE 2,dubai-hills-maple-2,2023-12,Dec 2023,3,,,,,3
DUBAI HILLS - MAPLE 2,dubai-hills-maple-2,2024-01,Jan 2024,5,1606.62,1499.98,1811.07,4200000.0,5
DUBAI HILLS - MAPLE 2,dubai-hills-maple-2,2024-02,Feb 2024,6,1639.9,1514.14,1808.81,4500000.0,6
DUBAI HILLS - MAPLE 2,dubai-hills-maple-2,2024-03,Mar 2024,3,,,,,3
DUBAI HILLS - MAPLE 2,dubai-hills-maple-2,2024-04,Apr 2024,5,1894.74,1492.9,1972.36,4700000.0,5
DUBAI HILLS - MAPLE 2,dubai-hills-maple-2,2024-05,May 2024,8,1556.96,1485.39,1651.47,4785000.0,8
DUBAI HILLS - MAPLE 2,dubai-hills-maple-2,2024-06,Jun 2024,1,,,,,1
DUBAI HILLS - MAPLE 2,dubai-hills-maple-2,2024-07,Jul 2024,6,1491.78,1436.49,1543.76,4830000.0,6
DUBAI HILLS - MAPLE 2,dubai-hills-maple-2,2024-08,Aug 2024,3,,,,,3
DUBAI HILLS - MAPLE 2,dubai-hills-maple-2,2024-09,Sep 2024,5,1886.26,1737.29,1914.93,4100000.0,5
DUBAI HILLS - MAPLE 2,dubai-hills-maple-2,2024-10,Oct 2024,5,1614.71,1598.54,1957.36,4800000.0,5
DUBAI HILLS - MAPLE 2,dubai-hills-maple-2,2024-11,Nov 2024,12,1820.86,1593.77,2010.09,4775000.0,12
DUBAI HILLS - MAPLE 2,dubai-hills-maple-2,2024-12,Dec 2024,9,1743.9,1690.82,2066.39,5200000.0,9
DUBAI HILLS - MAPLE 2,dubai-hills-maple-2,2025-01,Jan 2025,3,,,,,3
DUBAI HILLS - MAPLE 2,dubai-hills-maple-2,2025-02,Feb 2025,5,1754.89,1581.02,1785.58,5300000.0,5
DUBAI HILLS - MAPLE 2,dubai-hills-maple-2,2025-03,Mar 2025,1,,,,,1
DUBAI HILLS - MAPLE 2,dubai-hills-maple-2,2025-04,Apr 2025,3,,,,,3
DUBAI HILLS - MAPLE 2,dubai-hills-maple-2,2025-05,May 2025,4,,,,,4
DUBAI HILLS - MAPLE 2,dubai-hills-maple-2,2025-06,Jun 2025,3,,,,,3
DUBAI HILLS - MAPLE 2,dubai-hills-maple-2,2025-07,Jul 2025,3,,,,,3
DUBAI HILLS - MAPLE 2,dubai-hills-maple-2,2025-08,Aug 2025,2,,,,,2
DUBAI HILLS - MAPLE 2,dubai-hills-maple-2,2025-09,Sep 2025,3,,,,,3
DUBAI HILLS - MAPLE 2,dubai-hills-maple-2,2025-10,Oct 2025,5,2060.44,1730.46,2286.84,4800000.0,5
DUBAI HILLS - MAPLE 2,dubai-hills-maple-2,2025-11,Nov 2025,3,,,,,3
DUBAI HILLS - MAPLE 2,dubai-hills-maple-2,2025-12,Dec 2025,2,,,,,2
DUBAI HILLS - MAPLE 2,dubai-hills-maple-2,2026-01,Jan 2026,7,1954.76,1816.43,2188.3,5500000.0,7
DUBAI HILLS - MAPLE 2,dubai-hills-maple-2,2026-02,Feb 2026,2,,,,,2
DUBAI HILLS - MAPLE 2,dubai-hills-maple-2,2026-03,Mar 2026,2,,,,,2
DUBAI HILLS - MAPLE 2,dubai-hills-maple-2,2026-04,Apr 2026,1,,,,,1
DUBAI HILLS - MAPLE 2,dubai-hills-maple-2,2026-05,May 2026,3,,,,,3
DUBAI HILLS - MAPLE 2,dubai-hills-maple-2,2026-06,Jun 2026,2,,,,,2
DUBAI HILLS - MAPLE 2,dubai-hills-maple-2,2026-07,Jul 2026,1,,,,,1
DUBAI HILLS - MAPLE 2,dubai-hills-maple-2,2026-08,Aug 2026,2,,,,,2
DUBAI HILLS,dubai-hills,2021-09,Sep 2021,0,,,,30489888.0,15
DUBAI HILLS,dubai-hills,2021-10,Oct 2021,0,,,,,4
DUBAI HILLS,dubai-hills,2021-11,Nov 2021,0,,,,30322343.5,10
DUBAI HILLS,dubai-hills,2021-12,Dec 2021,0,,,,,1
DUBAI HILLS,dubai-hills,2022-01,Jan 2022,0,,,,,0
DUBAI HILLS,dubai-hills,2022-02,Feb 2022,0,,,,,1
DUBAI HILLS,dubai-hills,2022-03,Mar 2022,0,,,,,4
DUBAI HILLS,dubai-hills,2022-04,Apr 2022,0,,,,,0
DUBAI HILLS,dubai-hills,2022-05,May 2022,0,,,,,0
DUBAI HILLS,dubai-hills,2022-06,Jun 2022,0,,,,,0
DUBAI HILLS,dubai-hills,2022-07,Jul 2022,0,,,,,0
DUBAI HILLS,dubai-hills,2022-08,Aug 2022,0,,,,,1
DUBAI HILLS,dubai-hills,2022-09,Sep 2022,0,,,,,1
DUBAI HILLS,dubai-hills,2022-10,Oct 2022,0,,,,24058388.0,72
DUBAI HILLS,dubai-hills,2022-11,Nov 2022,0,,,,23647888.0,35
DUBAI HILLS,dubai-hills,2022-12,Dec 2022,0,,,,,4
DUBAI HILLS,dubai-hills,2023-01,Jan 2023,0,,,,22884669.0,10
DUBAI HILLS,dubai-hills,2023-02,Feb 2023,0,,,,,1
DUBAI HILLS,dubai-hills,2023-03,Mar 2023,0,,,,22914888.0,9
DUBAI HILLS,dubai-hills,2023-04,Apr 2023,0,,,,,2
DUBAI HILLS,dubai-hills,2023-05,May 2023,0,,,,,2
DUBAI HILLS,dubai-hills,2023-06,Jun 2023,0,,,,,2
DUBAI HILLS,dubai-hills,2023-07,Jul 2023,0,,,,,1
DUBAI HILLS,dubai-hills,2023-08,Aug 2023,0,,,,,0
DUBAI HILLS,dubai-hills,2023-09,Sep 2023,0,,,,,1
DUBAI HILLS,dubai-hills,2023-10,Oct 2023,0,,,,,1
DUBAI HILLS,dubai-hills,2023-11,Nov 2023,0,,,,,2
DUBAI HILLS,dubai-hills,2023-12,Dec 2023,0,,,,11946888.0,9
DUBAI HILLS,dubai-hills,2024-01,Jan 2024,0,,,,11378888.0,65
DUBAI HILLS,dubai-hills,2024-02,Feb 2024,0,,,,11397888.0,15
DUBAI HILLS,dubai-hills,2024-03,Mar 2024,0,,,,12936888.0,12
DUBAI HILLS,dubai-hills,2024-04,Apr 2024,0,,,,,2
DUBAI HILLS,dubai-hills,2024-05,May 2024,0,,,,,2
DUBAI HILLS,dubai-hills,2024-06,Jun 2024,0,,,,,4
DUBAI HILLS,dubai-hills,2024-07,Jul 2024,0,,,,24250000.0,8
DUBAI HILLS,dubai-hills,2024-08,Aug 2024,0,,,,37732122.0,9
DUBAI HILLS,dubai-hills,2024-09,Sep 2024,0,,,,23313066.0,5
DUBAI HILLS,dubai-hills,2024-10,Oct 2024,0,,,,25430888.0,5
DUBAI HILLS,dubai-hills,2024-11,Nov 2024,0,,,,,2
DUBAI HILLS,dubai-hills,2024-12,Dec 2024,0,,,,25748888.0,5
DUBAI HILLS,dubai-hills,2025-01,Jan 2025,0,,,,,3
DUBAI HILLS,dubai-hills,2025-02,Feb 2025,0,,,,,4
DUBAI HILLS,dubai-hills,2025-03,Mar 2025,0,,,,,4
DUBAI HILLS,dubai-hills,2025-04,Apr 2025,0,,,,,2
DUBAI HILLS,dubai-hills,2025-05,May 2025,0,,,,,4
DUBAI HILLS,dubai-hills,2025-06,Jun 2025,0,,,,15614839.0,6
DUBAI HILLS,dubai-hills,2025-07,Jul 2025,0,,,,14289888.0,14
DUBAI HILLS,dubai-hills,2025-08,Aug 2025,0,,,,15983484.5,6
DUBAI HILLS,dubai-hills,2025-09,Sep 2025,0,,,,,3
DUBAI HILLS,dubai-hills,2025-10,Oct 2025,0,,,,23900000.0,5
DUBAI HILLS,dubai-hills,2025-11,Nov 2025,0,,,,,4
DUBAI HILLS,dubai-hills,2025-12,Dec 2025,0,,,,,0
DUBAI HILLS,dubai-hills,2026-01,Jan 2026,0,,,,,1
DUBAI HILLS,dubai-hills,2026-02,Feb 2026,0,,,,24000000.0,5
DUBAI HILLS,dubai-hills,2026-03,Mar 2026,0,,,,,1
DUBAI HILLS,dubai-hills,2026-04,Apr 2026,0,,,,,1
DUBAI HILLS,dubai-hills,2026-05,May 2026,0,,,,,2
DUBAI HILLS,dubai-hills,2026-06,Jun 2026,0,,,,,3
DUBAI HILLS,dubai-hills,2026-07,Jul 2026,0,,,,,3
DUBAI HILLS,dubai-hills,2026-08,Aug 2026,0,,,,,4
DUBAI HILLS - SIDRA 2,dubai-hills-sidra-2,2021-09,Sep 2021,0,,,,4300000.0,7
DUBAI HILLS - SIDRA 2,dubai-hills-sidra-2,2021-10,Oct 2021,0,,,,4850000.0,5
DUBAI HILLS - SIDRA 2,dubai-hills-sidra-2,2021-11,Nov 2021,0,,,,4100000.0,5
DUBAI HILLS - SIDRA 2,dubai-hills-sidra-2,2021-12,Dec 2021,0,,,,,4
DUBAI HILLS - SIDRA 2,dubai-hills-sidra-2,2022-01,Jan 2022,0,,,,,2
DUBAI HILLS - SIDRA 2,dubai-hills-sidra-2,2022-02,Feb 2022,0,,,,5300000.0,7
DUBAI HILLS - SIDRA 2,dubai-hills-sidra-2,2022-03,Mar 2022,0,,,,4700000.0,7
DUBAI HILLS - SIDRA 2,dubai-hills-sidra-2,2022-04,Apr 2022,0,,,,,4
DUBAI HILLS - SIDRA 2,dubai-hills-sidra-2,2022-05,May 2022,0,,,,,4
DUBAI HILLS - SIDRA 2,dubai-hills-sidra-2,2022-06,Jun 2022,0,,,,5012500.0,10
DUBAI HILLS - SIDRA 2,dubai-hills-sidra-2,2022-07,Jul 2022,0,,,,,2
DUBAI HILLS - SIDRA 2,dubai-hills-sidra-2,2022-08,Aug 2022,0,,,,6000000.0,7
DUBAI HILLS - SIDRA 2,dubai-hills-sidra-2,2022-09,Sep 2022,0,,,,,2
DUBAI HILLS - SIDRA 2,dubai-hills-sidra-2,2022-10,Oct 2022,0,,,,5387500.0,8
DUBAI HILLS - SIDRA 2,dubai-hills-sidra-2,2022-11,Nov 2022,0,,,,,3
DUBAI HILLS - SIDRA 2,dubai-hills-sidra-2,2022-12,Dec 2022,0,,,,,1
DUBAI HILLS - SIDRA 2,dubai-hills-sidra-2,2023-01,Jan 2023,0,,,,6725500.0,6
DUBAI HILLS - SIDRA 2,dubai-hills-sidra-2,2023-02,Feb 2023,0,,,,,1
DUBAI HILLS - SIDRA 2,dubai-hills-sidra-2,2023-03,Mar 2023,0,,,,6300000.0,5
DUBAI HILLS - SIDRA 2,dubai-hills-sidra-2,2023-04,Apr 2023,0,,,,7850000.0,8
DUBAI HILLS - SIDRA 2,dubai-hills-sidra-2,2023-05,May 2023,0,,,,,4
DUBAI HILLS - SIDRA 2,dubai-hills-sidra-2,2023-06,Jun 2023,0,,,,7200000.0,5
DUBAI HILLS - SIDRA 2,dubai-hills-sidra-2,2023-07,Jul 2023,0,,,,7150000.0,5
DUBAI HILLS - SIDRA 2,dubai-hills-sidra-2,2023-08,Aug 2023,0,,,,,0
DUBAI HILLS - SIDRA 2,dubai-hills-sidra-2,2023-09,Sep 2023,0,,,,,3
DUBAI HILLS - SIDRA 2,dubai-hills-sidra-2,2023-10,Oct 2023,0,,,,6075000.0,5
DUBAI HILLS - SIDRA 2,dubai-hills-sidra-2,2023-11,Nov 2023,0,,,,6400000.0,5
DUBAI HILLS - SIDRA 2,dubai-hills-sidra-2,2023-12,Dec 2023,0,,,,,4
DUBAI HILLS - SIDRA 2,dubai-hills-sidra-2,2024-01,Jan 2024,0,,,,,0
DUBAI HILLS - SIDRA 2,dubai-hills-sidra-2,2024-02,Feb 2024,0,,,,,3
DUBAI HILLS - SIDRA 2,dubai-hills-sidra-2,2024-03,Mar 2024,0,,,,6900000.0,5
DUBAI HILLS - SIDRA 2,dubai-hills-sidra-2,2024-04,Apr 2024,0,,,,,0
DUBAI HILLS - SIDRA 2,dubai-hills-sidra-2,2024-05,May 2024,0,,,,,3
DUBAI HILLS - SIDRA 2,dubai-hills-sidra-2,2024-06,Jun 2024,0,,,,,1
DUBAI HILLS - SIDRA 2,dubai-hills-sidra-2,2024-07,Jul 2024,0,,,,,2
DUBAI HILLS - SIDRA 2,dubai-hills-sidra-2,2024-08,Aug 2024,0,,,,,3
DUBAI HILLS - SIDRA 2,dubai-hills-sidra-2,2024-09,Sep 2024,0,,,,,4
DUBAI HILLS - SIDRA 2,dubai-hills-sidra-2,2024-10,Oct 2024,0,,,,,2
DUBAI HILLS - SIDRA 2,dubai-hills-sidra-2,2024-11,Nov 2024,0,,,,9200000.0,7
DUBAI HILLS - SIDRA 2,dubai-hills-sidra-2,2024-12,Dec 2024,0,,,,,1
DUBAI HILLS - SIDRA 2,dubai-hills-sidra-2,2025-01,Jan 2025,0,,,,,4
DUBAI HILLS - SIDRA 2,dubai-hills-sidra-2,2025-02,Feb 2025,0,,,,,2
DUBAI HILLS - SIDRA 2,dubai-hills-sidra-2,2025-03,Mar 2025,0,,,,,1
DUBAI HILLS - SIDRA 2,dubai-hills-sidra-2,2025-04,Apr 2025,0,,,,,1
DUBAI HILLS - SIDRA 2,dubai-hills-sidra-2,2025-05,May 2025,0,,,,,1
DUBAI HILLS - SIDRA 2,dubai-hills-sidra-2,2025-06,Jun 2025,0,,,,,3
DUBAI HILLS - SIDRA 2,dubai-hills-sidra-2,2025-07,Jul 2025,0,,,,,1
DUBAI HILLS - SIDRA 2,dubai-hills-sidra-2,2025-08,Aug 2025,0,,,,,3
DUBAI HILLS - SIDRA 2,dubai-hills-sidra-2,2025-09,Sep 2025,0,,,,,3
DUBAI HILLS - SIDRA 2,dubai-hills-sidra-2,2025-10,Oct 2025,0,,,,,2
DUBAI HILLS - SIDRA 2,dubai-hills-sidra-2,2025-11,Nov 2025,0,,,,,0
DUBAI HILLS - SIDRA 2,dubai-hills-sidra-2,2025-12,Dec 2025,0,,,,11000000.0,5
DUBAI HILLS - SIDRA 2,dubai-hills-sidra-2,2026-01,Jan 2026,0,,,,,4
DUBAI HILLS - SIDRA 2,dubai-hills-sidra-2,2026-02,Feb 2026,0,,,,,1
DUBAI HILLS - SIDRA 2,dubai-hills-sidra-2,2026-03,Mar 2026,0,,,,,4
DUBAI HILLS - SIDRA 2,dubai-hills-sidra-2,2026-04,Apr 2026,0,,,,,1
DUBAI HILLS - SIDRA 2,dubai-hills-sidra-2,2026-05,May 2026,0,,,,,2
DUBAI HILLS - SIDRA 2,dubai-hills-sidra-2,2026-06,Jun 2026,0,,,,,3
DUBAI HILLS - SIDRA 2,dubai-hills-sidra-2,2026-07,Jul 2026,0,,,,,2
DUBAI HILLS - SIDRA 2,dubai-hills-sidra-2,2026-08,Aug 2026,0,,,,,2
DUBAI HILLS - SIDRA 1,dubai-hills-sidra-1,2021-09,Sep 2021,0,,,,4750000.0,9
DUBAI HILLS - SIDRA 1,dubai-hills-sidra-1,2021-10,Oct 2021,0,,,,,4
DUBAI HILLS - SIDRA 1,dubai-hills-sidra-1,2021-11,Nov 2021,0,,,,4525000.0,8
DUBAI HILLS - SIDRA 1,dubai-hills-sidra-1,2021-12,Dec 2021,0,,,,5400000.0,6
DUBAI HILLS - SIDRA 1,dubai-hills-sidra-1,2022-01,Jan 2022,0,,,,,1
DUBAI HILLS - SIDRA 1,dubai-hills-sidra-1,2022-02,Feb 2022,0,,,,5000000.0,7
DUBAI HILLS - SIDRA 1,dubai-hills-sidra-1,2022-03,Mar 2022,0,,,,6200000.0,5
DUBAI HILLS - SIDRA 1,dubai-hills-sidra-1,2022-04,Apr 2022,0,,,,,3
DUBAI HILLS - SIDRA 1,dubai-hills-sidra-1,2022-05,May 2022,0,,,,,2
DUBAI HILLS - SIDRA 1,dubai-hills-sidra-1,2022-06,Jun 2022,0,,,,5625000.0,10
DUBAI HILLS - SIDRA 1,dubai-hills-sidra-1,2022-07,Jul 2022,0,,,,,1
DUBAI HILLS - SIDRA 1,dubai-hills-sidra-1,2022-08,Aug 2022,0,,,,,1
DUBAI HILLS - SIDRA 1,dubai-hills-sidra-1,2022-09,Sep 2022,0,,,,,4
DUBAI HILLS - SIDRA 1,dubai-hills-sidra-1,2022-10,Oct 2022,0,,,,6460750.0,6
DUBAI HILLS - SIDRA 1,dubai-hills-sidra-1,2022-11,Nov 2022,0,,,,,3
DUBAI HILLS - SIDRA 1,dubai-hills-sidra-1,2022-12,Dec 2022,0,,,,6600000.0,5
DUBAI HILLS - SIDRA 1,dubai-hills-sidra-1,2023-01,Jan 2023,0,,,,6900000.0,7
DUBAI HILLS - SIDRA 1,dubai-hills-sidra-1,2023-02,Feb 2023,0,,,,6800000.0,7
DUBAI HILLS - SIDRA 1,dubai-hills-sidra-1,2023-03,Mar 2023,0,,,,8000000.0,7
DUBAI HILLS - SIDRA 1,dubai-hills-sidra-1,2023-04,Apr 2023,0,,,,,2
DUBAI HILLS - SIDRA 1,dubai-hills-sidra-1,2023-05,May 2023,0,,,,,4
DUBAI HILLS - SIDRA 1,dubai-hills-sidra-1,2023-06,Jun 2023,0,,,,7150000.0,9
DUBAI HILLS - SIDRA 1,dubai-hills-sidra-1,2023-07,Jul 2023,0,,,,,1
DUBAI HILLS - SIDRA 1,dubai-hills-sidra-1,2023-08,Aug 2023,0,,,,,1
DUBAI HILLS - SIDRA 1,dubai-hills-sidra-1,2023-09,Sep 2023,0,,,,,2
DUBAI HILLS - SIDRA 1,dubai-hills-sidra-1,2023-10,Oct 2023,0,,,,,3
DUBAI HILLS - SIDRA 1,dubai-hills-sidra-1,2023-11,Nov 2023,0,,,,,1
DUBAI HILLS - SIDRA 1,dubai-hills-sidra-1,2023-12,Dec 2023,0,,,,,4
DUBAI HILLS - SIDRA 1,dubai-hills-sidra-1,2024-01,Jan 2024,0,,,,8000000.0,5
DUBAI HILLS - SIDRA 1,dubai-hills-sidra-1,2024-02,Feb 2024,0,,,,,4
DUBAI HILLS - SIDRA 1,dubai-hills-sidra-1,2024-03,Mar 2024,0,,,,,1
DUBAI HILLS - SIDRA 1,dubai-hills-sidra-1,2024-04,Apr 2024,0,,,,,0
DUBAI HILLS - SIDRA 1,dubai-hills-sidra-1,2024-05,May 2024,0,,,,,4
DUBAI HILLS - SIDRA 1,dubai-hills-sidra-1,2024-06,Jun 2024,0,,,,8200000.0,7
DUBAI HILLS - SIDRA 1,dubai-hills-sidra-1,2024-07,Jul 2024,0,,,,,3
DUBAI HILLS - SIDRA 1,dubai-hills-sidra-1,2024-08,Aug 2024,0,,,,8000000.0,5
DUBAI HILLS - SIDRA 1,dubai-hills-sidra-1,2024-09,Sep 2024,0,,,,,3
DUBAI HILLS - SIDRA 1,dubai-hills-sidra-1,2024-10,Oct 2024,0,,,,,4
DUBAI HILLS - SIDRA 1,dubai-hills-sidra-1,2024-11,Nov 2024,0,,,,,2
DUBAI HILLS - SIDRA 1,dubai-hills-sidra-1,2024-12,Dec 2024,0,,,,,2
DUBAI HILLS - SIDRA 1,dubai-hills-sidra-1,2025-01,Jan 2025,0,,,,12600000.0,6
DUBAI HILLS - SIDRA 1,dubai-hills-sidra-1,2025-02,Feb 2025,0,,,,,3
DUBAI HILLS - SIDRA 1,dubai-hills-sidra-1,2025-03,Mar 2025,0,,,,,3
DUBAI HILLS - SIDRA 1,dubai-hills-sidra-1,2025-04,Apr 2025,0,,,,,4
DUBAI HILLS - SIDRA 1,dubai-hills-sidra-1,2025-05,May 2025,0,,,,,4
DUBAI HILLS - SIDRA 1,dubai-hills-sidra-1,2025-06,Jun 2025,0,,,,11000000.0,5
DUBAI HILLS - SIDRA 1,dubai-hills-sidra-1,2025-07,Jul 2025,0,,,,,3
DUBAI HILLS - SIDRA 1,dubai-hills-sidra-1,2025-08,Aug 2025,0,,,,12000000.0,6
DUBAI HILLS - SIDRA 1,dubai-hills-sidra-1,2025-09,Sep 2025,0,,,,,4
DUBAI HILLS - SIDRA 1,dubai-hills-sidra-1,2025-10,Oct 2025,0,,,,,4
DUBAI HILLS - SIDRA 1,dubai-hills-sidra-1,2025-11,Nov 2025,0,,,,,0
DUBAI HILLS - SIDRA 1,dubai-hills-sidra-1,2025-12,Dec 2025,0,,,,,3
DUBAI HILLS - SIDRA 1,dubai-hills-sidra-1,2026-01,Jan 2026,0,,,,,1
DUBAI HILLS - SIDRA 1,dubai-hills-sidra-1,2026-02,Feb 2026,0,,,,12400000.0,5
DUBAI HILLS - SIDRA 1,dubai-hills-sidra-1,2026-03,Mar 2026,0,,,,,1
DUBAI HILLS - SIDRA 1,dubai-hills-sidra-1,2026-04,Apr 2026,0,,,,,1
DUBAI HILLS - SIDRA 1,dubai-hills-sidra-1,2026-05,May 2026,0,,,,,2
DUBAI HILLS - SIDRA 1,dubai-hills-sidra-1,2026-06,Jun 2026,0,,,,,3
DUBAI HILLS - SIDRA 1,dubai-hills-sidra-1,2026-07,Jul 2026,0,,,,,3
DUBAI HILLS - SIDRA 1,dubai-hills-sidra-1,2026-08,Aug 2026,0,,,,,2
Uptown Mirdif,uptown-mirdif,2022-06,Jun 2022,6,639.45,590.22,645.97,925000.0,6
Uptown Mirdif,uptown-mirdif,2022-07,Jul 2022,0,,,,,0
Uptown Mirdif,uptown-mirdif,2022-08,Aug 2022,8,632.72,576.53,850.56,915000.0,8
Uptown Mirdif,uptown-mirdif,2022-09,Sep 2022,5,781.38,562.17,804.51,,4
Uptown Mirdif,uptown-mirdif,2022-10,Oct 2022,1,,,,,1
Uptown Mirdif,uptown-mirdif,2022-11,Nov 2022,2,,,,,2
Uptown Mirdif,uptown-mirdif,2022-12,Dec 2022,3,,,,,3
Uptown Mirdif,uptown-mirdif,2023-01,Jan 2023,2,,,,,2
Uptown Mirdif,uptown-mirdif,2023-02,Feb 2023,5,739.59,623.15,811.22,700000.0,5
Uptown Mirdif,uptown-mirdif,2023-03,Mar 2023,4,,,,,4
Uptown Mirdif,uptown-mirdif,2023-04,Apr 2023,3,,,,,3
Uptown Mirdif,uptown-mirdif,2023-05,May 2023,3,,,,,3
Uptown Mirdif,uptown-mirdif,2023-06,Jun 2023,7,595.59,565.49,809.09,800000.0,7
Uptown Mirdif,uptown-mirdif,2023-07,Jul 2023,3,,,,,3
Uptown Mirdif,uptown-mirdif,2023-08,Aug 2023,3,,,,,3
Uptown Mirdif,uptown-mirdif,2023-09,Sep 2023,1,,,,,1
Uptown Mirdif,uptown-mirdif,2023-10,Oct 2023,5,820.29,793.93,915.68,700000.0,5
Uptown Mirdif,uptown-mirdif,2023-11,Nov 2023,3,,,,,3
Uptown Mirdif,uptown-mirdif,2023-12,Dec 2023,6,672.15,632.45,832.81,650000.0,6
Uptown Mirdif,uptown-mirdif,2024-01,Jan 2024,6,742.2,688.15,797.88,970000.0,6
Uptown Mirdif,uptown-mirdif,2024-02,Feb 2024,1,,,,,3
Uptown Mirdif,uptown-mirdif,2024-03,Mar 2024,7,923.69,796.49,1015.79,1100000.0,7
Uptown Mirdif,uptown-mirdif,2024-04,Apr 2024,4,,,,,4
Uptown Mirdif,uptown-mirdif,2024-05,May 2024,7,889.3,756.56,1030.05,1080000.0,7
Uptown Mirdif,uptown-mirdif,2024-06,Jun 2024,4,,,,,4
Uptown Mirdif,uptown-mirdif,2024-07,Jul 2024,4,,,,852112.0,5
Uptown Mirdif,uptown-mirdif,2024-08,Aug 2024,4,,,,,4
Uptown Mirdif,uptown-mirdif,2024-09,Sep 2024,3,,,,,3
Uptown Mirdif,uptown-mirdif,2024-10,Oct 2024,4,,,,578805.0,22
Uptown Mirdif,uptown-mirdif,2024-11,Nov 2024,5,1000.88,858.49,1106.21,830000.0,5
Uptown Mirdif,uptown-mirdif,2024-12,Dec 2024,3,,,,,3
Uptown Mirdif,uptown-mirdif,2025-01,Jan 2025,0,,,,,0
Uptown Mirdif,uptown-mirdif,2025-02,Feb 2025,5,823.79,810.12,861.7,1042000.0,6
Uptown Mirdif,uptown-mirdif,2025-03,Mar 2025,3,,,,,3
Uptown Mirdif,uptown-mirdif,2025-04,Apr 2025,5,850.86,729.89,957.56,890000.0,5
Uptown Mirdif,uptown-mirdif,2025-05,May 2025,2,,,,,2
Uptown Mirdif,uptown-mirdif,2025-06,Jun 2025,5,928.1,915.3,931.93,1030000.0,5
Uptown Mirdif,uptown-mirdif,2025-07,Jul 2025,6,851.84,792.44,1049.61,1075000.0,6
Uptown Mirdif,uptown-mirdif,2025-08,Aug 2025,6,845.44,822.95,896.19,1140000.0,6
Uptown Mirdif,uptown-mirdif,2025-09,Sep 2025,3,,,,,3
Uptown Mirdif,uptown-mirdif,2025-10,Oct 2025,5,707.77,668.97,842.02,1000000.0,5
Uptown Mirdif,uptown-mirdif,2025-11,Nov 2025,2,,,,,2
Uptown Mirdif,uptown-mirdif,2025-12,Dec 2025,6,831.28,790.33,989.06,1115000.0,6
Uptown Mirdif,uptown-mirdif,2026-01,Jan 2026,4,,,,,4
Uptown Mirdif,uptown-mirdif,2026-02,Feb 2026,2,,,,,2
Uptown Mirdif,uptown-mirdif,2026-03,Mar 2026,1,,,,,1
Uptown Mirdif,uptown-mirdif,2026-04,Apr 2026,1,,,,,1
Uptown Mirdif,uptown-mirdif,2026-05,May 2026,1,,,,,1
Uptown Mirdif,uptown-mirdif,2026-06,Jun 2026,2,,,,,2
Uptown Mirdif,uptown-mirdif,2026-07,Jul 2026,1,,,,,1
Uptown Mirdif,uptown-mirdif,2026-08,Aug 2026,1,,,,,1
DUBAI HILLS - SIDRA 3,dubai-hills-sidra-3,2021-09,Sep 2021,0,,,,,4
DUBAI HILLS - SIDRA 3,dubai-hills-sidra-3,2021-10,Oct 2021,0,,,,,3
DUBAI HILLS - SIDRA 3,dubai-hills-sidra-3,2021-11,Nov 2021,0,,,,,1
DUBAI HILLS - SIDRA 3,dubai-hills-sidra-3,2021-12,Dec 2021,0,,,,,2
DUBAI HILLS - SIDRA 3,dubai-hills-sidra-3,2022-01,Jan 2022,0,,,,4412500.0,6
DUBAI HILLS - SIDRA 3,dubai-hills-sidra-3,2022-02,Feb 2022,0,,,,,2
DUBAI HILLS - SIDRA 3,dubai-hills-sidra-3,2022-03,Mar 2022,0,,,,,3
DUBAI HILLS - SIDRA 3,dubai-hills-sidra-3,2022-04,Apr 2022,0,,,,5200000.0,7
DUBAI HILLS - SIDRA 3,dubai-hills-sidra-3,2022-05,May 2022,0,,,,,3
DUBAI HILLS - SIDRA 3,dubai-hills-sidra-3,2022-06,Jun 2022,0,,,,,4
DUBAI HILLS - SIDRA 3,dubai-hills-sidra-3,2022-07,Jul 2022,0,,,,,3
DUBAI HILLS - SIDRA 3,dubai-hills-sidra-3,2022-08,Aug 2022,0,,,,,2
DUBAI HILLS - SIDRA 3,dubai-hills-sidra-3,2022-09,Sep 2022,0,,,,,1
DUBAI HILLS - SIDRA 3,dubai-hills-sidra-3,2022-10,Oct 2022,0,,,,,1
DUBAI HILLS - SIDRA 3,dubai-hills-sidra-3,2022-11,Nov 2022,0,,,,,2
DUBAI HILLS - SIDRA 3,dubai-hills-sidra-3,2022-12,Dec 2022,0,,,,,3
DUBAI HILLS - SIDRA 3,dubai-hills-sidra-3,2023-01,Jan 2023,0,,,,,0
DUBAI HILLS - SIDRA 3,dubai-hills-sidra-3,2023-02,Feb 2023,0,,,,,3
DUBAI HILLS - SIDRA 3,dubai-hills-sidra-3,2023-03,Mar 2023,0,,,,,2
DUBAI HILLS - SIDRA 3,dubai-hills-sidra-3,2023-04,Apr 2023,0,,,,,3
DUBAI HILLS - SIDRA 3,dubai-hills-sidra-3,2023-05,May 2023,0,,,,,3
DUBAI HILLS - SIDRA 3,dubai-hills-sidra-3,2023-06,Jun 2023,0,,,,,1
DUBAI HILLS - SIDRA 3,dubai-hills-sidra-3,2023-07,Jul 2023,0,,,,,3
DUBAI HILLS - SIDRA 3,dubai-hills-sidra-3,2023-08,Aug 2023,0,,,,,3
DUBAI HILLS - SIDRA 3,dubai-hills-sidra-3,2023-09,Sep 2023,0,,,,,3
DUBAI HILLS - SIDRA 3,dubai-hills-sidra-3,2023-10,Oct 2023,0,,,,,4
DUBAI HILLS - SIDRA 3,dubai-hills-sidra-3,2023-11,Nov 2023,0,,,,,4
DUBAI HILLS - SIDRA 3,dubai-hills-sidra-3,2023-12,Dec 2023,0,,,,,3
DUBAI HILLS - SIDRA 3,dubai-hills-sidra-3,2024-01,Jan 2024,0,,,,,4
DUBAI HILLS - SIDRA 3,dubai-hills-sidra-3,2024-02,Feb 2024,0,,,,,3
DUBAI HILLS - SIDRA 3,dubai-hills-sidra-3,2024-03,Mar 2024,0,,,,,2
DUBAI HILLS - SIDRA 3,dubai-hills-sidra-3,2024-04,Apr 2024,0,,,,,1
DUBAI HILLS - SIDRA 3,dubai-hills-sidra-3,2024-05,May 2024,0,,,,,3
DUBAI HILLS - SIDRA 3,dubai-hills-sidra-3,2024-06,Jun 2024,0,,,,6950000.0,8
DUBAI HILLS - SIDRA 3,dubai-hills-sidra-3,2024-07,Jul 2024,0,,,,,3
DUBAI HILLS - SIDRA 3,dubai-hills-sidra-3,2024-08,Aug 2024,0,,,,,1
DUBAI HILLS - SIDRA 3,dubai-hills-sidra-3,2024-09,Sep 2024,0,,,,,1
DUBAI HILLS - SIDRA 3,dubai-hills-sidra-3,2024-10,Oct 2024,0,,,,,2
DUBAI HILLS - SIDRA 3,dubai-hills-sidra-3,2024-11,Nov 2024,0,,,,,3
DUBAI HILLS - SIDRA 3,dubai-hills-sidra-3,2024-12,Dec 2024,0,,,,,3
DUBAI HILLS - SIDRA 3,dubai-hills-sidra-3,2025-01,Jan 2025,0,,,,8125000.0,6
DUBAI HILLS - SIDRA 3,dubai-hills-sidra-3,2025-02,Feb 2025,0,,,,8887500.0,6
DUBAI HILLS - SIDRA 3,dubai-hills-sidra-3,2025-03,Mar 2025,0,,,,,1
DUBAI HILLS - SIDRA 3,dubai-hills-sidra-3,2025-04,Apr 2025,0,,,,,3
DUBAI HILLS - SIDRA 3,dubai-hills-sidra-3,2025-05,May 2025,0,,,,,3
DUBAI HILLS - SIDRA 3,dubai-hills-sidra-3,2025-06,Jun 2025,0,,,,,1
DUBAI HILLS - SIDRA 3,dubai-hills-sidra-3,2025-07,Jul 2025,0,,,,,3
DUBAI HILLS - SIDRA 3,dubai-hills-sidra-3,2025-08,Aug 2025,0,,,,,2
DUBAI HILLS - SIDRA 3,dubai-hills-sidra-3,2025-09,Sep 2025,0,,,,7700000.0,5
DUBAI HILLS - SIDRA 3,dubai-hills-sidra-3,2025-10,Oct 2025,0,,,,,2
DUBAI HILLS - SIDRA 3,dubai-hills-sidra-3,2025-11,Nov 2025,0,,,,,3
DUBAI HILLS - SIDRA 3,dubai-hills-sidra-3,2025-12,Dec 2025,0,,,,,3
DUBAI HILLS - SIDRA 3,dubai-hills-sidra-3,2026-01,Jan 2026,0,,,,,1
DUBAI HILLS - SIDRA 3,dubai-hills-sidra-3,2026-02,Feb 2026,0,,,,,1
DUBAI HILLS - SIDRA 3,dubai-hills-sidra-3,2026-03,Mar 2026,0,,,,,2
DUBAI HILLS - SIDRA 3,dubai-hills-sidra-3,2026-04,Apr 2026,0,,,,,0
DUBAI HILLS - SIDRA 3,dubai-hills-sidra-3,2026-05,May 2026,0,,,,,0
DUBAI HILLS - SIDRA 3,dubai-hills-sidra-3,2026-06,Jun 2026,0,,,,,4
DUBAI HILLS - SIDRA 3,dubai-hills-sidra-3,2026-07,Jul 2026,0,,,,,3
DUBAI HILLS - SIDRA 3,dubai-hills-sidra-3,2026-08,Aug 2026,0,,,,,3
TECOM Site D,tecom-site-d,2024-11,Nov 2024,8,2779.87,2710.35,2866.01,1650388.0,8
TECOM Site D,tecom-site-d,2024-12,Dec 2024,131,2649.06,2555.21,2822.42,1709888.0,131
TECOM Site D,tecom-site-d,2025-01,Jan 2025,89,2702.09,2518.0,2857.57,2051030.0,89
TECOM Site D,tecom-site-d,2025-02,Feb 2025,250,2701.67,2539.66,2799.63,1558388.0,250
TECOM Site D,tecom-site-d,2025-03,Mar 2025,49,2724.65,2540.77,2923.88,1479252.0,49
TECOM Site D,tecom-site-d,2025-04,Apr 2025,44,2655.66,2507.88,2869.32,1534388.0,44
TECOM Site D,tecom-site-d,2025-05,May 2025,17,2619.63,2378.62,2720.02,2062932.0,17
TECOM Site D,tecom-site-d,2025-06,Jun 2025,45,2479.63,2357.77,2630.36,1551789.0,45
TECOM Site D,tecom-site-d,2025-07,Jul 2025,84,2598.51,2468.2,2738.02,1851732.0,100
TECOM Site D,tecom-site-d,2025-08,Aug 2025,11,2541.7,2294.11,2667.52,2051030.0,13
TECOM Site D,tecom-site-d,2025-09,Sep 2025,8,2715.3,2332.97,2830.73,2285250.0,8
TECOM Site D,tecom-site-d,2025-10,Oct 2025,4,,,,2033888.0,5
TECOM Site D,tecom-site-d,2025-11,Nov 2025,3,,,,,3
TECOM Site D,tecom-site-d,2025-12,Dec 2025,2,,,,,2
TECOM Site D,tecom-site-d,2026-01,Jan 2026,4,,,,,4
TECOM Site D,tecom-site-d,2026-02,Feb 2026,1,,,,,1
TECOM Site D,tecom-site-d,2026-03,Mar 2026,1,,,,,1
TECOM Site D,tecom-site-d,2026-04,Apr 2026,0,,,,,0
TECOM Site D,tecom-site-d,2026-05,May 2026,1,,,,,1
TECOM Site D,tecom-site-d,2026-06,Jun 2026,0,,,,,0
TECOM Site D,tecom-site-d,2026-07,Jul 2026,0,,,,,0
TECOM Site D,tecom-site-d,2026-08,Aug 2026,0,,,,,0
Nad Al Shiba Villas,nad-al-shiba-villas,2021-09,Sep 2021,0,,,,2708000.0,39
Nad Al Shiba Villas,nad-al-shiba-villas,2021-10,Oct 2021,0,,,,2688000.0,44
Nad Al Shiba Villas,nad-al-shiba-villas,2021-11,Nov 2021,0,,,,2678000.0,72
Nad Al Shiba Villas,nad-al-shiba-villas,2021-12,Dec 2021,0,,,,2688000.0,60
Nad Al Shiba Villas,nad-al-shiba-villas,2022-01,Jan 2022,0,,,,2678000.0,30
Nad Al Shiba Villas,nad-al-shiba-villas,2022-02,Feb 2022,0,,,,2708000.0,31
Nad Al Shiba Villas,nad-al-shiba-villas,2022-03,Mar 2022,0,,,,,3
Nad Al Shiba Villas,nad-al-shiba-villas,2022-04,Apr 2022,0,,,,2658000.0,5
Nad Al Shiba Villas,nad-al-shiba-villas,2022-05,May 2022,0,,,,3100000.0,7
Nad Al Shiba Villas,nad-al-shiba-villas,2022-06,Jun 2022,0,,,,3237500.0,6
Nad Al Shiba Villas,nad-al-shiba-villas,2022-07,Jul 2022,0,,,,3300000.0,5
Nad Al Shiba Villas,nad-al-shiba-villas,2022-08,Aug 2022,0,,,,3200000.0,5
Nad Al Shiba Villas,nad-al-shiba-villas,2022-09,Sep 2022,0,,,,,4
Nad Al Shiba Villas,nad-al-shiba-villas,2022-10,Oct 2022,0,,,,,4
Nad Al Shiba Villas,nad-al-shiba-villas,2022-11,Nov 2022,0,,,,3220000.0,7
Nad Al Shiba Villas,nad-al-shiba-villas,2022-12,Dec 2022,0,,,,3450000.0,7
Nad Al Shiba Villas,nad-al-shiba-villas,2023-01,Jan 2023,0,,,,,2
Nad Al Shiba Villas,nad-al-shiba-villas,2023-02,Feb 2023,0,,,,,2
Nad Al Shiba Villas,nad-al-shiba-villas,2023-03,Mar 2023,0,,,,3350000.0,5
Nad Al Shiba Villas,nad-al-shiba-villas,2023-04,Apr 2023,0,,,,,2
Nad Al Shiba Villas,nad-al-shiba-villas,2023-05,May 2023,0,,,,,2
Nad Al Shiba Villas,nad-al-shiba-villas,2023-06,Jun 2023,0,,,,,0
Nad Al Shiba Villas,nad-al-shiba-villas,2023-07,Jul 2023,0,,,,3500000.0,5
Nad Al Shiba Villas,nad-al-shiba-villas,2023-08,Aug 2023,0,,,,3500000.0,7
Nad Al Shiba Villas,nad-al-shiba-villas,2023-09,Sep 2023,0,,,,,4
Nad Al Shiba Villas,nad-al-shiba-villas,2023-10,Oct 2023,0,,,,3669400.0,6
Nad Al Shiba Villas,nad-al-shiba-villas,2023-11,Nov 2023,0,,,,3650000.0,7
Nad Al Shiba Villas,nad-al-shiba-villas,2023-12,Dec 2023,0,,,,,2
Nad Al Shiba Villas,nad-al-shiba-villas,2024-01,Jan 2024,0,,,,,1
Nad Al Shiba Villas,nad-al-shiba-villas,2024-02,Feb 2024,0,,,,,3
Nad Al Shiba Villas,nad-al-shiba-villas,2024-03,Mar 2024,0,,,,,3
Nad Al Shiba Villas,nad-al-shiba-villas,2024-04,Apr 2024,0,,,,3740000.0,6
Nad Al Shiba Villas,nad-al-shiba-villas,2024-05,May 2024,0,,,,3800000.0,5
Nad Al Shiba Villas,nad-al-shiba-villas,2024-06,Jun 2024,0,,,,,3
Nad Al Shiba Villas,nad-al-shiba-villas,2024-07,Jul 2024,0,,,,,3
Nad Al Shiba Villas,nad-al-shiba-villas,2024-08,Aug 2024,0,,,,,3
Nad Al Shiba Villas,nad-al-shiba-villas,2024-09,Sep 2024,0,,,,,4
Nad Al Shiba Villas,nad-al-shiba-villas,2024-10,Oct 2024,0,,,,,2
Nad Al Shiba Villas,nad-al-shiba-villas,2024-11,Nov 2024,0,,,,,2
Nad Al Shiba Villas,nad-al-shiba-villas,2024-12,Dec 2024,0,,,,4050000.0,8
Nad Al Shiba Villas,nad-al-shiba-villas,2025-01,Jan 2025,0,,,,,4
Nad Al Shiba Villas,nad-al-shiba-villas,2025-02,Feb 2025,0,,,,,4
Nad Al Shiba Villas,nad-al-shiba-villas,2025-03,Mar 2025,0,,,,,4
Nad Al Shiba Villas,nad-al-shiba-villas,2025-04,Apr 2025,0,,,,4400000.0,8
Nad Al Shiba Villas,nad-al-shiba-villas,2025-05,May 2025,0,,,,,3
Nad Al Shiba Villas,nad-al-shiba-villas,2025-06,Jun 2025,0,,,,,3
Nad Al Shiba Villas,nad-al-shiba-villas,2025-07,Jul 2025,0,,,,,0
Nad Al Shiba Villas,nad-al-shiba-villas,2025-08,Aug 2025,0,,,,,1
Nad Al Shiba Villas,nad-al-shiba-villas,2025-09,Sep 2025,0,,,,,4
Nad Al Shiba Villas,nad-al-shiba-villas,2025-10,Oct 2025,0,,,,,1
Nad Al Shiba Villas,nad-al-shiba-villas,2025-11,Nov 2025,0,,,,,3
Nad Al Shiba Villas,nad-al-shiba-villas,2025-12,Dec 2025,0,,,,,1
Nad Al Shiba Villas,nad-al-shiba-villas,2026-01,Jan 2026,0,,,,,2
Nad Al Shiba Villas,nad-al-shiba-villas,2026-02,Feb 2026,0,,,,,3
Nad Al Shiba Villas,nad-al-shiba-villas,2026-03,Mar 2026,0,,,,,3
Nad Al Shiba Villas,nad-al-shiba-villas,2026-04,Apr 2026,0,,,,,2
Nad Al Shiba Villas,nad-al-shiba-villas,2026-05,May 2026,0,,,,,0
Nad Al Shiba Villas,nad-al-shiba-villas,2026-06,Jun 2026,0,,,,,3
Nad Al Shiba Villas,nad-al-shiba-villas,2026-07,Jul 2026,0,,,,,0
Nad Al Shiba Villas,nad-al-shiba-villas,2026-08,Aug 2026,0,,,,,3
Liwan2,liwan2,2021-09,Sep 2021,0,,,,,2
Liwan2,liwan2,2021-10,Oct 2021,0,,,,,1
Liwan2,liwan2,2021-11,Nov 2021,0,,,,,0
Liwan2,liwan2,2021-12,Dec 2021,0,,,,,1
Liwan2,liwan2,2022-01,Jan 2022,0,,,,,2
Liwan2,liwan2,2022-02,Feb 2022,0,,,,,2
Liwan2,liwan2,2022-03,Mar 2022,0,,,,,0
Liwan2,liwan2,2022-04,Apr 2022,0,,,,,2
Liwan2,liwan2,2022-05,May 2022,0,,,,,0
Liwan2,liwan2,2022-06,Jun 2022,0,,,,,2
Liwan2,liwan2,2022-07,Jul 2022,0,,,,,2
Liwan2,liwan2,2022-08,Aug 2022,0,,,,,0
Liwan2,liwan2,2022-09,Sep 2022,0,,,,,1
Liwan2,liwan2,2022-10,Oct 2022,0,,,,,1
Liwan2,liwan2,2022-11,Nov 2022,0,,,,,1
Liwan2,liwan2,2022-12,Dec 2022,0,,,,,1
Liwan2,liwan2,2023-01,Jan 2023,0,,,,,4
Liwan2,liwan2,2023-02,Feb 2023,0,,,,,0
Liwan2,liwan2,2023-03,Mar 2023,0,,,,,1
Liwan2,liwan2,2023-04,Apr 2023,0,,,,,1
Liwan2,liwan2,2023-05,May 2023,0,,,,,3
Liwan2,liwan2,2023-06,Jun 2023,0,,,,,3
Liwan2,liwan2,2023-07,Jul 2023,0,,,,3888390.0,8
Liwan2,liwan2,2023-08,Aug 2023,0,,,,,2
Liwan2,liwan2,2023-09,Sep 2023,0,,,,,4
Liwan2,liwan2,2023-10,Oct 2023,0,,,,,3
Liwan2,liwan2,2023-11,Nov 2023,0,,,,4300000.0,5
Liwan2,liwan2,2023-12,Dec 2023,0,,,,,2
Liwan2,liwan2,2024-01,Jan 2024,0,,,,,4
Liwan2,liwan2,2024-02,Feb 2024,0,,,,4500000.0,5
Liwan2,liwan2,2024-03,Mar 2024,0,,,,,3
Liwan2,liwan2,2024-04,Apr 2024,0,,,,,1
Liwan2,liwan2,2024-05,May 2024,0,,,,,0
Liwan2,liwan2,2024-06,Jun 2024,0,,,,,4
Liwan2,liwan2,2024-07,Jul 2024,0,,,,,3
Liwan2,liwan2,2024-08,Aug 2024,0,,,,,2
Liwan2,liwan2,2024-09,Sep 2024,0,,,,,3
Liwan2,liwan2,2024-10,Oct 2024,0,,,,,1
Liwan2,liwan2,2024-11,Nov 2024,0,,,,,1
Liwan2,liwan2,2024-12,Dec 2024,0,,,,,3
Liwan2,liwan2,2025-01,Jan 2025,0,,,,,0
Liwan2,liwan2,2025-02,Feb 2025,0,,,,,1
Liwan2,liwan2,2025-03,Mar 2025,0,,,,,0
Liwan2,liwan2,2025-04,Apr 2025,0,,,,,0
Liwan2,liwan2,2025-05,May 2025,2,,,,,4
Liwan2,liwan2,2025-06,Jun 2025,1,,,,,3
Liwan2,liwan2,2025-07,Jul 2025,2,,,,,2
Liwan2,liwan2,2025-08,Aug 2025,0,,,,,1
Liwan2,liwan2,2025-09,Sep 2025,0,,,,,1
Liwan2,liwan2,2025-10,Oct 2025,1,,,,10600000.0,5
Liwan2,liwan2,2025-11,Nov 2025,0,,,,,1
Liwan2,liwan2,2025-12,Dec 2025,0,,,,,0
Liwan2,liwan2,2026-01,Jan 2026,0,,,,,3
Liwan2,liwan2,2026-02,Feb 2026,1,,,,,2
Liwan2,liwan2,2026-03,Mar 2026,1,,,,,1
Liwan2,liwan2,2026-04,Apr 2026,0,,,,,0
Liwan2,liwan2,2026-05,May 2026,1,,,,,2
Liwan2,liwan2,2026-06,Jun 2026,2,,,,,3
Liwan2,liwan2,2026-07,Jul 2026,0,,,,,1
Liwan2,liwan2,2026-08,Aug 2026,4,,,,,4
Badra,badra,2024-06,Jun 2024,7,574.94,528.87,584.7,460000.0,10
Badra,badra,2024-07,Jul 2024,0,,,,,0
Badra,badra,2024-08,Aug 2024,2,,,,,2
Badra,badra,2024-09,Sep 2024,0,,,,,0
Badra,badra,2024-10,Oct 2024,4,,,,541500.0,6
Badra,badra,2024-11,Nov 2024,2,,,,,2
Badra,badra,2024-12,Dec 2024,2,,,,,2
Badra,badra,2025-01,Jan 2025,3,,,,,4
Badra,badra,2025-02,Feb 2025,0,,,,,2
Badra,badra,2025-03,Mar 2025,0,,,,,0
Badra,badra,2025-04,Apr 2025,1,,,,,1
Badra,badra,2025-05,May 2025,4,,,,580000.0,5
Badra,badra,2025-06,Jun 2025,6,710.08,630.75,766.6,787500.0,6
Badra,badra,2025-07,Jul 2025,1,,,,,2
Badra,badra,2025-08,Aug 2025,1,,,,,2
Badra,badra,2025-09,Sep 2025,2,,,,,3
Badra,badra,2025-10,Oct 2025,1,,,,,1
Badra,badra,2025-11,Nov 2025,5,797.24,688.97,799.2,827500.0,6
Badra,badra,2025-12,Dec 2025,2,,,,,2
Badra,badra,2026-01,Jan 2026,1,,,,,1
Badra,badra,2026-02,Feb 2026,3,,,,,4
Badra,badra,2026-03,Mar 2026,2,,,,,2
Badra,badra,2026-04,Apr 2026,1,,,,,1
Badra,badra,2026-05,May 2026,0,,,,,0
Badra,badra,2026-06,Jun 2026,1,,,,,2
Badra,badra,2026-07,Jul 2026,1,,,,,1
Badra,badra,2026-08,Aug 2026,0,,,,,0
Springs - 3,springs-3,2021-10,Oct 2021,6,768.41,711.77,815.83,1883500.0,6
Springs - 3,springs-3,2021-11,Nov 2021,7,918.33,843.29,970.52,2515000.0,7
Springs - 3,springs-3,2021-12,Dec 2021,2,,,,,2
Springs - 3,springs-3,2022-01,Jan 2022,3,,,,,3
Springs - 3,springs-3,2022-02,Feb 2022,2,,,,,2
Springs - 3,springs-3,2022-03,Mar 2022,3,,,,,3
Springs - 3,springs-3,2022-04,Apr 2022,7,968.65,824.41,1015.68,2345000.0,7
Springs - 3,springs-3,2022-05,May 2022,3,,,,,3
Springs - 3,springs-3,2022-06,Jun 2022,11,923.93,783.83,956.77,2080000.0,11
Springs - 3,springs-3,2022-07,Jul 2022,6,855.42,776.82,917.03,2140000.0,6
Springs - 3,springs-3,2022-08,Aug 2022,6,972.41,829.34,1090.59,2100000.0,6
Springs - 3,springs-3,2022-09,Sep 2022,0,,,,,0
Springs - 3,springs-3,2022-10,Oct 2022,5,956.73,780.88,1009.14,,4
Springs - 3,springs-3,2022-11,Nov 2022,4,,,,,4
Springs - 3,springs-3,2022-12,Dec 2022,2,,,,,2
Springs - 3,springs-3,2023-01,Jan 2023,7,933.94,796.47,1018.59,2500000.0,7
Springs - 3,springs-3,2023-02,Feb 2023,6,1023.09,851.19,1048.7,3237500.0,6
Springs - 3,springs-3,2023-03,Mar 2023,5,1001.49,829.0,1114.52,2275000.0,5
Springs - 3,springs-3,2023-04,Apr 2023,5,949.32,846.96,966.27,2600000.0,5
Springs - 3,springs-3,2023-05,May 2023,4,,,,,4
Springs - 3,springs-3,2023-06,Jun 2023,7,904.86,815.19,1002.05,2975000.0,7
Springs - 3,springs-3,2023-07,Jul 2023,8,1061.48,921.47,1290.69,3300000.0,8
Springs - 3,springs-3,2023-08,Aug 2023,6,1001.11,866.32,1130.87,2717500.0,6
Springs - 3,springs-3,2023-09,Sep 2023,4,,,,,4
Springs - 3,springs-3,2023-10,Oct 2023,8,1157.96,1024.49,1316.25,2950000.0,8
Springs - 3,springs-3,2023-11,Nov 2023,4,,,,,4
Springs - 3,springs-3,2023-12,Dec 2023,1,,,,,1
Springs - 3,springs-3,2024-01,Jan 2024,3,,,,,3
Springs - 3,springs-3,2024-02,Feb 2024,4,,,,,4
Springs - 3,springs-3,2024-03,Mar 2024,3,,,,,3
Springs - 3,springs-3,2024-04,Apr 2024,5,985.69,822.7,1055.48,3000000.0,5
Springs - 3,springs-3,2024-05,May 2024,9,1232.01,1053.23,1322.52,3100000.0,9
Springs - 3,springs-3,2024-06,Jun 2024,5,1494.61,1328.67,1579.89,3300000.0,5
Springs - 3,springs-3,2024-07,Jul 2024,6,1181.4,1022.06,1379.68,3525000.0,6
Springs - 3,springs-3,2024-08,Aug 2024,1,,,,,1
Springs - 3,springs-3,2024-09,Sep 2024,7,1168.35,1043.91,1305.63,4200000.0,7
Springs - 3,springs-3,2024-10,Oct 2024,9,1316.12,1129.98,1579.62,3760000.0,9
Springs - 3,springs-3,2024-11,Nov 2024,5,1436.17,1310.24,1498.95,4550000.0,5
Springs - 3,springs-3,2024-12,Dec 2024,5,1274.79,1204.95,1277.35,4500000.0,5
Springs - 3,springs-3,2025-01,Jan 2025,3,,,,,3
Springs - 3,springs-3,2025-02,Feb 2025,3,,,,,3
Springs - 3,springs-3,2025-03,Mar 2025,4,,,,,4
Springs - 3,springs-3,2025-04,Apr 2025,8,1590.25,1306.57,1717.98,4262500.0,8
Springs - 3,springs-3,2025-05,May 2025,4,,,,,4
Springs - 3,springs-3,2025-06,Jun 2025,5,1253.38,1084.92,1575.31,3975000.0,5
Springs - 3,springs-3,2025-07,Jul 2025,3,,,,,3
Springs - 3,springs-3,2025-08,Aug 2025,5,1580.55,1576.38,1807.89,4150000.0,5
Springs - 3,springs-3,2025-09,Sep 2025,1,,,,,1
Springs - 3,springs-3,2025-10,Oct 2025,2,,,,,2
Springs - 3,springs-3,2025-11,Nov 2025,5,1440.99,1315.0,2054.16,3350000.0,5
Springs - 3,springs-3,2025-12,Dec 2025,11,1659.65,1591.55,1918.47,5650000.0,11
Springs - 3,springs-3,2026-01,Jan 2026,3,,,,,3
Springs - 3,springs-3,2026-02,Feb 2026,0,,,,,0
Springs - 3,springs-3,2026-03,Mar 2026,0,,,,,0
Springs - 3,springs-3,2026-04,Apr 2026,0,,,,,0
Springs - 3,springs-3,2026-05,May 2026,0,,,,,0
Springs - 3,springs-3,2026-06,Jun 2026,0,,,,,0
Springs - 3,springs-3,2026-07,Jul 2026,0,,,,,0
Springs - 3,springs-3,2026-08,Aug 2026,0,,,,,0
Jumeira Bay,jumeira-bay,2021-09,Sep 2021,0,,,,,1
Jumeira Bay,jumeira-bay,2021-10,Oct 2021,0,,,,,1
Jumeira Bay,jumeira-bay,2021-11,Nov 2021,0,,,,60000000.0,5
Jumeira Bay,jumeira-bay,2021-12,Dec 2021,0,,,,72800000.0,5
Jumeira Bay,jumeira-bay,2022-01,Jan 2022,0,,,,,1
Jumeira Bay,jumeira-bay,2022-02,Feb 2022,1,,,,,1
Jumeira Bay,jumeira-bay,2022-03,Mar 2022,4,,,,,3
Jumeira Bay,jumeira-bay,2022-04,Apr 2022,0,,,,,1
Jumeira Bay,jumeira-bay,2022-05,May 2022,0,,,,,0
Jumeira Bay,jumeira-bay,2022-06,Jun 2022,0,,,,,0
Jumeira Bay,jumeira-bay,2022-07,Jul 2022,0,,,,37462500.0,5
Jumeira Bay,jumeira-bay,2022-08,Aug 2022,0,,,,,4
Jumeira Bay,jumeira-bay,2022-09,Sep 2022,0,,,,,1
Jumeira Bay,jumeira-bay,2022-10,Oct 2022,0,,,,,3
Jumeira Bay,jumeira-bay,2022-11,Nov 2022,0,,,,,3
Jumeira Bay,jumeira-bay,2022-12,Dec 2022,0,,,,,0
Jumeira Bay,jumeira-bay,2023-01,Jan 2023,0,,,,,0
Jumeira Bay,jumeira-bay,2023-02,Feb 2023,0,,,,,0
Jumeira Bay,jumeira-bay,2023-03,Mar 2023,0,,,,,3
Jumeira Bay,jumeira-bay,2023-04,Apr 2023,0,,,,,0
Jumeira Bay,jumeira-bay,2023-05,May 2023,0,,,,,1
Jumeira Bay,jumeira-bay,2023-06,Jun 2023,0,,,,,2
Jumeira Bay,jumeira-bay,2023-07,Jul 2023,0,,,,,2
Jumeira Bay,jumeira-bay,2023-08,Aug 2023,1,,,,,4
Jumeira Bay,jumeira-bay,2023-09,Sep 2023,0,,,,,4
Jumeira Bay,jumeira-bay,2023-10,Oct 2023,0,,,,,0
Jumeira Bay,jumeira-bay,2023-11,Nov 2023,0,,,,,0
Jumeira Bay,jumeira-bay,2023-12,Dec 2023,0,,,,,0
Jumeira Bay,jumeira-bay,2024-01,Jan 2024,0,,,,,0
Jumeira Bay,jumeira-bay,2024-02,Feb 2024,0,,,,,0
Jumeira Bay,jumeira-bay,2024-03,Mar 2024,0,,,,,0
Jumeira Bay,jumeira-bay,2024-04,Apr 2024,0,,,,,0
Jumeira Bay,jumeira-bay,2024-05,May 2024,0,,,,,0
Jumeira Bay,jumeira-bay,2024-06,Jun 2024,0,,,,,1
Jumeira Bay,jumeira-bay,2024-07,Jul 2024,0,,,,,0
Jumeira Bay,jumeira-bay,2024-08,Aug 2024,0,,,,,1
Jumeira Bay,jumeira-bay,2024-09,Sep 2024,0,,,,,0
Jumeira Bay,jumeira-bay,2024-10,Oct 2024,0,,,,,0
Jumeira Bay,jumeira-bay,2024-11,Nov 2024,0,,,,,0
Jumeira Bay,jumeira-bay,2024-12,Dec 2024,1,,,,,2
Jumeira Bay,jumeira-bay,2025-01,Jan 2025,0,,,,,0
Jumeira Bay,jumeira-bay,2025-02,Feb 2025,0,,,,,0
Jumeira Bay,jumeira-bay,2025-03,Mar 2025,0,,,,,1
Jumeira Bay,jumeira-bay,2025-04,Apr 2025,0,,,,,0
Jumeira Bay,jumeira-bay,2025-05,May 2025,0,,,,,0
Jumeira Bay,jumeira-bay,2025-06,Jun 2025,0,,,,,0
Jumeira Bay,jumeira-bay,2025-07,Jul 2025,0,,,,,0
Jumeira Bay,jumeira-bay,2025-08,Aug 2025,0,,,,,0
Jumeira Bay,jumeira-bay,2025-09,Sep 2025,0,,,,,0
Jumeira Bay,jumeira-bay,2025-10,Oct 2025,0,,,,,0
Jumeira Bay,jumeira-bay,2025-11,Nov 2025,0,,,,,2
Jumeira Bay,jumeira-bay,2025-12,Dec 2025,0,,,,,0
Jumeira Bay,jumeira-bay,2026-01,Jan 2026,0,,,,,1
Jumeira Bay,jumeira-bay,2026-02,Feb 2026,0,,,,,0
Jumeira Bay,jumeira-bay,2026-03,Mar 2026,0,,,,,0
Jumeira Bay,jumeira-bay,2026-04,Apr 2026,0,,,,,0
Jumeira Bay,jumeira-bay,2026-05,May 2026,0,,,,,0
Jumeira Bay,jumeira-bay,2026-06,Jun 2026,0,,,,,0
Jumeira Bay,jumeira-bay,2026-07,Jul 2026,0,,,,,0
Jumeira Bay,jumeira-bay,2026-08,Aug 2026,0,,,,,0
Meadows 9,meadows-9,2021-09,Sep 2021,0,,,,,1
Meadows 9,meadows-9,2021-10,Oct 2021,0,,,,,1
Meadows 9,meadows-9,2021-11,Nov 2021,0,,,,4525000.0,9
Meadows 9,meadows-9,2021-12,Dec 2021,0,,,,,0
Meadows 9,meadows-9,2022-01,Jan 2022,0,,,,,1
Meadows 9,meadows-9,2022-02,Feb 2022,0,,,,,3
Meadows 9,meadows-9,2022-03,Mar 2022,0,,,,,1
Meadows 9,meadows-9,2022-04,Apr 2022,0,,,,4600000.0,7
Meadows 9,meadows-9,2022-05,May 2022,0,,,,,1
Meadows 9,meadows-9,2022-06,Jun 2022,0,,,,,3
Meadows 9,meadows-9,2022-07,Jul 2022,0,,,,,2
Meadows 9,meadows-9,2022-08,Aug 2022,0,,,,,2
Meadows 9,meadows-9,2022-09,Sep 2022,0,,,,,2
Meadows 9,meadows-9,2022-10,Oct 2022,0,,,,5700000.0,5
Meadows 9,meadows-9,2022-11,Nov 2022,0,,,,,3
Meadows 9,meadows-9,2022-12,Dec 2022,0,,,,,1
Meadows 9,meadows-9,2023-01,Jan 2023,0,,,,,2
Meadows 9,meadows-9,2023-02,Feb 2023,0,,,,,2
Meadows 9,meadows-9,2023-03,Mar 2023,0,,,,5500000.0,6
Meadows 9,meadows-9,2023-04,Apr 2023,0,,,,4975000.0,6
Meadows 9,meadows-9,2023-05,May 2023,0,,,,4999950.0,7
Meadows 9,meadows-9,2023-06,Jun 2023,0,,,,5940000.0,5
Meadows 9,meadows-9,2023-07,Jul 2023,0,,,,7150000.0,6
Meadows 9,meadows-9,2023-08,Aug 2023,0,,,,,3
Meadows 9,meadows-9,2023-09,Sep 2023,0,,,,,1
Meadows 9,meadows-9,2023-10,Oct 2023,0,,,,,3
Meadows 9,meadows-9,2023-11,Nov 2023,0,,,,,0
Meadows 9,meadows-9,2023-12,Dec 2023,0,,,,,1
Meadows 9,meadows-9,2024-01,Jan 2024,0,,,,,2
Meadows 9,meadows-9,2024-02,Feb 2024,0,,,,,3
Meadows 9,meadows-9,2024-03,Mar 2024,0,,,,,4
Meadows 9,meadows-9,2024-04,Apr 2024,0,,,,,1
Meadows 9,meadows-9,2024-05,May 2024,0,,,,5352227.0,18
Meadows 9,meadows-9,2024-06,Jun 2024,0,,,,,2
Meadows 9,meadows-9,2024-07,Jul 2024,0,,,,8300000.0,7
Meadows 9,meadows-9,2024-08,Aug 2024,0,,,,,4
Meadows 9,meadows-9,2024-09,Sep 2024,0,,,,7250000.0,5
Meadows 9,meadows-9,2024-10,Oct 2024,0,,,,7376877.5,10
Meadows 9,meadows-9,2024-11,Nov 2024,0,,,,6900523.5,14
Meadows 9,meadows-9,2024-12,Dec 2024,0,,,,,0
Meadows 9,meadows-9,2025-01,Jan 2025,0,,,,,4
Meadows 9,meadows-9,2025-02,Feb 2025,0,,,,,4
Meadows 9,meadows-9,2025-03,Mar 2025,0,,,,8000000.0,5
Meadows 9,meadows-9,2025-04,Apr 2025,0,,,,9500000.0,5
Meadows 9,meadows-9,2025-05,May 2025,0,,,,,3
Meadows 9,meadows-9,2025-06,Jun 2025,0,,,,,2
Meadows 9,meadows-9,2025-07,Jul 2025,0,,,,8865000.0,11
Meadows 9,meadows-9,2025-08,Aug 2025,0,,,,,3
Meadows 9,meadows-9,2025-09,Sep 2025,0,,,,8450000.0,7
Meadows 9,meadows-9,2025-10,Oct 2025,0,,,,10900000.0,5
Meadows 9,meadows-9,2025-11,Nov 2025,0,,,,,3
Meadows 9,meadows-9,2025-12,Dec 2025,0,,,,,4
Meadows 9,meadows-9,2026-01,Jan 2026,0,,,,,2
Meadows 9,meadows-9,2026-02,Feb 2026,0,,,,,0
Meadows 9,meadows-9,2026-03,Mar 2026,0,,,,,0
Meadows 9,meadows-9,2026-04,Apr 2026,0,,,,,0
Meadows 9,meadows-9,2026-05,May 2026,0,,,,,0
Meadows 9,meadows-9,2026-06,Jun 2026,0,,,,,0
Meadows 9,meadows-9,2026-07,Jul 2026,0,,,,,0
Meadows 9,meadows-9,2026-08,Aug 2026,0,,,,,0
