community,community_slug,year,n,price_median,psf_median,value_total
Jumeirah Village Circle,jumeirah-village-circle,2010,648,660900.0,667.0,679545524.0
Jumeirah Village Circle,jumeirah-village-circle,2011,1020,687500.0,734.27,1091479157.0
Jumeirah Village Circle,jumeirah-village-circle,2012,1474,776663.5,819.27,1444890103.0
Jumeirah Village Circle,jumeirah-village-circle,2013,2953,727585.0,775.36,4056273040.0
Jumeirah Village Circle,jumeirah-village-circle,2014,3479,852800.0,891.19,6826865884.0
Jumeirah Village Circle,jumeirah-village-circle,2015,2128,827300.0,926.99,3877884180.0
Jumeirah Village Circle,jumeirah-village-circle,2016,1985,725000.0,899.68,3420671267.0
Jumeirah Village Circle,jumeirah-village-circle,2017,2978,750828.0,950.0,3712168709.0
Jumeirah Village Circle,jumeirah-village-circle,2018,2063,735500.0,930.24,2978228465.0
Jumeirah Village Circle,jumeirah-village-circle,2019,1651,650000.0,904.25,2062606650.0
Jumeirah Village Circle,jumeirah-village-circle,2020,2151,630000.0,890.7,2174079770.0
Jumeirah Village Circle,jumeirah-village-circle,2021,3670,636000.0,845.87,3077273070.0
Jumeirah Village Circle,jumeirah-village-circle,2022,5990,680000.0,944.97,5591860466.0
Jumeirah Village Circle,jumeirah-village-circle,2023,14075,784000.0,1162.55,15226878780.0
Jumeirah Village Circle,jumeirah-village-circle,2024,17318,900021.0,1304.52,20328193998.0
Jumeirah Village Circle,jumeirah-village-circle,2025,18733,1030000.0,1475.29,23963231140.0
Jumeirah Village Circle,jumeirah-village-circle,2026,7038,1050000.0,1469.98,8916950733.0
Dubai World Central,dubai-world-central,2011,1,,,12960082.0
Dubai World Central,dubai-world-central,2014,1,,,5600000.0
Dubai World Central,dubai-world-central,2015,1,,,25760000.0
Dubai World Central,dubai-world-central,2016,6,10045600.0,,245302153.0
Dubai World Central,dubai-world-central,2017,571,978888.0,711.99,829566701.0
Dubai World Central,dubai-world-central,2018,177,1033888.0,807.19,633290856.0
Dubai World Central,dubai-world-central,2019,1302,1100888.0,697.45,1557534734.0
Dubai World Central,dubai-world-central,2020,537,1110888.0,690.85,665901913.0
Dubai World Central,dubai-world-central,2021,373,1281444.0,667.96,720236538.0
Dubai World Central,dubai-world-central,2022,726,1506888.0,727.09,1231055737.0
Dubai World Central,dubai-world-central,2023,1736,2089520.0,1255.69,4522553488.0
Dubai World Central,dubai-world-central,2024,6034,2000000.0,1538.7,15763921288.0
Dubai World Central,dubai-world-central,2025,7952,1851000.0,1714.06,17996708713.0
Dubai World Central,dubai-world-central,2026,9744,745000.0,1701.04,12979260006.0
Business Bay,business-bay,2010,2522,1280000.0,991.61,4309094954.0
Business Bay,business-bay,2011,1975,1320000.0,999.57,4855464952.0
Business Bay,business-bay,2012,3163,1210534.0,1045.35,4962558801.0
Business Bay,business-bay,2013,5696,1286214.0,1396.99,9846732559.0
Business Bay,business-bay,2014,6365,1390000.0,1610.33,11692209605.0
Business Bay,business-bay,2015,3100,1275000.0,1615.92,5631844270.0
Business Bay,business-bay,2016,2415,1200000.0,1500.21,4111971847.0
Business Bay,business-bay,2017,2641,1075994.5,1521.33,4343044265.0
Business Bay,business-bay,2018,2570,1000000.0,1541.58,4288007688.0
Business Bay,business-bay,2019,2160,885486.0,1536.86,2875095014.0
Business Bay,business-bay,2020,1988,993539.0,1388.25,2402646650.0
Business Bay,business-bay,2021,4286,1008187.0,1415.38,5667202396.0
Business Bay,business-bay,2022,8432,1111492.5,1759.02,12046550620.0
Business Bay,business-bay,2023,8969,1350000.0,2113.96,15157434712.0
Business Bay,business-bay,2024,9742,1474267.0,2217.36,18380054576.0
Business Bay,business-bay,2025,11634,1524999.0,2445.51,22737676654.0
Business Bay,business-bay,2026,3812,2100000.0,2305.67,13847488786.0
Dubai Land Residence Complex,dubai-land-residence-complex,2010,16,534736.0,659.02,15872440.0
Dubai Land Residence Complex,dubai-land-residence-complex,2011,698,598493.0,684.48,540040443.0
Dubai Land Residence Complex,dubai-land-residence-complex,2012,784,581270.0,677.68,487551654.0
Dubai Land Residence Complex,dubai-land-residence-complex,2013,760,516248.0,677.68,478986660.0
Dubai Land Residence Complex,dubai-land-residence-complex,2014,522,640000.0,775.64,650524444.0
Dubai Land Residence Complex,dubai-land-residence-complex,2015,381,501345.0,699.51,402461633.0
Dubai Land Residence Complex,dubai-land-residence-complex,2016,402,585000.0,724.53,460373109.0
Dubai Land Residence Complex,dubai-land-residence-complex,2017,194,600000.0,721.81,459484280.0
Dubai Land Residence Complex,dubai-land-residence-complex,2018,252,695000.0,820.38,1175068387.0
Dubai Land Residence Complex,dubai-land-residence-complex,2019,120,522400.0,607.72,375200198.0
Dubai Land Residence Complex,dubai-land-residence-complex,2020,435,455093.0,850.0,386408912.0
Dubai Land Residence Complex,dubai-land-residence-complex,2021,397,436843.0,663.78,285683913.0
Dubai Land Residence Complex,dubai-land-residence-complex,2022,747,485000.0,725.18,491033860.0
Dubai Land Residence Complex,dubai-land-residence-complex,2023,2035,595000.0,848.37,1587763432.0
Dubai Land Residence Complex,dubai-land-residence-complex,2024,4509,733349.0,1150.0,4443488266.0
Dubai Land Residence Complex,dubai-land-residence-complex,2025,7995,770000.0,1344.98,8477099863.0
Dubai Land Residence Complex,dubai-land-residence-complex,2026,4549,824500.0,1434.8,5172004352.0
Majan,majan,2010,53,6135968.0,,518173348.0
Majan,majan,2011,1,,,8145358.0
Majan,majan,2012,6,3526037.5,,58721642.0
Majan,majan,2013,34,2364200.0,959.61,172425483.0
Majan,majan,2014,192,614328.0,1000.02,320348986.0
Majan,majan,2015,35,1052830.0,1000.01,192619684.0
Majan,majan,2016,90,2600000.0,714.3,661775439.0
Majan,majan,2017,109,745296.0,810.01,226363909.0
Majan,majan,2018,66,1000000.0,717.2,407550380.0
Majan,majan,2019,26,2190392.5,824.62,230662545.0
Majan,majan,2020,55,449563.0,380.0,225458799.0
Majan,majan,2021,81,481426.0,773.73,250800289.0
Majan,majan,2022,106,750000.0,806.14,179004196.0
Majan,majan,2023,349,730545.0,849.8,522484057.0
Majan,majan,2024,2253,844883.0,1357.24,3169011961.0
Majan,majan,2025,4755,921918.0,1463.06,6423160794.0
Majan,majan,2026,3576,728000.0,1441.25,3499468706.0
Palm Deira,palm-deira,2015,21,33680000.0,,736770000.0
Palm Deira,palm-deira,2016,10,35300000.0,,327183132.0
Palm Deira,palm-deira,2018,2,,,66610000.0
Palm Deira,palm-deira,2021,5,,,64560322.0
Palm Deira,palm-deira,2022,39,19318800.0,,849373000.0
Palm Deira,palm-deira,2023,483,4712000.0,2511.22,3649691000.0
Palm Deira,palm-deira,2024,1798,3865500.0,2133.61,11836361614.0
Palm Deira,palm-deira,2025,4460,2695000.0,2417.03,17231787670.0
Palm Deira,palm-deira,2026,3408,2879040.0,2845.41,11877284934.0
Jumeirah Village Triangle,jumeirah-village-triangle,2010,327,1487200.0,1160.03,439632444.0
Jumeirah Village Triangle,jumeirah-village-triangle,2011,220,1479800.0,,311115018.0
Jumeirah Village Triangle,jumeirah-village-triangle,2012,590,1487200.0,687.76,913568724.0
Jumeirah Village Triangle,jumeirah-village-triangle,2013,785,1487200.0,756.11,1443786400.0
Jumeirah Village Triangle,jumeirah-village-triangle,2014,614,1393600.0,1025.42,1359484467.0
Jumeirah Village Triangle,jumeirah-village-triangle,2015,463,1293200.0,1078.88,940324865.0
Jumeirah Village Triangle,jumeirah-village-triangle,2016,518,860419.0,998.59,720124343.0
Jumeirah Village Triangle,jumeirah-village-triangle,2017,953,727629.0,1344.61,1216904064.0
Jumeirah Village Triangle,jumeirah-village-triangle,2018,400,1003741.5,1002.27,718214197.0
Jumeirah Village Triangle,jumeirah-village-triangle,2019,246,1050000.0,778.97,434117678.0
Jumeirah Village Triangle,jumeirah-village-triangle,2020,314,1100000.0,610.11,433914832.0
Jumeirah Village Triangle,jumeirah-village-triangle,2021,292,1150000.0,771.13,439111021.0
Jumeirah Village Triangle,jumeirah-village-triangle,2022,665,950000.0,992.28,916547110.0
Jumeirah Village Triangle,jumeirah-village-triangle,2023,1823,905270.0,1446.75,2484744577.0
Jumeirah Village Triangle,jumeirah-village-triangle,2024,2912,926488.5,1408.84,3803031827.0
Jumeirah Village Triangle,jumeirah-village-triangle,2025,5091,1090000.0,1572.8,6851922715.0
Jumeirah Village Triangle,jumeirah-village-triangle,2026,2090,1161202.0,1677.43,2849989801.0
Motor City,motor-city,2010,451,1432000.0,737.42,803014047.0
Motor City,motor-city,2011,867,783000.0,500.01,879497773.0
Motor City,motor-city,2012,205,804000.0,570.19,267341683.0
Motor City,motor-city,2013,1467,978000.0,734.48,1939639393.0
Motor City,motor-city,2014,733,1119690.0,949.97,1111228543.0
Motor City,motor-city,2015,305,1460000.0,900.0,776503741.0
Motor City,motor-city,2016,343,1122203.0,961.19,523071658.0
Motor City,motor-city,2017,238,1036751.0,904.75,523940192.0
Motor City,motor-city,2018,141,1240000.0,874.77,220049718.0
Motor City,motor-city,2019,238,1300000.0,943.32,381171059.0
Motor City,motor-city,2020,244,1325000.0,624.49,498368811.0
Motor City,motor-city,2021,476,1653404.0,761.0,1062181504.0
Motor City,motor-city,2022,385,1150000.0,651.48,616942159.0
Motor City,motor-city,2023,846,824888.0,855.96,1229619141.0
Motor City,motor-city,2024,2230,1108338.0,1845.01,3771242816.0
Motor City,motor-city,2025,6197,1198391.0,1910.02,8493480445.0
Motor City,motor-city,2026,1948,1260710.0,1707.34,3023557391.0
Dubai Science Park,dubai-science-park,2010,2,,,96999864.0
Dubai Science Park,dubai-science-park,2011,1,,,26562960.0
Dubai Science Park,dubai-science-park,2012,4,,,172798928.0
Dubai Science Park,dubai-science-park,2013,3,,,29421985.0
Dubai Science Park,dubai-science-park,2014,256,1371085.0,1180.7,655251133.0
Dubai Science Park,dubai-science-park,2015,279,3235000.0,1167.16,1044150340.0
Dubai Science Park,dubai-science-park,2016,113,3649000.0,1145.76,602709850.0
Dubai Science Park,dubai-science-park,2017,107,2610000.0,1174.14,454339808.0
Dubai Science Park,dubai-science-park,2018,29,3150000.0,1193.06,146777479.0
Dubai Science Park,dubai-science-park,2019,253,499769.0,1146.53,185737074.0
Dubai Science Park,dubai-science-park,2020,153,685816.5,1148.31,132236008.0
Dubai Science Park,dubai-science-park,2021,137,838209.0,1102.36,224178022.0
Dubai Science Park,dubai-science-park,2022,132,723404.5,853.63,267127796.0
Dubai Science Park,dubai-science-park,2023,892,768220.0,1175.28,1141034627.0
Dubai Science Park,dubai-science-park,2024,2721,1011277.0,1484.31,3619733907.0
Dubai Science Park,dubai-science-park,2025,5505,1092940.0,1663.33,7283143731.0
Dubai Science Park,dubai-science-park,2026,989,1087233.0,1731.68,1511575613.0
Arjan,arjan,2010,59,785400.0,950.37,248840443.0
Arjan,arjan,2011,22,498046.0,,55412351.0
Arjan,arjan,2012,101,826460.5,956.96,90403625.0
Arjan,arjan,2013,406,589000.0,987.01,648946606.0
Arjan,arjan,2014,448,600600.0,1147.58,710938260.0
Arjan,arjan,2015,609,609030.0,1022.54,955055272.0
Arjan,arjan,2016,367,500000.0,1127.34,823507978.0
Arjan,arjan,2017,1125,543000.0,1093.91,1253694995.0
Arjan,arjan,2018,626,518000.0,1119.26,655434981.0
Arjan,arjan,2019,558,430000.0,972.83,387286224.0
Arjan,arjan,2020,859,560000.0,953.72,623244363.0
Arjan,arjan,2021,970,580000.0,859.43,842937832.0
Arjan,arjan,2022,2670,613000.0,1124.08,2027766001.0
Arjan,arjan,2023,4563,723000.0,1235.21,4288636768.0
Arjan,arjan,2024,4777,917048.0,1325.83,5222239849.0
Arjan,arjan,2025,3930,925000.0,1427.37,5445039068.0
Arjan,arjan,2026,2380,960000.0,1590.72,2922566743.0
Dubai Creek Harbour,dubai-creek-harbour,2015,554,2065888.0,1498.6,1283134827.0
Dubai Creek Harbour,dubai-creek-harbour,2016,785,1547888.0,1394.52,1317050762.0
Dubai Creek Harbour,dubai-creek-harbour,2017,1358,1561888.0,1473.24,2365733780.0
Dubai Creek Harbour,dubai-creek-harbour,2018,754,1741888.0,1670.78,1432611912.0
Dubai Creek Harbour,dubai-creek-harbour,2019,1866,1430444.0,1478.15,3109394897.0
Dubai Creek Harbour,dubai-creek-harbour,2020,947,1442388.0,1489.8,1513732803.0
Dubai Creek Harbour,dubai-creek-harbour,2021,1092,2662388.0,1773.1,3002577444.0
Dubai Creek Harbour,dubai-creek-harbour,2022,3624,1881888.0,1795.56,7809919108.0
Dubai Creek Harbour,dubai-creek-harbour,2023,4709,2188888.0,2071.06,11453265674.0
Dubai Creek Harbour,dubai-creek-harbour,2024,4203,2480000.0,2393.5,11390556071.0
Dubai Creek Harbour,dubai-creek-harbour,2025,3931,2534888.0,2446.9,10767732052.0
Dubai Creek Harbour,dubai-creek-harbour,2026,2525,2680888.0,2572.99,7391554123.0
International Media Production Zone,international-media-production-zone,2010,497,541000.0,957.3,379085614.0
International Media Production Zone,international-media-production-zone,2011,508,561000.0,973.92,459266225.0
International Media Production Zone,international-media-production-zone,2012,591,541000.0,941.5,420776908.0
International Media Production Zone,international-media-production-zone,2013,1308,479320.0,810.01,854919916.0
International Media Production Zone,international-media-production-zone,2014,1214,509200.0,990.96,945939313.0
International Media Production Zone,international-media-production-zone,2015,737,640000.0,983.21,880244843.0
International Media Production Zone,international-media-production-zone,2016,931,594928.0,979.96,872791177.0
International Media Production Zone,international-media-production-zone,2017,610,534514.5,985.71,1117613024.0
International Media Production Zone,international-media-production-zone,2018,365,550000.0,947.71,466418570.0
International Media Production Zone,international-media-production-zone,2019,335,400000.0,655.28,278305663.0
International Media Production Zone,international-media-production-zone,2020,228,371000.0,551.68,188260183.0
International Media Production Zone,international-media-production-zone,2021,617,675102.0,997.72,461181427.0
International Media Production Zone,international-media-production-zone,2022,767,560088.0,878.41,605223680.0
International Media Production Zone,international-media-production-zone,2023,1180,675572.0,969.05,1164005777.0
International Media Production Zone,international-media-production-zone,2024,2334,704816.0,1196.02,2225510067.0
International Media Production Zone,international-media-production-zone,2025,5406,750000.0,1330.23,5818152401.0
International Media Production Zone,international-media-production-zone,2026,2128,1000000.0,1338.33,2682493096.0
Dubai Sports City,dubai-sports-city,2010,1648,843174.0,927.36,2392718654.0
Dubai Sports City,dubai-sports-city,2011,521,1070650.0,975.96,959157459.0
Dubai Sports City,dubai-sports-city,2012,691,781681.0,756.04,1020311898.0
Dubai Sports City,dubai-sports-city,2013,2226,608484.0,766.66,2597192940.0
Dubai Sports City,dubai-sports-city,2014,3096,691562.0,949.93,3001602979.0
Dubai Sports City,dubai-sports-city,2015,2759,794335.0,961.14,2689280056.0
Dubai Sports City,dubai-sports-city,2016,1885,685000.0,965.69,1804826499.0
Dubai Sports City,dubai-sports-city,2017,1450,670000.0,952.34,1330934237.0
Dubai Sports City,dubai-sports-city,2018,1089,640750.0,897.27,1010739155.0
Dubai Sports City,dubai-sports-city,2019,821,525000.0,708.94,613565909.0
Dubai Sports City,dubai-sports-city,2020,797,475477.5,564.14,669167622.0
Dubai Sports City,dubai-sports-city,2021,1289,500000.0,593.59,1255856797.0
Dubai Sports City,dubai-sports-city,2022,1242,500000.0,614.6,1549415276.0
Dubai Sports City,dubai-sports-city,2023,1962,545000.0,740.32,2221135022.0
Dubai Sports City,dubai-sports-city,2024,3949,842000.0,1144.24,4796824446.0
Dubai Sports City,dubai-sports-city,2025,3753,876000.0,1228.68,5195528977.0
Dubai Sports City,dubai-sports-city,2026,1885,985000.0,1308.68,2442598237.0
Dubai Maritime City,dubai-maritime-city,2013,1,,,81295500.0
Dubai Maritime City,dubai-maritime-city,2015,100,1858688.0,1857.31,411903286.0
Dubai Maritime City,dubai-maritime-city,2016,22,2657515.0,2200.0,57923486.0
Dubai Maritime City,dubai-maritime-city,2017,8,20214536.0,,198075107.0
Dubai Maritime City,dubai-maritime-city,2018,4,,,239237134.0
Dubai Maritime City,dubai-maritime-city,2019,4,,,127057500.0
Dubai Maritime City,dubai-maritime-city,2020,9,67837229.0,,520284359.0
Dubai Maritime City,dubai-maritime-city,2021,4,,,77948179.0
Dubai Maritime City,dubai-maritime-city,2022,76,1892000.0,1725.31,261299782.0
Dubai Maritime City,dubai-maritime-city,2023,836,2031035.0,1925.79,2635997872.0
Dubai Maritime City,dubai-maritime-city,2024,2976,1760000.0,2448.19,6433992902.0
Dubai Maritime City,dubai-maritime-city,2025,4577,2503000.0,3019.49,14333412209.0
Dubai Maritime City,dubai-maritime-city,2026,1415,2623700.0,3173.96,4700822354.0
Dubai South Residential District,dubai-south-residential-district,2010,1,,,19292303.0
Dubai South Residential District,dubai-south-residential-district,2011,8,10405854.5,,84868592.0
Dubai South Residential District,dubai-south-residential-district,2012,5,10901008.0,,79574198.0
Dubai South Residential District,dubai-south-residential-district,2013,36,1017420.0,1367.7,136183089.0
Dubai South Residential District,dubai-south-residential-district,2014,536,665000.0,1438.12,516109826.0
Dubai South Residential District,dubai-south-residential-district,2015,69,1281925.0,1455.28,293740609.0
Dubai South Residential District,dubai-south-residential-district,2016,210,549000.0,852.62,151734027.0
Dubai South Residential District,dubai-south-residential-district,2017,1427,649500.0,752.87,1095673990.0
Dubai South Residential District,dubai-south-residential-district,2018,556,466347.5,893.18,433963717.0
Dubai South Residential District,dubai-south-residential-district,2019,571,525110.5,777.31,318054973.0
Dubai South Residential District,dubai-south-residential-district,2020,164,490000.0,792.53,92487362.0
Dubai South Residential District,dubai-south-residential-district,2021,476,1022925.0,688.17,465868250.0
Dubai South Residential District,dubai-south-residential-district,2022,1355,1500000.0,635.95,2057936989.0
Dubai South Residential District,dubai-south-residential-district,2023,1248,1712500.0,803.61,2820963208.0
Dubai South Residential District,dubai-south-residential-district,2024,1670,1300000.0,957.18,3664715791.0
Dubai South Residential District,dubai-south-residential-district,2025,2096,1000000.0,1149.13,4095004906.0
Dubai South Residential District,dubai-south-residential-district,2026,2400,1209328.0,1408.52,3819090189.0
DownTown Dubai,downtown-dubai,2010,3744,1804944.0,1654.83,7583379079.0
DownTown Dubai,downtown-dubai,2011,1927,1875000.0,1475.33,4567845497.0
DownTown Dubai,downtown-dubai,2012,2669,1825000.0,1620.41,5838621492.0
DownTown Dubai,downtown-dubai,2013,6635,2072888.0,1965.02,17094871904.0
DownTown Dubai,downtown-dubai,2014,4376,2465512.5,2180.66,12441379400.0
DownTown Dubai,downtown-dubai,2015,2189,2550000.0,2086.78,7002243938.0
DownTown Dubai,downtown-dubai,2016,2002,2400428.5,2214.22,5523716501.0
DownTown Dubai,downtown-dubai,2017,1804,2400888.0,2152.02,5754508749.0
DownTown Dubai,downtown-dubai,2018,1356,2050000.0,1809.31,3162096787.0
DownTown Dubai,downtown-dubai,2019,2157,1912759.0,1909.68,6227310187.0
DownTown Dubai,downtown-dubai,2020,1768,1908888.0,1789.3,4056895176.0
DownTown Dubai,downtown-dubai,2021,2568,2250000.0,1939.1,7415921913.0
DownTown Dubai,downtown-dubai,2022,5091,2350000.0,2435.09,14090980882.0
DownTown Dubai,downtown-dubai,2023,4816,2500000.0,2520.19,14331764366.0
DownTown Dubai,downtown-dubai,2024,4304,2700000.0,2662.98,14010732598.0
DownTown Dubai,downtown-dubai,2025,4000,2950000.0,2929.59,13362097618.0
DownTown Dubai,downtown-dubai,2026,1467,3000000.0,2764.64,5354522508.0
Al Furjan,al-furjan,2010,3,,,34631200.0
Al Furjan,al-furjan,2011,8,2804500.0,,21160614.0
Al Furjan,al-furjan,2012,176,1563500.0,803.09,330266459.0
Al Furjan,al-furjan,2013,649,2150000.0,692.43,1581047950.0
Al Furjan,al-furjan,2014,946,1662000.0,924.38,2373403799.0
Al Furjan,al-furjan,2015,991,1667525.0,945.63,2633330009.0
Al Furjan,al-furjan,2016,1790,823890.0,1105.87,2187890248.0
Al Furjan,al-furjan,2017,1719,585453.0,1295.06,1743905391.0
Al Furjan,al-furjan,2018,721,980000.0,1283.94,1163632900.0
Al Furjan,al-furjan,2019,463,783609.0,940.92,631464766.0
Al Furjan,al-furjan,2020,490,1154802.5,847.95,962870930.0
Al Furjan,al-furjan,2021,1284,1859212.5,880.38,2647558029.0
Al Furjan,al-furjan,2022,3324,1500000.0,1018.63,6032222477.0
Al Furjan,al-furjan,2023,2870,1259892.0,1022.41,5494572041.0
Al Furjan,al-furjan,2024,3931,1300000.0,1170.0,7376804904.0
Al Furjan,al-furjan,2025,3889,1476703.5,1347.77,8721383439.0
Al Furjan,al-furjan,2026,1682,1312102.5,1414.56,3201156861.0
Down Town Jabal Ali,down-town-jabal-ali,2010,23,1764000.0,1121.59,132438575.0
Down Town Jabal Ali,down-town-jabal-ali,2011,10,742950.0,638.32,166651176.0
Down Town Jabal Ali,down-town-jabal-ali,2012,42,640009.0,627.1,327983037.0
Down Town Jabal Ali,down-town-jabal-ali,2013,135,750500.0,971.89,459923901.0
Down Town Jabal Ali,down-town-jabal-ali,2014,126,889068.0,1105.86,289214360.0
Down Town Jabal Ali,down-town-jabal-ali,2015,47,951650.0,1100.01,509915706.0
Down Town Jabal Ali,down-town-jabal-ali,2016,99,1045296.0,900.01,341826150.0
Down Town Jabal Ali,down-town-jabal-ali,2017,266,502686.5,1287.75,531718038.0
Down Town Jabal Ali,down-town-jabal-ali,2018,113,499467.0,1297.83,90783020.0
Down Town Jabal Ali,down-town-jabal-ali,2019,28,489280.0,1169.95,15724498.0
Down Town Jabal Ali,down-town-jabal-ali,2020,90,523047.0,1148.06,109564614.0
Down Town Jabal Ali,down-town-jabal-ali,2021,123,430000.0,906.6,149630436.0
Down Town Jabal Ali,down-town-jabal-ali,2022,164,439000.0,1157.17,110010225.0
Down Town Jabal Ali,down-town-jabal-ali,2023,177,448910.0,1155.24,147904145.0
Down Town Jabal Ali,down-town-jabal-ali,2024,627,927071.0,1298.11,756572190.0
Down Town Jabal Ali,down-town-jabal-ali,2025,803,945986.0,1316.48,1236713962.0
Down Town Jabal Ali,down-town-jabal-ali,2026,2541,731476.0,1673.34,2571478665.0
Silicon Oasis,silicon-oasis,2010,1193,632308.5,816.09,1198444549.0
Silicon Oasis,silicon-oasis,2011,882,597600.0,787.01,871448879.0
Silicon Oasis,silicon-oasis,2012,1127,505440.0,663.26,906661772.0
Silicon Oasis,silicon-oasis,2013,2122,530000.0,666.95,1937479336.0
Silicon Oasis,silicon-oasis,2014,2008,627000.0,832.61,1878723176.0
Silicon Oasis,silicon-oasis,2015,1732,645181.0,829.61,1931781598.0
Silicon Oasis,silicon-oasis,2016,2048,625000.0,851.0,1829368227.0
Silicon Oasis,silicon-oasis,2017,1233,615000.0,825.0,2073037041.0
Silicon Oasis,silicon-oasis,2018,1117,550500.0,773.43,1102262750.0
Silicon Oasis,silicon-oasis,2019,691,454086.0,693.66,864061241.0
Silicon Oasis,silicon-oasis,2020,578,417227.0,658.81,527983300.0
Silicon Oasis,silicon-oasis,2021,793,460000.0,595.43,770024879.0
Silicon Oasis,silicon-oasis,2022,1077,475000.0,629.24,947425243.0
Silicon Oasis,silicon-oasis,2023,1814,515000.0,716.31,1399252571.0
Silicon Oasis,silicon-oasis,2024,2261,722785.0,898.33,2562963107.0
Silicon Oasis,silicon-oasis,2025,4238,883000.0,1504.23,4609915756.0
Silicon Oasis,silicon-oasis,2026,1176,1050000.0,1172.7,1909085826.0
City Of Arabia,city-of-arabia,2010,1,,,78000000.0
City Of Arabia,city-of-arabia,2012,2,,,79377332.0
City Of Arabia,city-of-arabia,2015,20,5461400.0,830.0,52389800.0
City Of Arabia,city-of-arabia,2016,11,4700000.0,711.26,42200000.0
City Of Arabia,city-of-arabia,2018,18,4281984.0,648.0,92402752.0
City Of Arabia,city-of-arabia,2019,3,,,86663794.0
City Of Arabia,city-of-arabia,2020,12,40041000.0,,452124000.0
City Of Arabia,city-of-arabia,2021,1,,,40000000.0
City Of Arabia,city-of-arabia,2023,13,712634.5,763.77,33472339.0
City Of Arabia,city-of-arabia,2024,506,978365.0,1272.47,882421926.0
City Of Arabia,city-of-arabia,2025,688,746100.0,1553.79,906360284.0
City Of Arabia,city-of-arabia,2026,2259,605460.0,1699.55,2713718441.0
Dubai Hills Estate,dubai-hills-estate,2014,455,1757888.0,1268.82,835223253.0
Dubai Hills Estate,dubai-hills-estate,2015,222,1850888.0,1340.54,423555316.0
Dubai Hills Estate,dubai-hills-estate,2016,146,1729388.0,1275.87,356773528.0
Dubai Hills Estate,dubai-hills-estate,2017,792,1225388.0,1323.72,994939947.0
Dubai Hills Estate,dubai-hills-estate,2018,551,999888.0,1380.14,814773894.0
Dubai Hills Estate,dubai-hills-estate,2019,1517,999888.0,1417.46,1679169395.0
Dubai Hills Estate,dubai-hills-estate,2020,450,1093888.0,1467.18,609690528.0
Dubai Hills Estate,dubai-hills-estate,2021,869,1551888.0,1498.2,1499592623.0
Dubai Hills Estate,dubai-hills-estate,2022,2496,1317001.0,1701.91,4501045202.0
Dubai Hills Estate,dubai-hills-estate,2023,4670,1710055.0,2000.0,9444023113.0
Dubai Hills Estate,dubai-hills-estate,2024,6533,2070888.0,2282.84,15076155293.0
Dubai Hills Estate,dubai-hills-estate,2025,3849,2028135.0,2425.97,9231296861.0
Dubai Hills Estate,dubai-hills-estate,2026,1434,2250000.0,2381.04,4009998096.0
Dubai Marina,dubai-marina,2010,5502,1205888.0,1029.44,8368316933.0
Dubai Marina,dubai-marina,2011,4497,1275175.0,984.51,6510901486.0
Dubai Marina,dubai-marina,2012,5620,1242075.0,1042.08,8478132728.0
Dubai Marina,dubai-marina,2013,7765,1350000.0,1273.15,12698375420.0
Dubai Marina,dubai-marina,2014,4302,1650000.0,1609.42,8222036510.0
Dubai Marina,dubai-marina,2015,2482,1550000.0,1534.23,4867817258.0
Dubai Marina,dubai-marina,2016,2361,1628542.0,1523.88,4567253051.0
Dubai Marina,dubai-marina,2017,2499,1450000.0,1505.17,4086170174.0
Dubai Marina,dubai-marina,2018,1960,1490000.0,1424.26,3333417555.0
Dubai Marina,dubai-marina,2019,1611,1311200.0,1216.79,2957017402.0
Dubai Marina,dubai-marina,2020,1802,1264444.0,1040.54,2481002357.0
Dubai Marina,dubai-marina,2021,2868,1427500.0,1244.88,4753573755.0
Dubai Marina,dubai-marina,2022,4264,1633888.0,1545.38,8543477809.0
Dubai Marina,dubai-marina,2023,4404,1560000.0,1507.96,8594667354.0
Dubai Marina,dubai-marina,2024,5064,2070444.0,1902.94,11467873774.0
Dubai Marina,dubai-marina,2025,4419,1927288.0,2219.75,9951840428.0
Dubai Marina,dubai-marina,2026,1502,2000000.0,1952.58,3255767427.0
TOWN SQUARE,town-square,2014,1,,,0.0
TOWN SQUARE,town-square,2015,1766,1192888.0,629.78,1950431320.0
TOWN SQUARE,town-square,2016,1345,878888.0,903.64,1302309652.0
TOWN SQUARE,town-square,2017,1589,1295388.0,685.45,1932435246.0
TOWN SQUARE,town-square,2018,872,1322888.0,706.38,1031957568.0
TOWN SQUARE,town-square,2019,505,1075888.0,625.07,557028850.0
TOWN SQUARE,town-square,2020,1201,948888.0,801.89,1145555055.0
TOWN SQUARE,town-square,2021,1153,1340000.0,799.23,1432271540.0
TOWN SQUARE,town-square,2022,837,1688888.0,826.97,1295051118.0
TOWN SQUARE,town-square,2023,2960,977888.0,1023.21,3465093057.0
TOWN SQUARE,town-square,2024,3111,1175000.0,1168.39,4088076260.0
TOWN SQUARE,town-square,2025,2746,1342888.0,1422.87,4071124636.0
TOWN SQUARE,town-square,2026,1294,1453888.0,1516.14,2051014796.0
DAMAC Lagoons,damac-lagoons,2018,1,,,130000000.0
DAMAC Lagoons,damac-lagoons,2021,30,1666000.0,,53487000.0
DAMAC Lagoons,damac-lagoons,2022,3943,1789000.0,,10124322494.0
DAMAC Lagoons,damac-lagoons,2023,1394,2922620.0,,6229403366.0
DAMAC Lagoons,damac-lagoons,2024,1105,2988000.0,,4065239107.0
DAMAC Lagoons,damac-lagoons,2025,786,2950000.0,,3159574365.0
DAMAC Lagoons,damac-lagoons,2026,1970,1231000.0,1841.74,3564875880.0
Wasl Gate,wasl-gate,2016,1,,,0.0
Wasl Gate,wasl-gate,2019,416,1687777.0,931.7,583493728.0
Wasl Gate,wasl-gate,2020,80,1972500.0,927.95,139054888.0
Wasl Gate,wasl-gate,2021,28,940777.0,931.68,53328432.0
Wasl Gate,wasl-gate,2022,253,858777.0,1101.21,291870644.0
Wasl Gate,wasl-gate,2023,344,887277.0,1118.07,966846652.0
Wasl Gate,wasl-gate,2024,920,1468500.0,1229.3,1894207700.0
Wasl Gate,wasl-gate,2025,1487,1199680.0,1347.67,2013985633.0
Wasl Gate,wasl-gate,2026,1516,1441500.0,1557.62,2312543141.0
Meydan Racecourse Community,meydan-racecourse-community,2010,1,,,5530500.0
Meydan Racecourse Community,meydan-racecourse-community,2013,74,7902790.0,,669330382.0
Meydan Racecourse Community,meydan-racecourse-community,2014,333,1197098.0,1255.05,793676522.0
Meydan Racecourse Community,meydan-racecourse-community,2015,114,1639375.0,1243.27,346853125.0
Meydan Racecourse Community,meydan-racecourse-community,2016,130,1631750.0,1149.97,403124824.0
Meydan Racecourse Community,meydan-racecourse-community,2017,296,1565000.0,1188.25,586350436.0
Meydan Racecourse Community,meydan-racecourse-community,2018,201,1163019.0,1108.2,294437496.0
Meydan Racecourse Community,meydan-racecourse-community,2019,123,1232329.0,913.8,218405740.0
Meydan Racecourse Community,meydan-racecourse-community,2020,144,1185000.0,1002.23,225115151.0
Meydan Racecourse Community,meydan-racecourse-community,2021,174,1037546.5,1154.03,269668810.0
Meydan Racecourse Community,meydan-racecourse-community,2022,190,1167390.5,1035.88,438464798.0
Meydan Racecourse Community,meydan-racecourse-community,2023,335,1314720.0,1252.3,1217995529.0
Meydan Racecourse Community,meydan-racecourse-community,2024,597,1285380.0,1405.65,1727678173.0
Meydan Racecourse Community,meydan-racecourse-community,2025,487,2263650.0,1808.69,1669996093.0
Meydan Racecourse Community,meydan-racecourse-community,2026,1804,1408000.0,3546.29,3704743889.0
DAMAC HILLS,damac-hills,2013,654,1048215.0,1176.36,1176132761.0
DAMAC HILLS,damac-hills,2014,2157,1805000.0,1435.89,4460046619.0
DAMAC HILLS,damac-hills,2015,1114,698600.0,1373.15,1672279131.0
DAMAC HILLS,damac-hills,2016,358,1280280.0,1352.99,866021940.0
DAMAC HILLS,damac-hills,2017,595,1121000.0,1302.6,1195521202.0
DAMAC HILLS,damac-hills,2018,545,718000.0,1340.38,917223369.0
DAMAC HILLS,damac-hills,2019,636,1000000.0,1225.5,996452192.0
DAMAC HILLS,damac-hills,2020,628,1300000.0,1084.62,1029492226.0
DAMAC HILLS,damac-hills,2021,1686,1803500.0,1059.18,3501987992.0
DAMAC HILLS,damac-hills,2022,1377,1061000.0,1077.57,2494381469.0
DAMAC HILLS,damac-hills,2023,2244,1082000.0,1218.4,4419977788.0
DAMAC HILLS,damac-hills,2024,1880,1260500.0,1419.87,4607103994.0
DAMAC HILLS,damac-hills,2025,1973,1360000.0,1468.81,5085139762.0
DAMAC HILLS,damac-hills,2026,1027,1300500.0,1675.88,2476622203.0
DMCC-EZ2,dmcc-ez2,2010,13,240000.0,,4331472.0
DMCC-EZ2,dmcc-ez2,2011,88,227390.0,662.42,25958934.0
DMCC-EZ2,dmcc-ez2,2012,67,268562.0,655.82,40416862.0
DMCC-EZ2,dmcc-ez2,2013,270,240168.5,605.04,45506369.0
DMCC-EZ2,dmcc-ez2,2014,44,227700.0,766.88,11905566.0
DMCC-EZ2,dmcc-ez2,2015,15,500000.0,,24515067.0
DMCC-EZ2,dmcc-ez2,2016,26,575000.0,600.02,10321949.0
DMCC-EZ2,dmcc-ez2,2017,43,317430.0,819.97,26089820.0
DMCC-EZ2,dmcc-ez2,2018,9,,942.97,1140000.0
DMCC-EZ2,dmcc-ez2,2019,13,,1260.71,3882000.0
DMCC-EZ2,dmcc-ez2,2020,6,,,14700000.0
DMCC-EZ2,dmcc-ez2,2021,21,272800.0,573.98,8616121.0
DMCC-EZ2,dmcc-ez2,2022,21,,1020.73,2675486.0
DMCC-EZ2,dmcc-ez2,2023,16,774437.0,858.91,10106874.0
DMCC-EZ2,dmcc-ez2,2024,38,697980.0,1024.97,31956666.0
DMCC-EZ2,dmcc-ez2,2025,1519,2083579.0,2910.0,3373929147.0
DMCC-EZ2,dmcc-ez2,2026,832,2113024.0,3157.49,2217340166.0
International City Phase 1,international-city-phase-1,2010,4040,360750.0,571.08,1559528980.0
International City Phase 1,international-city-phase-1,2011,1844,251800.0,389.37,648417936.0
International City Phase 1,international-city-phase-1,2012,2653,270000.0,450.38,962223713.0
International City Phase 1,international-city-phase-1,2013,3403,355642.0,581.53,1509905377.0
International City Phase 1,international-city-phase-1,2014,2871,450000.0,743.22,1980569728.0
International City Phase 1,international-city-phase-1,2015,2416,470000.0,701.93,1828548409.0
International City Phase 1,international-city-phase-1,2016,2005,427500.0,688.92,1169216814.0
International City Phase 1,international-city-phase-1,2017,1756,430000.0,670.4,1228493066.0
International City Phase 1,international-city-phase-1,2018,2293,375000.0,736.53,1422060371.0
International City Phase 1,international-city-phase-1,2019,1282,305000.0,470.09,566207160.0
International City Phase 1,international-city-phase-1,2020,836,290000.0,433.55,408066169.0
International City Phase 1,international-city-phase-1,2021,1491,315000.0,420.43,798871150.0
International City Phase 1,international-city-phase-1,2022,2068,310000.0,443.4,1153191905.0
International City Phase 1,international-city-phase-1,2023,2273,340000.0,490.44,1168766116.0
International City Phase 1,international-city-phase-1,2024,2167,385000.0,551.22,1122118377.0
International City Phase 1,international-city-phase-1,2025,2220,425000.0,629.17,1619420497.0
International City Phase 1,international-city-phase-1,2026,1165,514341.0,707.33,892356872.0
Dubai Investment Park First,dubai-investment-park-first,2010,97,566100.0,623.81,99404650.0
Dubai Investment Park First,dubai-investment-park-first,2011,48,753909.0,841.85,40565480.0
Dubai Investment Park First,dubai-investment-park-first,2012,478,504380.0,726.98,487250199.0
Dubai Investment Park First,dubai-investment-park-first,2013,1518,1439058.0,348.04,2839734517.0
Dubai Investment Park First,dubai-investment-park-first,2014,1026,912449.0,718.96,1745591297.0
Dubai Investment Park First,dubai-investment-park-first,2015,412,1688050.0,490.02,1392999436.0
Dubai Investment Park First,dubai-investment-park-first,2016,693,802972.0,738.81,1899781650.0
Dubai Investment Park First,dubai-investment-park-first,2017,476,788856.0,737.22,1223150071.0
Dubai Investment Park First,dubai-investment-park-first,2018,213,1473687.5,622.8,733385052.0
Dubai Investment Park First,dubai-investment-park-first,2019,190,2515000.0,461.64,895142173.0
Dubai Investment Park First,dubai-investment-park-first,2020,288,3048178.0,754.21,852231385.0
Dubai Investment Park First,dubai-investment-park-first,2021,514,2965095.0,886.1,1546132757.0
Dubai Investment Park First,dubai-investment-park-first,2022,469,1237025.0,761.68,959342363.0
Dubai Investment Park First,dubai-investment-park-first,2023,430,1327200.0,841.84,1378804134.0
Dubai Investment Park First,dubai-investment-park-first,2024,832,1142412.0,1010.0,1590365660.0
Dubai Investment Park First,dubai-investment-park-first,2025,496,1312245.0,1012.17,1987093443.0
Dubai Investment Park First,dubai-investment-park-first,2026,1661,1201600.0,1218.73,2676510856.0
Dubai Studio City,dubai-studio-city,2013,2,,,9848448.0
Dubai Studio City,dubai-studio-city,2014,6,19292194.5,,109717039.0
Dubai Studio City,dubai-studio-city,2015,424,820000.0,1044.0,452249022.0
Dubai Studio City,dubai-studio-city,2016,165,895000.0,1038.78,198315619.0
Dubai Studio City,dubai-studio-city,2017,47,1097106.0,999.7,113733325.0
Dubai Studio City,dubai-studio-city,2018,55,1094700.0,980.73,235563313.0
Dubai Studio City,dubai-studio-city,2019,51,630000.0,812.09,35573162.0
Dubai Studio City,dubai-studio-city,2020,90,435250.0,1050.4,80812651.0
Dubai Studio City,dubai-studio-city,2021,194,421434.0,1093.15,148530529.0
Dubai Studio City,dubai-studio-city,2022,127,537972.0,1139.66,119709133.0
Dubai Studio City,dubai-studio-city,2023,704,675909.0,1235.63,690266705.0
Dubai Studio City,dubai-studio-city,2024,940,656600.0,1379.45,857319860.0
Dubai Studio City,dubai-studio-city,2025,1796,907000.0,1422.28,1706709618.0
Dubai Studio City,dubai-studio-city,2026,1077,672280.0,1518.67,848784777.0
Jumeirah Garden City,jumeirah-garden-city,2015,2,,,5500000.0
Jumeirah Garden City,jumeirah-garden-city,2016,4,,,59014600.0
Jumeirah Garden City,jumeirah-garden-city,2017,192,17840000.0,,3646720850.0
Jumeirah Garden City,jumeirah-garden-city,2018,18,18452000.0,,316611130.0
Jumeirah Garden City,jumeirah-garden-city,2019,19,17124000.0,,316451080.0
Jumeirah Garden City,jumeirah-garden-city,2020,4,,,74379600.0
Jumeirah Garden City,jumeirah-garden-city,2021,7,15695000.0,,175646000.0
Jumeirah Garden City,jumeirah-garden-city,2022,15,15302000.0,,247909009.0
Jumeirah Garden City,jumeirah-garden-city,2023,41,15777150.0,,765836152.0
Jumeirah Garden City,jumeirah-garden-city,2024,327,1227851.0,1896.79,1549105622.0
Jumeirah Garden City,jumeirah-garden-city,2025,1311,1289689.0,2175.77,2417516040.0
Jumeirah Garden City,jumeirah-garden-city,2026,1151,1451250.0,2271.54,2010821381.0
International City Phase 3,international-city-phase-3,2010,9,1480100.0,,19801338.0
International City Phase 3,international-city-phase-3,2011,23,388000.0,806.18,18875832.0
International City Phase 3,international-city-phase-3,2012,163,547420.0,756.63,95210469.0
International City Phase 3,international-city-phase-3,2013,157,636687.5,704.96,255994736.0
International City Phase 3,international-city-phase-3,2014,104,2587300.0,801.34,371001728.0
International City Phase 3,international-city-phase-3,2015,95,727675.0,781.4,375751622.0
International City Phase 3,international-city-phase-3,2016,76,3645142.0,772.31,301931525.0
International City Phase 3,international-city-phase-3,2017,155,587385.0,790.83,311184230.0
International City Phase 3,international-city-phase-3,2018,138,435000.0,736.02,383935503.0
International City Phase 3,international-city-phase-3,2019,172,415000.0,630.72,137564940.0
International City Phase 3,international-city-phase-3,2020,108,327500.0,661.21,97483888.0
International City Phase 3,international-city-phase-3,2021,266,300000.0,450.0,233931236.0
International City Phase 3,international-city-phase-3,2022,172,417500.0,514.51,397092755.0
International City Phase 3,international-city-phase-3,2023,373,502500.0,760.57,541324127.0
International City Phase 3,international-city-phase-3,2024,922,595000.0,806.0,1307257970.0
International City Phase 3,international-city-phase-3,2025,1753,718306.0,1046.99,2833564942.0
International City Phase 3,international-city-phase-3,2026,1031,841500.0,1173.4,1538884729.0
DAMAC HILLS 2,damac-hills-2,2014,334,1760350.0,,668673700.0
DAMAC HILLS 2,damac-hills-2,2015,1600,1717600.0,1163.26,3033773348.0
DAMAC HILLS 2,damac-hills-2,2016,2242,1100000.0,1201.51,2904953616.0
DAMAC HILLS 2,damac-hills-2,2017,2235,1100000.0,1200.51,2733241192.0
DAMAC HILLS 2,damac-hills-2,2018,404,1287000.0,1128.65,729443275.0
DAMAC HILLS 2,damac-hills-2,2019,344,725200.0,952.67,322937349.0
DAMAC HILLS 2,damac-hills-2,2020,199,870000.0,800.3,192730111.0
DAMAC HILLS 2,damac-hills-2,2021,1048,1059000.0,911.83,1203914783.0
DAMAC HILLS 2,damac-hills-2,2022,1286,1150000.0,872.46,1531052839.0
DAMAC HILLS 2,damac-hills-2,2023,2028,1384000.0,830.95,2639459422.0
DAMAC HILLS 2,damac-hills-2,2024,5430,1650000.0,1198.48,8713657242.0
DAMAC HILLS 2,damac-hills-2,2025,3239,1899260.0,1152.76,5501733673.0
DAMAC HILLS 2,damac-hills-2,2026,829,1622990.0,1154.13,1311130491.0
Palm Jumeirah,palm-jumeirah,2010,1201,2374271.0,1248.97,3906884677.0
Palm Jumeirah,palm-jumeirah,2011,1612,2643300.0,1341.51,5291717926.0
Palm Jumeirah,palm-jumeirah,2012,1531,2520900.0,1243.44,5402970450.0
Palm Jumeirah,palm-jumeirah,2013,2431,2600000.0,1561.5,8843002110.0
Palm Jumeirah,palm-jumeirah,2014,1437,3000000.0,1754.38,6460486574.0
Palm Jumeirah,palm-jumeirah,2015,1347,2553400.0,1876.9,5468606984.0
Palm Jumeirah,palm-jumeirah,2016,983,2700000.0,1670.09,3573272560.0
Palm Jumeirah,palm-jumeirah,2017,946,2500000.0,1723.85,3360324170.0
Palm Jumeirah,palm-jumeirah,2018,910,1975000.0,1708.34,2441094718.0
Palm Jumeirah,palm-jumeirah,2019,880,1725000.0,1133.0,2746360322.0
Palm Jumeirah,palm-jumeirah,2020,1076,1377728.5,1639.03,2766904138.0
Palm Jumeirah,palm-jumeirah,2021,1948,2250000.0,1656.58,9099617162.0
Palm Jumeirah,palm-jumeirah,2022,3320,3650000.0,2721.78,15815843459.0
Palm Jumeirah,palm-jumeirah,2023,2487,3565000.0,2433.75,12903165645.0
Palm Jumeirah,palm-jumeirah,2024,1798,3600000.0,2332.45,11692132646.0
Palm Jumeirah,palm-jumeirah,2025,1692,4375000.0,2625.12,11905475830.0
Palm Jumeirah,palm-jumeirah,2026,781,4700000.0,2551.8,5137415340.0
Jumeirah Islands,jumeirah-islands,2010,519,446288.0,597.19,573418566.0
Jumeirah Islands,jumeirah-islands,2011,76,5075000.0,,354538199.0
Jumeirah Islands,jumeirah-islands,2012,113,5700000.0,605.18,693149966.0
Jumeirah Islands,jumeirah-islands,2013,204,923194.5,997.33,727743329.0
Jumeirah Islands,jumeirah-islands,2014,237,709600.0,1019.63,660958744.0
Jumeirah Islands,jumeirah-islands,2015,304,709600.0,900.04,538892994.0
Jumeirah Islands,jumeirah-islands,2016,277,620148.0,961.71,624826069.0
Jumeirah Islands,jumeirah-islands,2017,168,871647.5,950.76,451938930.0
Jumeirah Islands,jumeirah-islands,2018,116,4097320.0,970.03,377173128.0
Jumeirah Islands,jumeirah-islands,2019,621,404433.5,940.0,671719812.0
Jumeirah Islands,jumeirah-islands,2020,392,405225.0,953.71,447204920.0
Jumeirah Islands,jumeirah-islands,2021,1558,447017.0,1009.32,1456563941.0
Jumeirah Islands,jumeirah-islands,2022,582,800000.0,1014.77,1677715622.0
Jumeirah Islands,jumeirah-islands,2023,1068,668137.0,1158.34,2251265471.0
Jumeirah Islands,jumeirah-islands,2024,1277,835000.0,1407.23,3113657226.0
Jumeirah Islands,jumeirah-islands,2025,1465,2162828.0,2346.71,5503215841.0
Jumeirah Islands,jumeirah-islands,2026,863,2260328.0,2482.05,3223342019.0
Meydan One Community,meydan-one-community,2013,2,,,34186700.0
Meydan One Community,meydan-one-community,2017,235,581984.0,1449.61,598285824.0
Meydan One Community,meydan-one-community,2018,1216,566137.0,1467.86,919146941.0
Meydan One Community,meydan-one-community,2019,972,559887.0,1472.51,790971064.0
Meydan One Community,meydan-one-community,2020,218,545354.5,1408.07,177187165.0
Meydan One Community,meydan-one-community,2021,595,621808.0,1473.83,705712822.0
Meydan One Community,meydan-one-community,2022,1619,695865.0,1506.21,1451058991.0
Meydan One Community,meydan-one-community,2023,3329,621630.0,1507.21,2884365805.0
Meydan One Community,meydan-one-community,2024,4857,746550.0,1779.29,4903656287.0
Meydan One Community,meydan-one-community,2025,1685,840062.5,2019.29,2184724544.0
Meydan One Community,meydan-one-community,2026,904,1041985.0,2090.01,1378132516.0
Dubai Health Care City Phase 2,dubai-health-care-city-phase-2,2010,3,,,159263455.0
Dubai Health Care City Phase 2,dubai-health-care-city-phase-2,2012,1,,,15217903.0
Dubai Health Care City Phase 2,dubai-health-care-city-phase-2,2013,1,,,15022435.0
Dubai Health Care City Phase 2,dubai-health-care-city-phase-2,2015,2,,,70080760.0
Dubai Health Care City Phase 2,dubai-health-care-city-phase-2,2016,10,53000000.0,,556513268.0
Dubai Health Care City Phase 2,dubai-health-care-city-phase-2,2017,353,645445.0,1458.39,773699150.0
Dubai Health Care City Phase 2,dubai-health-care-city-phase-2,2018,89,639644.0,1548.5,194413193.0
Dubai Health Care City Phase 2,dubai-health-care-city-phase-2,2019,131,635000.0,1459.75,269731261.0
Dubai Health Care City Phase 2,dubai-health-care-city-phase-2,2020,251,645612.0,816.47,175566413.0
Dubai Health Care City Phase 2,dubai-health-care-city-phase-2,2021,614,638993.5,827.58,468325278.0
Dubai Health Care City Phase 2,dubai-health-care-city-phase-2,2022,819,750000.0,1081.05,686697457.0
Dubai Health Care City Phase 2,dubai-health-care-city-phase-2,2023,894,1310000.0,1483.85,1826934916.0
Dubai Health Care City Phase 2,dubai-health-care-city-phase-2,2024,995,1200000.0,1691.22,1448232933.0
Dubai Health Care City Phase 2,dubai-health-care-city-phase-2,2025,1695,1200000.0,1979.34,2568384529.0
Dubai Health Care City Phase 2,dubai-health-care-city-phase-2,2026,571,1483172.5,1931.0,993356166.0
DMCC Master Community,dmcc-master-community,2023,1,,,3550000.0
DMCC Master Community,dmcc-master-community,2025,1,,,720000.0
DMCC Master Community,dmcc-master-community,2026,1327,1633470.0,1655.23,2664375228.0
SOBHA HARTLAND,sobha-hartland,2014,1,,,32512826.0
SOBHA HARTLAND,sobha-hartland,2015,19,2659261.0,1600.92,120596992.0
SOBHA HARTLAND,sobha-hartland,2016,26,1270586.5,1471.25,65021343.0
SOBHA HARTLAND,sobha-hartland,2017,247,1271320.0,1480.21,802365268.0
SOBHA HARTLAND,sobha-hartland,2018,330,1243576.0,1450.27,583729759.0
SOBHA HARTLAND,sobha-hartland,2019,258,1125150.0,1480.85,506879299.0
SOBHA HARTLAND,sobha-hartland,2020,890,1116015.0,1489.98,1311933608.0
SOBHA HARTLAND,sobha-hartland,2021,1371,1193985.0,1641.02,2381368235.0
SOBHA HARTLAND,sobha-hartland,2022,2870,1322222.5,1820.34,5142149523.0
SOBHA HARTLAND,sobha-hartland,2023,5004,1729900.0,1875.02,10601762465.0
SOBHA HARTLAND,sobha-hartland,2024,1901,1630000.0,1947.1,4122324569.0
SOBHA HARTLAND,sobha-hartland,2025,1400,1700000.0,2063.11,3114558489.0
SOBHA HARTLAND,sobha-hartland,2026,795,1850000.0,2006.91,1833671055.0
Discovery Gardens,discovery-gardens,2010,907,510000.0,697.23,526231995.0
Discovery Gardens,discovery-gardens,2011,526,346800.0,516.13,917338857.0
Discovery Gardens,discovery-gardens,2012,526,345000.0,555.39,262332772.0
Discovery Gardens,discovery-gardens,2013,935,452997.5,706.61,500383898.0
Discovery Gardens,discovery-gardens,2014,589,550000.0,872.15,379403437.0
Discovery Gardens,discovery-gardens,2015,477,547500.0,804.4,367069799.0
Discovery Gardens,discovery-gardens,2016,493,600000.0,801.29,518987655.0
Discovery Gardens,discovery-gardens,2017,600,630000.0,791.4,445317669.0
Discovery Gardens,discovery-gardens,2018,311,518181.0,692.03,158187334.0
Discovery Gardens,discovery-gardens,2019,229,345000.0,612.32,130020130.0
Discovery Gardens,discovery-gardens,2020,195,365000.0,490.73,69642762.0
Discovery Gardens,discovery-gardens,2021,278,380000.0,482.61,103478552.0
Discovery Gardens,discovery-gardens,2022,434,393000.0,519.76,315172911.0
Discovery Gardens,discovery-gardens,2023,790,545000.0,739.59,811558884.0
Discovery Gardens,discovery-gardens,2024,1693,710000.0,1121.11,1839932729.0
Discovery Gardens,discovery-gardens,2025,1323,730000.0,990.25,2369412271.0
Discovery Gardens,discovery-gardens,2026,815,757919.0,1011.61,780774128.0
Liwan1,liwan1,2010,6,,,789858.0
Liwan1,liwan1,2011,14,354463.0,1593.53,6634109.0
Liwan1,liwan1,2012,92,579318.5,662.7,65722906.0
Liwan1,liwan1,2013,76,590622.0,606.76,117234215.0
Liwan1,liwan1,2014,616,596756.0,710.09,404497277.0
Liwan1,liwan1,2015,955,618121.0,718.36,683827948.0
Liwan1,liwan1,2016,634,604080.0,714.3,478780709.0
Liwan1,liwan1,2017,650,564096.0,639.64,452893721.0
Liwan1,liwan1,2018,231,610000.0,691.25,297735693.0
Liwan1,liwan1,2019,667,353000.0,497.1,335402806.0
Liwan1,liwan1,2020,379,367500.0,831.3,277951546.0
Liwan1,liwan1,2021,213,460000.0,444.4,203825243.0
Liwan1,liwan1,2022,216,377500.0,457.3,184639740.0
Liwan1,liwan1,2023,294,410000.0,531.51,407457038.0
Liwan1,liwan1,2024,902,754856.0,980.75,1005476510.0
Liwan1,liwan1,2025,1361,845250.0,1114.18,1638586849.0
Liwan1,liwan1,2026,566,891500.0,1114.12,606365020.0
Jumeirah Lakes Towers,jumeirah-lakes-towers,2010,4315,847725.0,761.73,4269322182.0
Jumeirah Lakes Towers,jumeirah-lakes-towers,2011,4442,732605.0,718.2,4004430331.0
Jumeirah Lakes Towers,jumeirah-lakes-towers,2012,5394,763013.0,788.4,4974219875.0
Jumeirah Lakes Towers,jumeirah-lakes-towers,2013,6306,895417.0,961.61,6663090783.0
Jumeirah Lakes Towers,jumeirah-lakes-towers,2014,2813,1118320.0,1240.36,3508327988.0
Jumeirah Lakes Towers,jumeirah-lakes-towers,2015,1738,1050000.0,1172.76,2071666589.0
Jumeirah Lakes Towers,jumeirah-lakes-towers,2016,1450,1010271.0,1163.13,1728225795.0
Jumeirah Lakes Towers,jumeirah-lakes-towers,2017,1282,1068750.0,1185.97,1666363768.0
Jumeirah Lakes Towers,jumeirah-lakes-towers,2018,949,900000.0,1042.24,989814848.0
Jumeirah Lakes Towers,jumeirah-lakes-towers,2019,806,780000.0,863.41,761373849.0
Jumeirah Lakes Towers,jumeirah-lakes-towers,2020,783,675000.0,750.41,637489894.0
Jumeirah Lakes Towers,jumeirah-lakes-towers,2021,1813,850000.0,901.07,1945026708.0
Jumeirah Lakes Towers,jumeirah-lakes-towers,2022,2112,1030199.5,1049.15,2685704916.0
Jumeirah Lakes Towers,jumeirah-lakes-towers,2023,4164,1371770.0,1896.06,6721610544.0
Jumeirah Lakes Towers,jumeirah-lakes-towers,2024,3727,1500000.0,1767.01,6586739880.0
Jumeirah Lakes Towers,jumeirah-lakes-towers,2025,3417,1716660.0,1879.67,6997159468.0
Jumeirah Lakes Towers,jumeirah-lakes-towers,2026,109,1936493.0,1573.25,238715881.0
Jaddaf Waterfront,jaddaf-waterfront,2010,7,2599000.0,1844.72,130939054.0
Jaddaf Waterfront,jaddaf-waterfront,2011,54,2086330.0,1477.19,157610815.0
Jaddaf Waterfront,jaddaf-waterfront,2012,111,3574500.0,1548.48,363682537.0
Jaddaf Waterfront,jaddaf-waterfront,2013,142,2633400.0,1555.04,462100956.0
Jaddaf Waterfront,jaddaf-waterfront,2014,195,1770000.0,1595.8,572552850.0
Jaddaf Waterfront,jaddaf-waterfront,2015,208,1734000.0,1484.58,492616491.0
Jaddaf Waterfront,jaddaf-waterfront,2016,247,1679000.0,1457.11,530198285.0
Jaddaf Waterfront,jaddaf-waterfront,2017,175,1844392.0,1462.45,420007797.0
Jaddaf Waterfront,jaddaf-waterfront,2018,150,1478000.0,1327.05,250394831.0
Jaddaf Waterfront,jaddaf-waterfront,2019,69,1604845.5,1102.82,125076629.0
Jaddaf Waterfront,jaddaf-waterfront,2020,50,1084239.0,882.69,68647980.0
Jaddaf Waterfront,jaddaf-waterfront,2021,117,1400000.0,913.61,216865075.0
Jaddaf Waterfront,jaddaf-waterfront,2022,229,850000.0,1270.43,407220570.0
Jaddaf Waterfront,jaddaf-waterfront,2023,140,1500000.0,1305.0,403317669.0
Jaddaf Waterfront,jaddaf-waterfront,2024,849,1350000.0,1591.69,1744805912.0
Jaddaf Waterfront,jaddaf-waterfront,2025,1354,1400000.0,1820.21,2673083688.0
Jaddaf Waterfront,jaddaf-waterfront,2026,269,1731812.0,1878.84,472866385.0
Dubai Harbour,dubai-harbour,2017,2,,,0.0
Dubai Harbour,dubai-harbour,2018,75,2254888.0,1841.42,183073936.0
Dubai Harbour,dubai-harbour,2019,871,2081888.0,1969.44,1991471285.0
Dubai Harbour,dubai-harbour,2020,395,1887888.0,2126.76,967698183.0
Dubai Harbour,dubai-harbour,2021,1993,3075388.0,2511.07,6565618867.0
Dubai Harbour,dubai-harbour,2022,1876,3500000.0,2878.4,7516236402.0
Dubai Harbour,dubai-harbour,2023,3423,4134888.0,4000.0,16826945605.0
Dubai Harbour,dubai-harbour,2024,1604,4649101.0,3900.01,7516205338.0
Dubai Harbour,dubai-harbour,2025,1625,5681976.0,3930.57,8619692347.0
Dubai Harbour,dubai-harbour,2026,498,4600771.0,3633.49,2171280091.0
City Walk,city-walk,2016,862,2587500.0,1406.02,2321683254.0
City Walk,city-walk,2017,633,2960000.0,1698.4,1836791470.0
City Walk,city-walk,2018,179,3418000.0,1668.26,582273488.0
City Walk,city-walk,2019,315,733888.0,1651.07,507923625.0
City Walk,city-walk,2020,55,2200000.0,1534.36,126563650.0
City Walk,city-walk,2021,161,2479000.0,1587.18,406138650.0
City Walk,city-walk,2022,1020,1996500.0,1991.69,2522669459.0
City Walk,city-walk,2023,959,2893829.5,2340.76,2980276106.0
City Walk,city-walk,2024,1388,3376500.0,2827.81,4803293121.0
City Walk,city-walk,2025,1008,3305000.0,3107.67,3731241773.0
City Walk,city-walk,2026,589,3535000.0,3226.65,2231052691.0
Sufouh Gardens,sufouh-gardens,2011,5,5015640.0,,24591250.0
Sufouh Gardens,sufouh-gardens,2012,3,,,19450000.0
Sufouh Gardens,sufouh-gardens,2013,197,1387478.0,1224.96,369709972.0
Sufouh Gardens,sufouh-gardens,2014,57,1870888.0,1462.46,254801800.0
Sufouh Gardens,sufouh-gardens,2015,93,1477899.0,1329.12,295982256.0
Sufouh Gardens,sufouh-gardens,2016,73,1420000.0,1400.02,251052187.0
Sufouh Gardens,sufouh-gardens,2017,76,1300400.0,1379.99,130581808.0
Sufouh Gardens,sufouh-gardens,2018,37,1300800.0,796.08,62401286.0
Sufouh Gardens,sufouh-gardens,2019,31,1200000.0,959.94,47923907.0
Sufouh Gardens,sufouh-gardens,2020,14,1100000.0,858.16,31676896.0
Sufouh Gardens,sufouh-gardens,2021,30,1155000.0,880.71,60109554.0
Sufouh Gardens,sufouh-gardens,2022,20,1800000.0,1021.04,198148404.0
Sufouh Gardens,sufouh-gardens,2023,192,1672800.0,1781.83,651461651.0
Sufouh Gardens,sufouh-gardens,2024,214,2011433.5,2289.56,678762301.0
Sufouh Gardens,sufouh-gardens,2025,197,2175000.0,1765.17,582675352.0
Sufouh Gardens,sufouh-gardens,2026,663,2345310.0,2419.2,1918937028.0
Mina Rashid,mina-rashid,2019,10,1816388.0,1476.27,18566880.0
Mina Rashid,mina-rashid,2020,5,1616888.0,1404.72,8906556.0
Mina Rashid,mina-rashid,2021,2,,,1982776.0
Mina Rashid,mina-rashid,2022,239,2003888.0,1629.87,540936850.0
Mina Rashid,mina-rashid,2023,1005,2265888.0,1825.22,2254927888.0
Mina Rashid,mina-rashid,2024,2007,2507388.0,2235.28,5623663200.0
Mina Rashid,mina-rashid,2025,957,2422388.0,2874.0,3062283693.0
Mina Rashid,mina-rashid,2026,262,2450000.0,2751.06,786988274.0
Sama Al Jadaf,sama-al-jadaf,2010,58,19534700.0,,1532269819.0
Sama Al Jadaf,sama-al-jadaf,2011,14,23352750.0,,351127554.0
Sama Al Jadaf,sama-al-jadaf,2012,19,18115815.0,,335488372.0
Sama Al Jadaf,sama-al-jadaf,2013,10,7740000.0,,118782092.0
Sama Al Jadaf,sama-al-jadaf,2014,24,20898659.0,,633871429.0
Sama Al Jadaf,sama-al-jadaf,2015,13,14900000.0,,288238603.0
Sama Al Jadaf,sama-al-jadaf,2016,13,20517913.0,,380336662.0
Sama Al Jadaf,sama-al-jadaf,2017,37,10947950.0,,403490797.0
Sama Al Jadaf,sama-al-jadaf,2018,7,9500000.0,,104486384.0
Sama Al Jadaf,sama-al-jadaf,2019,8,8908929.5,,80596002.0
Sama Al Jadaf,sama-al-jadaf,2020,22,8430000.0,,210371610.0
Sama Al Jadaf,sama-al-jadaf,2021,18,9954560.0,,230549892.0
Sama Al Jadaf,sama-al-jadaf,2022,13,12000000.0,,254029674.0
Sama Al Jadaf,sama-al-jadaf,2023,38,9544204.0,,457722787.0
Sama Al Jadaf,sama-al-jadaf,2024,19,12565278.0,,346091891.0
Sama Al Jadaf,sama-al-jadaf,2025,46,23359504.5,,1285772108.0
Sama Al Jadaf,sama-al-jadaf,2026,699,1282188.0,2200.79,1203958140.0
Mohammed Bin Rashid AL Maktoum District 11,mohammed-bin-rashid-al-maktoum-district-11,2013,1,,,0.0
Mohammed Bin Rashid AL Maktoum District 11,mohammed-bin-rashid-al-maktoum-district-11,2014,1,,,0.0
Mohammed Bin Rashid AL Maktoum District 11,mohammed-bin-rashid-al-maktoum-district-11,2015,1,,,56391800.0
Mohammed Bin Rashid AL Maktoum District 11,mohammed-bin-rashid-al-maktoum-district-11,2016,2,,,32693760.0
Mohammed Bin Rashid AL Maktoum District 11,mohammed-bin-rashid-al-maktoum-district-11,2017,169,2570000.0,1121.59,489099680.0
Mohammed Bin Rashid AL Maktoum District 11,mohammed-bin-rashid-al-maktoum-district-11,2018,29,3482227.0,1224.41,279977416.0
Mohammed Bin Rashid AL Maktoum District 11,mohammed-bin-rashid-al-maktoum-district-11,2020,3,,,3464327.0
Mohammed Bin Rashid AL Maktoum District 11,mohammed-bin-rashid-al-maktoum-district-11,2021,47,838892.0,514.06,137508574.0
Mohammed Bin Rashid AL Maktoum District 11,mohammed-bin-rashid-al-maktoum-district-11,2022,175,3610101.0,1359.97,560555876.0
Mohammed Bin Rashid AL Maktoum District 11,mohammed-bin-rashid-al-maktoum-district-11,2023,1215,4273800.0,1652.14,8080670329.0
Mohammed Bin Rashid AL Maktoum District 11,mohammed-bin-rashid-al-maktoum-district-11,2024,639,3479777.0,1493.94,3161040806.0
Mohammed Bin Rashid AL Maktoum District 11,mohammed-bin-rashid-al-maktoum-district-11,2025,848,2505777.0,1762.41,3725162742.0
Mohammed Bin Rashid AL Maktoum District 11,mohammed-bin-rashid-al-maktoum-district-11,2026,435,3200000.0,1874.02,2098052609.0
Palm Jabal Ali,palm-jabal-ali,2023,572,20098800.0,,14218503600.0
Palm Jabal Ali,palm-jabal-ali,2024,225,21398800.0,,5975353500.0
Palm Jabal Ali,palm-jabal-ali,2025,772,21410500.0,3500.23,17467967167.0
Palm Jabal Ali,palm-jabal-ali,2026,500,7621000.0,3498.79,7670901072.0
Dubai Water Canal,dubai-water-canal,2019,11,6539000.0,,102648000.0
Dubai Water Canal,dubai-water-canal,2020,1,,,36318000.0
Dubai Water Canal,dubai-water-canal,2021,15,14715533.0,,164124840.0
Dubai Water Canal,dubai-water-canal,2022,1231,2894800.0,2090.47,3869413960.0
Dubai Water Canal,dubai-water-canal,2023,388,3573800.0,2509.48,1319823206.0
Dubai Water Canal,dubai-water-canal,2024,405,3605000.0,2340.51,1346658715.0
Dubai Water Canal,dubai-water-canal,2025,1062,3333333.0,3089.08,3988483849.0
Dubai Water Canal,dubai-water-canal,2026,387,3217780.0,3079.66,1226817566.0
EXPO CITY,expo-city,2026,609,1748888.0,2182.09,1266017588.0
Business Park,business-park,2017,1,,,160325592.0
Business Park,business-park,2021,1,,,0.0
Business Park,business-park,2023,462,2356500.0,2664.67,1258653000.0
Business Park,business-park,2024,66,3400500.0,2769.01,233097205.0
Business Park,business-park,2025,305,2805000.0,2636.54,1117735950.0
Business Park,business-park,2026,520,2934000.0,3149.99,2042241425.0
Mudon,mudon,2013,84,2890000.0,,242388000.0
Mudon,mudon,2014,364,3151300.0,,1187335640.0
Mudon,mudon,2015,922,2271000.0,,2278405459.0
Mudon,mudon,2016,249,3275000.0,,821031790.0
Mudon,mudon,2017,132,1582000.0,1122.8,265455295.0
Mudon,mudon,2018,133,1810000.0,1112.63,266333685.0
Mudon,mudon,2019,164,1780000.0,1191.36,305966470.0
Mudon,mudon,2020,319,1700000.0,1222.96,571937500.0
Mudon,mudon,2021,328,1925500.0,1083.93,687844741.0
Mudon,mudon,2022,846,2346000.0,1070.62,2071349999.0
Mudon,mudon,2023,872,2691500.0,1194.76,2416189562.0
Mudon,mudon,2024,866,2900000.0,1363.49,2720834206.0
Mudon,mudon,2025,592,3350000.0,1532.12,2057835058.0
Mudon,mudon,2026,338,3650000.0,1700.41,1278843002.0
Living Legends,living-legends,2010,292,1220437.5,825.34,538996423.0
Living Legends,living-legends,2011,2,,,6235943.0
Living Legends,living-legends,2012,61,2172750.0,790.42,140923066.0
Living Legends,living-legends,2013,169,2108300.0,763.63,400549659.0
Living Legends,living-legends,2014,173,1120378.0,749.33,269885180.0
Living Legends,living-legends,2015,97,1393393.0,829.47,165607848.0
Living Legends,living-legends,2016,213,1519066.0,800.0,676903112.0
Living Legends,living-legends,2017,341,1323000.0,790.0,770942911.0
Living Legends,living-legends,2018,208,2600000.0,774.61,511204031.0
Living Legends,living-legends,2019,99,1271414.0,627.36,179780037.0
Living Legends,living-legends,2020,91,2042500.0,538.2,229230654.0
Living Legends,living-legends,2021,102,2575000.0,519.55,228968552.0
Living Legends,living-legends,2022,103,1750000.0,480.39,230479505.0
Living Legends,living-legends,2023,173,1900000.0,813.6,455545087.0
Living Legends,living-legends,2024,128,1897417.0,734.3,500808653.0
Living Legends,living-legends,2025,767,5590074.0,1058.32,3756485157.0
Living Legends,living-legends,2026,396,1249395.0,1308.36,1056649033.0
The Greens,the-greens,2010,1587,1058444.0,983.45,1885483580.0
The Greens,the-greens,2011,1591,980000.0,942.3,1948669614.0
The Greens,the-greens,2012,1481,934888.0,960.19,1588662325.0
The Greens,the-greens,2013,1599,1090000.0,1108.04,2066686503.0
The Greens,the-greens,2014,774,1379888.0,1523.22,1229972055.0
The Greens,the-greens,2015,906,1466888.0,1348.2,1480181862.0
The Greens,the-greens,2016,559,1400000.0,1362.44,966751664.0
The Greens,the-greens,2017,521,1507500.0,1367.95,821024494.0
The Greens,the-greens,2018,406,1350000.0,1142.69,549541799.0
The Greens,the-greens,2019,303,1125000.0,946.68,563696453.0
The Greens,the-greens,2020,251,1112500.0,824.66,288185146.0
The Greens,the-greens,2021,371,1250000.0,949.24,475215836.0
The Greens,the-greens,2022,758,1440000.0,1276.89,1380051131.0
The Greens,the-greens,2023,694,1470000.0,1295.37,1117224721.0
The Greens,the-greens,2024,684,1600000.0,1537.4,1218566986.0
The Greens,the-greens,2025,676,1750000.0,1769.14,1380580642.0
The Greens,the-greens,2026,306,2000000.0,1873.17,666476802.0
Falcon City,falcon-city,2010,97,2947913.0,,287706574.0
Falcon City,falcon-city,2011,123,2947913.0,,336490303.0
Falcon City,falcon-city,2012,71,2625000.0,,189227625.0
Falcon City,falcon-city,2013,81,3400000.0,,286117070.0
Falcon City,falcon-city,2014,76,4152000.0,,336674883.0
Falcon City,falcon-city,2015,84,3375000.0,,418247451.0
Falcon City,falcon-city,2016,45,3453520.0,,167870786.0
Falcon City,falcon-city,2017,32,3260000.0,,117237293.0
Falcon City,falcon-city,2018,36,3010000.0,,112703930.0
Falcon City,falcon-city,2019,45,2800000.0,,130846842.0
Falcon City,falcon-city,2020,85,1800000.0,1582.3,141183009.0
Falcon City,falcon-city,2021,161,1289075.0,1595.69,277302393.0
Falcon City,falcon-city,2022,48,3300000.0,,163797000.0
Falcon City,falcon-city,2023,808,527987.0,,1594516114.0
Falcon City,falcon-city,2024,88,4731440.0,,559911249.0
Falcon City,falcon-city,2025,657,1545828.0,1589.13,1144980150.0
Falcon City,falcon-city,2026,278,1413500.0,1613.79,483026231.0
The Valley,the-valley,2025,66,4072500.0,1339.02,275659466.0
The Valley,the-valley,2026,419,3145944.0,1379.13,1494894895.0
Jumeriah Beach Residence - JBR,jumeriah-beach-residence-jbr,2010,591,1350000.0,914.87,852846559.0
Jumeriah Beach Residence - JBR,jumeriah-beach-residence-jbr,2011,811,1329081.0,817.6,1175616134.0
Jumeriah Beach Residence - JBR,jumeriah-beach-residence-jbr,2012,705,1377500.0,949.77,1249358002.0
Jumeriah Beach Residence - JBR,jumeriah-beach-residence-jbr,2013,900,1650000.0,1234.42,1544458753.0
Jumeriah Beach Residence - JBR,jumeriah-beach-residence-jbr,2014,896,2430000.0,1637.57,2143766749.0
Jumeriah Beach Residence - JBR,jumeriah-beach-residence-jbr,2015,393,2000000.0,1383.15,1656903964.0
Jumeriah Beach Residence - JBR,jumeriah-beach-residence-jbr,2016,469,1900000.0,1449.28,951508725.0
Jumeriah Beach Residence - JBR,jumeriah-beach-residence-jbr,2017,646,1900000.0,1730.14,1380938085.0
Jumeriah Beach Residence - JBR,jumeriah-beach-residence-jbr,2018,313,1647500.0,1223.24,572547281.0
Jumeriah Beach Residence - JBR,jumeriah-beach-residence-jbr,2019,324,1446179.0,1030.98,525590958.0
Jumeriah Beach Residence - JBR,jumeriah-beach-residence-jbr,2020,548,1529500.0,1616.32,1115942428.0
Jumeriah Beach Residence - JBR,jumeriah-beach-residence-jbr,2021,978,2300000.0,1877.9,2873258369.0
Jumeriah Beach Residence - JBR,jumeriah-beach-residence-jbr,2022,913,2350000.0,1631.27,2789999084.0
Jumeriah Beach Residence - JBR,jumeriah-beach-residence-jbr,2023,736,2280000.0,1444.28,2095473932.0
Jumeriah Beach Residence - JBR,jumeriah-beach-residence-jbr,2024,722,2500000.0,1577.56,2097990478.0
Jumeriah Beach Residence - JBR,jumeriah-beach-residence-jbr,2025,660,2600000.0,1646.93,1894366544.0
Jumeriah Beach Residence - JBR,jumeriah-beach-residence-jbr,2026,262,2500000.0,1598.03,686446707.0
Site A,site-a,2010,1,,,10954620.0
Site A,site-a,2011,8,21826624.0,,241881149.0
Site A,site-a,2012,6,,,110470209.0
Site A,site-a,2013,3,,,208356896.0
Site A,site-a,2014,4,,,33921840.0
Site A,site-a,2015,2,,,164225382.0
Site A,site-a,2016,6,36000000.0,,301419127.0
Site A,site-a,2017,6,90678360.0,,419883100.0
Site A,site-a,2018,2,,,310000000.0
Site A,site-a,2019,2,,,112196550.0
Site A,site-a,2020,1,,,22527765.0
Site A,site-a,2021,204,2918500.0,2229.39,676432905.0
Site A,site-a,2022,318,3338280.0,2500.44,1758598030.0
Site A,site-a,2023,171,3760000.0,3123.56,1089077139.0
Site A,site-a,2024,431,3275000.0,3127.41,1784994754.0
Site A,site-a,2025,499,2460330.5,2220.21,1412058710.0
Site A,site-a,2026,140,3802560.0,2470.69,527589906.0
Jumeirah Golf Estates,jumeirah-golf-estates,2010,12,6342429.5,,74727773.0
Jumeirah Golf Estates,jumeirah-golf-estates,2011,12,2325000.0,,44943380.0
Jumeirah Golf Estates,jumeirah-golf-estates,2012,1,,,1890813.0
Jumeirah Golf Estates,jumeirah-golf-estates,2013,218,6412189.0,,1397447131.0
Jumeirah Golf Estates,jumeirah-golf-estates,2014,203,6200000.0,,1207009307.0
Jumeirah Golf Estates,jumeirah-golf-estates,2015,272,5908200.0,,1836372581.0
Jumeirah Golf Estates,jumeirah-golf-estates,2016,292,2623885.0,885.77,968110198.0
Jumeirah Golf Estates,jumeirah-golf-estates,2017,381,1679000.0,890.21,1337746484.0
Jumeirah Golf Estates,jumeirah-golf-estates,2018,221,2376361.5,1032.14,827084783.0
Jumeirah Golf Estates,jumeirah-golf-estates,2019,223,2297360.0,975.56,783922780.0
Jumeirah Golf Estates,jumeirah-golf-estates,2020,162,4078888.5,998.55,669125303.0
Jumeirah Golf Estates,jumeirah-golf-estates,2021,427,3950000.0,1036.72,2238124383.0
Jumeirah Golf Estates,jumeirah-golf-estates,2022,410,3395000.0,979.02,2320910871.0
Jumeirah Golf Estates,jumeirah-golf-estates,2023,885,4139500.0,1240.58,5265963186.0
Jumeirah Golf Estates,jumeirah-golf-estates,2024,468,5625000.0,1250.46,3445159380.0
Jumeirah Golf Estates,jumeirah-golf-estates,2025,604,6168243.0,1509.14,4980029488.0
Jumeirah Golf Estates,jumeirah-golf-estates,2026,232,7200000.0,1617.76,2377633960.0
Arabian Ranches 3,arabian-ranches-3,2019,589,1329888.0,921.89,857133140.0
Arabian Ranches 3,arabian-ranches-3,2025,207,3600000.0,1800.45,892081240.0
Arabian Ranches 3,arabian-ranches-3,2026,259,3750000.0,1795.97,1145502855.0
Wasl 1,wasl-1,2018,307,1926500.0,1263.64,641504850.0
Wasl 1,wasl-1,2019,60,2054500.0,1451.03,143139060.0
Wasl 1,wasl-1,2020,57,2002388.5,1267.07,122039279.0
Wasl 1,wasl-1,2021,104,2100000.0,1347.03,239592381.0
Wasl 1,wasl-1,2022,466,2161777.0,1613.22,1017165210.0
Wasl 1,wasl-1,2023,689,2161326.0,1767.22,1550574385.0
Wasl 1,wasl-1,2024,852,2436777.0,2033.61,2265944046.0
Wasl 1,wasl-1,2025,775,2580777.0,2182.41,2159661653.0
Wasl 1,wasl-1,2026,179,2750000.0,2178.93,518148397.0
TILAL AL GHAF,tilal-al-ghaf,2016,1,,,0.0
TILAL AL GHAF,tilal-al-ghaf,2019,1,,,43500000.0
TILAL AL GHAF,tilal-al-ghaf,2020,850,1411500.0,888.58,1269264051.0
TILAL AL GHAF,tilal-al-ghaf,2021,1537,2999000.0,1115.79,4909521369.0
TILAL AL GHAF,tilal-al-ghaf,2022,700,5137500.0,1172.11,5390938240.0
TILAL AL GHAF,tilal-al-ghaf,2023,856,4267500.0,1521.64,7141766688.0
TILAL AL GHAF,tilal-al-ghaf,2024,651,7198000.0,1912.36,6808160929.0
TILAL AL GHAF,tilal-al-ghaf,2025,494,7800000.0,2358.63,5313520651.0
TILAL AL GHAF,tilal-al-ghaf,2026,219,7100000.0,2322.21,2033965177.0
WARSAN FIRST DEVELOPMENT,warsan-first-development,2016,21,6004152.0,,150148108.0
WARSAN FIRST DEVELOPMENT,warsan-first-development,2017,30,8880840.0,,257872089.0
WARSAN FIRST DEVELOPMENT,warsan-first-development,2018,9,9152000.0,,135787591.0
WARSAN FIRST DEVELOPMENT,warsan-first-development,2019,17,9993000.0,,199991750.0
WARSAN FIRST DEVELOPMENT,warsan-first-development,2020,308,340000.0,835.97,189155708.0
WARSAN FIRST DEVELOPMENT,warsan-first-development,2021,94,538350.0,809.15,59770957.0
WARSAN FIRST DEVELOPMENT,warsan-first-development,2022,12,521700.0,836.5,11561446.0
WARSAN FIRST DEVELOPMENT,warsan-first-development,2023,390,768000.0,1182.64,319516622.0
WARSAN FIRST DEVELOPMENT,warsan-first-development,2024,119,690000.0,1084.69,188335034.0
WARSAN FIRST DEVELOPMENT,warsan-first-development,2025,105,750000.0,1173.31,265467262.0
WARSAN FIRST DEVELOPMENT,warsan-first-development,2026,325,563555.0,1366.05,252414698.0
Barsha Heights,barsha-heights,2010,305,1152995.5,950.14,611092877.0
Barsha Heights,barsha-heights,2011,210,1343580.0,913.92,512425373.0
Barsha Heights,barsha-heights,2012,335,1016121.0,983.14,791809323.0
Barsha Heights,barsha-heights,2013,467,1222877.0,961.0,1292323905.0
Barsha Heights,barsha-heights,2014,327,1400000.0,1167.41,880675158.0
Barsha Heights,barsha-heights,2015,422,1646700.0,2097.51,1029683455.0
Barsha Heights,barsha-heights,2016,291,1395000.0,1349.98,760321810.0
Barsha Heights,barsha-heights,2017,387,1262477.5,1233.36,645376743.0
Barsha Heights,barsha-heights,2018,419,1191125.0,2462.39,623564778.0
Barsha Heights,barsha-heights,2019,281,1136150.0,1442.81,430209742.0
Barsha Heights,barsha-heights,2020,322,1099500.0,2099.85,347507546.0
Barsha Heights,barsha-heights,2021,205,919500.0,1508.93,239299037.0
Barsha Heights,barsha-heights,2022,401,874405.0,1721.51,449379374.0
Barsha Heights,barsha-heights,2023,301,971072.0,915.02,471158773.0
Barsha Heights,barsha-heights,2024,314,1270156.0,1186.38,1034919657.0
Barsha Heights,barsha-heights,2025,544,1800000.0,1620.01,1949210839.0
Barsha Heights,barsha-heights,2026,208,1620000.0,1560.0,825048508.0
Jumeirah Golf Estates - Phase B,jumeirah-golf-estates-phase-b,2025,6,23321500.0,,167772946.0
Jumeirah Golf Estates - Phase B,jumeirah-golf-estates-phase-b,2026,310,12825500.0,,4766344571.0
Rukan,rukan,2014,1,,,50179038.0
Rukan,rukan,2016,2,,,60074273.0
Rukan,rukan,2017,6,1269630.0,948.61,7640540.0
Rukan,rukan,2018,5,661550.0,842.38,2887665.0
Rukan,rukan,2019,22,659298.0,879.25,16419137.0
Rukan,rukan,2020,1,,,641250.0
Rukan,rukan,2021,259,730320.0,639.19,147424664.0
Rukan,rukan,2022,778,595100.0,823.14,425557353.0
Rukan,rukan,2023,421,710000.0,902.04,261578924.0
Rukan,rukan,2024,533,780000.0,973.83,384554841.0
Rukan,rukan,2025,645,899850.0,1159.69,577402139.0
Rukan,rukan,2026,139,1010000.0,1397.78,160910116.0
Jabal Ali Village,jabal-ali-village,2022,803,3118800.0,,2874404400.0
Jabal Ali Village,jabal-ali-village,2023,183,3650000.0,,746301044.0
Jabal Ali Village,jabal-ali-village,2024,111,4150000.0,,525658000.0
Jabal Ali Village,jabal-ali-village,2025,58,5250000.0,,360882160.0
Jabal Ali Village,jabal-ali-village,2026,289,634845.0,,518176195.0
Al Barari,al-barari,2010,35,11100000.0,,408795196.0
Al Barari,al-barari,2011,24,11662981.0,,307389177.0
Al Barari,al-barari,2012,24,13596573.5,,337955977.0
Al Barari,al-barari,2013,52,13750000.0,,736181962.0
Al Barari,al-barari,2014,18,16750000.0,,296345850.0
Al Barari,al-barari,2015,153,3790822.0,1350.23,720507602.0
Al Barari,al-barari,2016,21,10100000.0,1580.01,251315603.0
Al Barari,al-barari,2017,17,8200000.0,1218.63,143506692.0
Al Barari,al-barari,2018,144,9000000.0,1102.48,351335571.0
Al Barari,al-barari,2019,51,3049124.5,1112.18,264083666.0
Al Barari,al-barari,2020,23,8500000.0,,216180200.0
Al Barari,al-barari,2021,62,10825000.0,,665432406.0
Al Barari,al-barari,2022,123,7100000.0,,1156936809.0
Al Barari,al-barari,2023,62,13000000.0,,1063373922.0
Al Barari,al-barari,2024,34,20400000.0,,801233830.0
Al Barari,al-barari,2025,64,23700000.0,,1824162761.0
Al Barari,al-barari,2026,284,4820750.0,2481.94,2095429803.0
Remraam,remraam,2010,97,914347.0,881.73,90045526.0
Remraam,remraam,2011,272,685354.0,836.59,190675171.0
Remraam,remraam,2012,207,801366.0,914.09,177827189.0
Remraam,remraam,2013,1309,796220.0,855.96,1097933110.0
Remraam,remraam,2014,1516,796188.0,904.54,1299795556.0
Remraam,remraam,2015,509,800000.0,870.73,459791265.0
Remraam,remraam,2016,327,805500.0,876.13,285211817.0
Remraam,remraam,2017,214,717500.0,860.21,213670795.0
Remraam,remraam,2018,218,582500.0,1052.96,150008015.0
Remraam,remraam,2019,164,542000.0,672.89,95294506.0
Remraam,remraam,2020,173,552000.0,565.91,103803560.0
Remraam,remraam,2021,268,470000.0,510.75,129538199.0
Remraam,remraam,2022,380,637500.0,599.66,280999755.0
Remraam,remraam,2023,361,525000.0,638.71,222209616.0
Remraam,remraam,2024,673,640000.0,774.32,479917925.0
Remraam,remraam,2025,479,795000.0,894.66,426737783.0
Remraam,remraam,2026,148,842500.0,957.15,141741061.0
LA MER,la-mer,2018,5,,,201876319.0
LA MER,la-mer,2019,694,1920000.0,1742.19,1645829810.0
LA MER,la-mer,2020,266,2099000.0,1728.08,737031375.0
LA MER,la-mer,2021,562,2111000.0,1824.55,2088903485.0
LA MER,la-mer,2022,672,2541500.0,2338.16,1993270036.0
LA MER,la-mer,2023,273,2800000.0,2620.48,1195630248.0
LA MER,la-mer,2024,213,3075000.0,2756.1,815932801.0
LA MER,la-mer,2025,366,3000000.0,2927.22,1172822744.0
LA MER,la-mer,2026,142,3100000.0,2951.81,561645790.0
Dubai Investment Park Second,dubai-investment-park-second,2010,4,,,135529640.0
Dubai Investment Park Second,dubai-investment-park-second,2011,9,2592324.0,,87082797.0
Dubai Investment Park Second,dubai-investment-park-second,2012,195,1310219.5,605.17,301257301.0
Dubai Investment Park Second,dubai-investment-park-second,2013,453,940000.0,610.44,791762971.0
Dubai Investment Park Second,dubai-investment-park-second,2014,688,700000.0,781.86,1518954012.0
Dubai Investment Park Second,dubai-investment-park-second,2015,263,2031300.0,930.78,1021100557.0
Dubai Investment Park Second,dubai-investment-park-second,2016,561,3450000.0,765.0,2776575735.0
Dubai Investment Park Second,dubai-investment-park-second,2017,222,1177637.0,725.0,1486305541.0
Dubai Investment Park Second,dubai-investment-park-second,2018,170,1110491.0,676.6,477060924.0
Dubai Investment Park Second,dubai-investment-park-second,2019,69,1429975.0,662.59,381268704.0
Dubai Investment Park Second,dubai-investment-park-second,2020,59,1400000.0,383.28,361771950.0
Dubai Investment Park Second,dubai-investment-park-second,2021,104,1707803.0,453.42,338984442.0
Dubai Investment Park Second,dubai-investment-park-second,2022,105,3158912.5,450.49,455817511.0
Dubai Investment Park Second,dubai-investment-park-second,2023,139,900000.0,461.63,380875773.0
Dubai Investment Park Second,dubai-investment-park-second,2024,236,840000.0,545.67,823000363.0
Dubai Investment Park Second,dubai-investment-park-second,2025,288,855000.0,695.33,1358534486.0
Dubai Investment Park Second,dubai-investment-park-second,2026,201,581609.0,750.64,633027427.0
Emirates Living,emirates-living,2026,283,4999999.5,1665.12,2852632098.0
Arabian Ranches - 1,arabian-ranches-1,2010,724,2518888.0,663.46,1881535912.0
Arabian Ranches - 1,arabian-ranches-1,2011,619,2351444.0,565.17,1597792975.0
Arabian Ranches - 1,arabian-ranches-1,2012,645,2670888.0,675.5,1902958799.0
Arabian Ranches - 1,arabian-ranches-1,2013,799,2900000.0,771.18,2617261684.0
Arabian Ranches - 1,arabian-ranches-1,2014,414,3350000.0,876.3,1590540047.0
Arabian Ranches - 1,arabian-ranches-1,2015,369,3237500.0,792.05,1431670056.0
Arabian Ranches - 1,arabian-ranches-1,2016,322,3760000.0,778.47,1362762579.0
Arabian Ranches - 1,arabian-ranches-1,2017,287,3620000.0,764.98,1088228207.0
Arabian Ranches - 1,arabian-ranches-1,2018,287,3000000.0,637.77,902312392.0
Arabian Ranches - 1,arabian-ranches-1,2019,276,2900000.0,588.74,836163704.0
Arabian Ranches - 1,arabian-ranches-1,2025,161,6100000.0,1488.2,1242538428.0
Arabian Ranches - 1,arabian-ranches-1,2026,160,7225000.0,1446.67,1374420062.0
Nad Al Sheba Gardens,nad-al-sheba-gardens,2018,259,2313610.0,,842357365.0
Nad Al Sheba Gardens,nad-al-sheba-gardens,2019,86,2259000.0,,247231480.0
Nad Al Sheba Gardens,nad-al-sheba-gardens,2020,70,1861000.0,,172984530.0
Nad Al Sheba Gardens,nad-al-sheba-gardens,2021,261,2172000.0,,686188228.0
Nad Al Sheba Gardens,nad-al-sheba-gardens,2022,238,3896500.0,,1211617246.0
Nad Al Sheba Gardens,nad-al-sheba-gardens,2023,383,4984000.0,1683.53,2581668658.0
Nad Al Sheba Gardens,nad-al-sheba-gardens,2024,582,5134500.0,2207.44,5195025499.0
Nad Al Sheba Gardens,nad-al-sheba-gardens,2025,291,5300000.0,1749.0,2122501112.0
Nad Al Sheba Gardens,nad-al-sheba-gardens,2026,162,5590000.0,1926.99,1163448582.0
JABEL ALI HILLS,jabel-ali-hills,2015,24,1316192.5,,35237800.0
JABEL ALI HILLS,jabel-ali-hills,2016,2419,1325125.0,,3846528534.0
JABEL ALI HILLS,jabel-ali-hills,2017,93,1382125.0,,169634840.0
JABEL ALI HILLS,jabel-ali-hills,2018,41,1000000.0,,61808789.0
JABEL ALI HILLS,jabel-ali-hills,2019,31,735000.0,,26979218.0
JABEL ALI HILLS,jabel-ali-hills,2020,41,670000.0,,29947727.0
JABEL ALI HILLS,jabel-ali-hills,2021,90,850000.0,,76754350.0
JABEL ALI HILLS,jabel-ali-hills,2022,107,1000000.0,,106483531.0
JABEL ALI HILLS,jabel-ali-hills,2023,453,1735000.0,,827530970.0
JABEL ALI HILLS,jabel-ali-hills,2024,356,2339399.0,,912303559.0
JABEL ALI HILLS,jabel-ali-hills,2025,463,3350738.5,,1733861816.0
JABEL ALI HILLS,jabel-ali-hills,2026,107,3866266.0,,442005708.0
Mohammed Bin Rashid AL Maktoum City -District -1 Community,mohammed-bin-rashid-al-maktoum-city-district-1-community,2018,152,1216794.0,1599.17,282008221.0
Mohammed Bin Rashid AL Maktoum City -District -1 Community,mohammed-bin-rashid-al-maktoum-city-district-1-community,2019,203,1221230.0,1610.0,296066246.0
Mohammed Bin Rashid AL Maktoum City -District -1 Community,mohammed-bin-rashid-al-maktoum-city-district-1-community,2020,490,1291688.0,1680.0,813874479.0
Mohammed Bin Rashid AL Maktoum City -District -1 Community,mohammed-bin-rashid-al-maktoum-city-district-1-community,2021,460,1527466.0,1727.92,978651640.0
Mohammed Bin Rashid AL Maktoum City -District -1 Community,mohammed-bin-rashid-al-maktoum-city-district-1-community,2022,1074,2319464.0,1696.68,4804561517.0
Mohammed Bin Rashid AL Maktoum City -District -1 Community,mohammed-bin-rashid-al-maktoum-city-district-1-community,2023,736,1821300.0,1986.34,2382915156.0
Mohammed Bin Rashid AL Maktoum City -District -1 Community,mohammed-bin-rashid-al-maktoum-city-district-1-community,2024,706,1880000.0,2136.0,2550845513.0
Mohammed Bin Rashid AL Maktoum City -District -1 Community,mohammed-bin-rashid-al-maktoum-city-district-1-community,2025,279,2600000.0,2213.82,1600579503.0
Mohammed Bin Rashid AL Maktoum City -District -1 Community,mohammed-bin-rashid-al-maktoum-city-district-1-community,2026,140,1885619.0,1922.22,617041767.0
Jumeirah Park,jumeirah-park,2010,26,2952700.0,,78358232.0
Jumeirah Park,jumeirah-park,2011,71,2701700.0,,195542074.0
Jumeirah Park,jumeirah-park,2012,551,3400000.0,,1852637817.0
Jumeirah Park,jumeirah-park,2013,1908,3732500.0,,7287447175.0
Jumeirah Park,jumeirah-park,2014,1061,3988000.0,,4169285414.0
Jumeirah Park,jumeirah-park,2015,424,4100000.0,,1840082970.0
Jumeirah Park,jumeirah-park,2016,286,4017000.0,,1208123910.0
Jumeirah Park,jumeirah-park,2017,195,4000000.0,,821764799.0
Jumeirah Park,jumeirah-park,2018,119,3600000.0,,443105590.0
Jumeirah Park,jumeirah-park,2019,101,3200000.0,,338587950.0
Jumeirah Park,jumeirah-park,2020,233,2800000.0,1276.35,665268355.0
Jumeirah Park,jumeirah-park,2021,273,3612500.0,1244.94,1032068168.0
Jumeirah Park,jumeirah-park,2022,377,4400000.0,1345.35,1698749415.0
Jumeirah Park,jumeirah-park,2023,313,5200000.0,,1833944394.0
Jumeirah Park,jumeirah-park,2024,259,7350000.0,2030.78,2041697472.0
Jumeirah Park,jumeirah-park,2025,194,8500000.0,,1802090300.0
Jumeirah Park,jumeirah-park,2026,91,9200000.0,,944250014.0
HADAEQ SHEIKH MOHAMMED BIN RASHID - DISRICT 7,hadaeq-sheikh-mohammed-bin-rashid-disrict-7,2018,20,5575824.0,,121149870.0
HADAEQ SHEIKH MOHAMMED BIN RASHID - DISRICT 7,hadaeq-sheikh-mohammed-bin-rashid-disrict-7,2019,136,429954.0,1036.08,119461146.0
HADAEQ SHEIKH MOHAMMED BIN RASHID - DISRICT 7,hadaeq-sheikh-mohammed-bin-rashid-disrict-7,2020,242,504705.0,1058.89,289647317.0
HADAEQ SHEIKH MOHAMMED BIN RASHID - DISRICT 7,hadaeq-sheikh-mohammed-bin-rashid-disrict-7,2021,961,1295000.0,1102.4,1443410663.0
HADAEQ SHEIKH MOHAMMED BIN RASHID - DISRICT 7,hadaeq-sheikh-mohammed-bin-rashid-disrict-7,2022,305,1152953.0,1432.65,365817881.0
HADAEQ SHEIKH MOHAMMED BIN RASHID - DISRICT 7,hadaeq-sheikh-mohammed-bin-rashid-disrict-7,2023,213,1184978.0,1462.99,260175686.0
HADAEQ SHEIKH MOHAMMED BIN RASHID - DISRICT 7,hadaeq-sheikh-mohammed-bin-rashid-disrict-7,2024,238,1350000.0,1728.02,409545193.0
HADAEQ SHEIKH MOHAMMED BIN RASHID - DISRICT 7,hadaeq-sheikh-mohammed-bin-rashid-disrict-7,2025,593,4392000.0,2496.07,2981293549.0
HADAEQ SHEIKH MOHAMMED BIN RASHID - DISRICT 7,hadaeq-sheikh-mohammed-bin-rashid-disrict-7,2026,76,1400000.0,1875.26,188950813.0
International City Phase 2,international-city-phase-2,2024,3,,,323486400.0
International City Phase 2,international-city-phase-2,2026,142,919111.0,,1314654519.0
Dubai International Financial Center,dubai-international-financial-center,2013,1,,,0.0
Dubai International Financial Center,dubai-international-financial-center,2023,1,,,0.0
Dubai International Financial Center,dubai-international-financial-center,2025,129,6666900.0,4380.34,744976750.0
Dubai International Financial Center,dubai-international-financial-center,2026,52,3895000.0,3726.16,220013810.0
Dubai Industrial City,dubai-industrial-city,2010,1,,,50000000.0
Dubai Industrial City,dubai-industrial-city,2012,2,,,8021392.0
Dubai Industrial City,dubai-industrial-city,2013,1,,,0.0
Dubai Industrial City,dubai-industrial-city,2014,1,,,60609550.0
Dubai Industrial City,dubai-industrial-city,2015,25,21895280.0,,698961900.0
Dubai Industrial City,dubai-industrial-city,2016,105,20432790.0,,3016680162.0
Dubai Industrial City,dubai-industrial-city,2017,68,14325920.0,,1549939467.0
Dubai Industrial City,dubai-industrial-city,2018,48,12473886.0,,908191815.0
Dubai Industrial City,dubai-industrial-city,2019,22,11006947.0,,308172171.0
Dubai Industrial City,dubai-industrial-city,2020,34,11592370.0,,583501692.0
Dubai Industrial City,dubai-industrial-city,2021,21,12631366.0,,430249850.0
Dubai Industrial City,dubai-industrial-city,2022,43,7035577.0,,491943212.0
Dubai Industrial City,dubai-industrial-city,2023,107,11043180.0,,1778799343.0
Dubai Industrial City,dubai-industrial-city,2024,145,9546103.5,,1845608407.0
Dubai Industrial City,dubai-industrial-city,2025,45,19058276.0,,1134050480.0
Dubai Industrial City,dubai-industrial-city,2026,109,2067320.0,,1591660817.0
The Villa,the-villa,2010,146,3183780.0,,447145816.0
The Villa,the-villa,2011,384,2246344.0,,887014298.0
The Villa,the-villa,2012,717,2339013.0,,1742490429.0
The Villa,the-villa,2013,489,3010232.0,,1570657489.0
The Villa,the-villa,2014,198,3859500.0,,773372240.0
The Villa,the-villa,2015,172,3600000.0,,708388680.0
The Villa,the-villa,2016,166,4000000.0,,680163596.0
The Villa,the-villa,2017,136,3750000.0,,548775813.0
The Villa,the-villa,2018,90,3407500.0,,431049132.0
The Villa,the-villa,2019,95,2850000.0,,327477732.0
The Villa,the-villa,2020,141,2950000.0,,469944895.0
The Villa,the-villa,2021,177,3800000.0,,736855426.0
The Villa,the-villa,2022,178,4175000.0,,830836927.0
The Villa,the-villa,2023,166,5012500.0,,901374111.0
The Villa,the-villa,2024,178,5900000.0,,1206532348.0
The Villa,the-villa,2025,171,7500000.0,,1377903993.0
The Villa,the-villa,2026,62,6925000.0,,482985388.0
Bluewaters Island,bluewaters-island,2017,64,3681000.0,2292.7,230736000.0
Bluewaters Island,bluewaters-island,2018,133,3687500.0,2190.17,479743620.0
Bluewaters Island,bluewaters-island,2019,407,3609500.0,2145.21,1460110965.0
Bluewaters Island,bluewaters-island,2020,117,3918800.0,2037.24,362301560.0
Bluewaters Island,bluewaters-island,2021,114,3820000.0,2157.11,427463987.0
Bluewaters Island,bluewaters-island,2022,197,5100000.0,2958.07,817448813.0
Bluewaters Island,bluewaters-island,2023,158,6300000.0,3575.94,599527027.0
Bluewaters Island,bluewaters-island,2024,122,6100000.0,3436.96,290870000.0
Bluewaters Island,bluewaters-island,2025,104,6650000.0,3788.48,194930718.0
Bluewaters Island,bluewaters-island,2026,55,5940000.0,3149.91,165545484.0
800 Villas,800-villas,2017,875,1552000.0,721.14,1387734500.0
800 Villas,800-villas,2018,105,1758000.0,691.48,178073300.0
800 Villas,800-villas,2019,366,1781000.0,642.57,627985100.0
800 Villas,800-villas,2020,247,1558000.0,612.31,385750125.0
800 Villas,800-villas,2021,173,1640000.0,692.03,284769000.0
800 Villas,800-villas,2022,177,1850000.0,760.47,333137000.0
800 Villas,800-villas,2023,158,2150000.0,849.76,335463000.0
800 Villas,800-villas,2024,138,2485000.0,1061.88,348637000.0
800 Villas,800-villas,2025,120,2800000.0,1215.49,346029000.0
800 Villas,800-villas,2026,50,3025000.0,1286.37,156517500.0
Arabian Ranches II,arabian-ranches-ii,2012,1,,,0.0
Arabian Ranches II,arabian-ranches-ii,2013,30,3862388.0,,112280251.0
Arabian Ranches II,arabian-ranches-ii,2014,770,4130388.0,,3398057730.0
Arabian Ranches II,arabian-ranches-ii,2015,231,3789888.0,,909863667.0
Arabian Ranches II,arabian-ranches-ii,2016,104,3742944.0,,408196567.0
Arabian Ranches II,arabian-ranches-ii,2017,220,2638888.0,1060.15,660799786.0
Arabian Ranches II,arabian-ranches-ii,2018,123,3524444.0,1054.5,432962225.0
Arabian Ranches II,arabian-ranches-ii,2019,418,1746388.0,897.21,1048905625.0
Arabian Ranches II,arabian-ranches-ii,2025,3,,,22025000.0
Arabian Ranches II,arabian-ranches-ii,2026,62,6057500.0,1686.15,385371894.0
Garden View,garden-view,2026,55,645535.0,,35504425.0
Springs - 2,springs-2,2010,143,1073888.0,387.89,176536542.0
Springs - 2,springs-2,2011,117,1150000.0,415.92,140148638.0
Springs - 2,springs-2,2012,124,1500000.0,567.85,185408616.0
Springs - 2,springs-2,2013,149,1850000.0,730.67,270797564.0
Springs - 2,springs-2,2014,74,2300000.0,797.61,153935768.0
Springs - 2,springs-2,2015,57,1910000.0,762.64,117396723.0
Springs - 2,springs-2,2016,66,1917500.0,734.25,133265664.0
Springs - 2,springs-2,2017,71,2050000.0,769.46,141592613.0
Springs - 2,springs-2,2018,62,1857500.0,674.83,117906888.0
Springs - 2,springs-2,2019,42,1790000.0,622.59,74161888.0
Springs - 2,springs-2,2020,57,1700000.0,538.57,94234180.0
Springs - 2,springs-2,2021,72,2200000.0,713.83,155545000.0
Springs - 2,springs-2,2022,82,2387500.0,835.88,202443508.0
Springs - 2,springs-2,2023,96,2875000.0,1081.22,288518413.0
Springs - 2,springs-2,2024,91,3400000.0,1273.84,324064237.0
Springs - 2,springs-2,2025,96,4100000.0,1565.85,409127897.0
Springs - 2,springs-2,2026,8,4250000.0,1883.3,35115000.0
Madinat Badr,madinat-badr,2020,38,1426737.5,983.67,60718060.0
Madinat Badr,madinat-badr,2021,225,1488800.0,1124.2,332591426.0
Madinat Badr,madinat-badr,2022,400,1573740.0,1155.84,612585087.0
Madinat Badr,madinat-badr,2023,116,1747457.0,1299.7,192162657.0
Madinat Badr,madinat-badr,2024,44,1630000.0,1216.24,73791807.0
Madinat Badr,madinat-badr,2025,53,1850000.0,1320.34,93325164.0
Madinat Badr,madinat-badr,2026,30,2017404.0,1379.74,58681980.0
DMCC-EZ1,dmcc-ez1,2011,2,,,6184376.0
DMCC-EZ1,dmcc-ez1,2012,2,,,18044501.0
DMCC-EZ1,dmcc-ez1,2013,1,,,2760456.0
DMCC-EZ1,dmcc-ez1,2015,2,,,4666580.0
DMCC-EZ1,dmcc-ez1,2016,1,,,37000000.0
DMCC-EZ1,dmcc-ez1,2019,1,,,37500000.0
DMCC-EZ1,dmcc-ez1,2023,4,,,87250000.0
DMCC-EZ1,dmcc-ez1,2024,638,2671578.0,2584.94,1960364478.0
DMCC-EZ1,dmcc-ez1,2025,237,3574081.5,2637.56,954173408.0
DMCC-EZ1,dmcc-ez1,2026,2,,,8388828.0
Springs - 1,springs-1,2010,201,940000.0,336.86,231182365.0
Springs - 1,springs-1,2011,219,1325000.0,482.64,301685277.0
Springs - 1,springs-1,2012,208,1760000.0,585.04,360026502.0
Springs - 1,springs-1,2013,225,2100000.0,764.33,446995108.0
Springs - 1,springs-1,2014,124,2402500.0,858.36,296388738.0
Springs - 1,springs-1,2015,103,2505000.0,841.24,231471104.0
Springs - 1,springs-1,2016,84,2275000.0,839.75,185410026.0
Springs - 1,springs-1,2017,77,2162500.0,736.89,166728664.0
Springs - 1,springs-1,2018,80,2125000.0,725.2,163002888.0
Springs - 1,springs-1,2019,67,1800000.0,610.97,119420277.0
Springs - 1,springs-1,2020,69,1662500.0,580.44,114032888.0
Springs - 1,springs-1,2021,112,2350000.0,763.27,263223535.0
Springs - 1,springs-1,2022,148,2550000.0,868.47,382314740.0
Springs - 1,springs-1,2023,134,3050000.0,1076.19,418832273.0
Springs - 1,springs-1,2024,145,3750000.0,1274.64,549136058.0
Springs - 1,springs-1,2025,146,4500000.0,1569.74,660403998.0
Springs - 1,springs-1,2026,2,,,9600000.0
Al Khawaneej Labour City,al-khawaneej-labour-city,2010,13,24000000.0,,321015200.0
Al Khawaneej Labour City,al-khawaneej-labour-city,2011,9,23436960.0,,208012903.0
Al Khawaneej Labour City,al-khawaneej-labour-city,2012,8,24000000.0,,185054650.0
Al Khawaneej Labour City,al-khawaneej-labour-city,2014,7,33300000.0,,224000000.0
Al Khawaneej Labour City,al-khawaneej-labour-city,2015,5,7650000.0,,38539250.0
Al Khawaneej Labour City,al-khawaneej-labour-city,2016,1,,,7650000.0
Al Khawaneej Labour City,al-khawaneej-labour-city,2017,3,,,16000000.0
Al Khawaneej Labour City,al-khawaneej-labour-city,2019,2,,,8000000.0
Al Khawaneej Labour City,al-khawaneej-labour-city,2021,6,20000000.0,,119000000.0
Al Khawaneej Labour City,al-khawaneej-labour-city,2022,1,,,10004000.0
Al Khawaneej Labour City,al-khawaneej-labour-city,2025,35,4920000.0,,316196750.0
Al Khawaneej Labour City,al-khawaneej-labour-city,2026,15,5009978.0,,76302169.0
The World,the-world,2011,2,,,54925000.0
The World,the-world,2012,1,,,35000000.0
The World,the-world,2013,1,,,50123247.0
The World,the-world,2014,1,,,2400000.0
The World,the-world,2015,8,67982613.0,,531361730.0
The World,the-world,2016,10,64978095.0,,724214786.0
The World,the-world,2017,27,1500000.0,,520421366.0
The World,the-world,2018,176,1300000.0,,301410798.0
The World,the-world,2019,149,1350000.0,,327072105.0
The World,the-world,2020,146,1564000.0,,327696291.0
The World,the-world,2021,44,1410000.0,,70669557.0
The World,the-world,2022,68,1350000.0,,306316903.0
The World,the-world,2023,229,1398286.0,2179.2,544309559.0
The World,the-world,2024,144,1600000.0,1690.36,466482270.0
The World,the-world,2025,108,2000000.0,2262.47,484756391.0
The World,the-world,2026,26,2000000.0,2403.69,40396950.0
DUBAI HILLS - MAPLE 1,dubai-hills-maple-1,2015,170,2696388.0,1018.7,457664960.0
DUBAI HILLS - MAPLE 1,dubai-hills-maple-1,2016,358,2660888.0,1017.94,949082390.0
DUBAI HILLS - MAPLE 1,dubai-hills-maple-1,2017,31,2698888.0,927.99,84820221.0
DUBAI HILLS - MAPLE 1,dubai-hills-maple-1,2018,42,2250000.0,884.11,96376432.0
DUBAI HILLS - MAPLE 1,dubai-hills-maple-1,2019,72,2634888.0,960.9,184041685.0
DUBAI HILLS - MAPLE 1,dubai-hills-maple-1,2020,72,2220000.0,842.71,162505153.0
DUBAI HILLS - MAPLE 1,dubai-hills-maple-1,2021,99,2915000.0,1085.55,300656893.0
DUBAI HILLS - MAPLE 1,dubai-hills-maple-1,2022,103,3450000.0,1227.63,348104919.0
DUBAI HILLS - MAPLE 1,dubai-hills-maple-1,2023,85,4120000.0,1455.11,348074900.0
DUBAI HILLS - MAPLE 1,dubai-hills-maple-1,2024,66,4700000.0,1734.33,311580000.0
DUBAI HILLS - MAPLE 1,dubai-hills-maple-1,2025,51,5250000.0,2013.79,277361500.0
DUBAI HILLS - MAPLE 1,dubai-hills-maple-1,2026,27,4990000.0,2044.9,139485000.0
Festival City,festival-city,2012,8,4450000.0,1036.8,37900000.0
Festival City,festival-city,2013,106,2860500.0,1125.69,344306000.0
Festival City,festival-city,2014,141,3160000.0,1388.2,431145000.0
Festival City,festival-city,2015,28,2894000.0,1378.98,75376000.0
Festival City,festival-city,2016,43,2925000.0,1367.03,124900750.0
Festival City,festival-city,2017,60,2293500.0,1143.31,138478000.0
Festival City,festival-city,2018,40,2328000.0,1059.34,95651220.0
Festival City,festival-city,2019,56,2240000.0,1037.47,120732115.0
Festival City,festival-city,2020,25,2020000.0,871.48,55128045.0
Festival City,festival-city,2021,35,2250000.0,889.25,81150676.0
Festival City,festival-city,2022,38,2950000.0,1133.11,111368100.0
Festival City,festival-city,2023,49,2219000.0,1167.84,108138433.0
Festival City,festival-city,2024,87,2926000.0,1506.49,271643230.0
Festival City,festival-city,2025,75,3180000.0,1585.43,235544500.0
Festival City,festival-city,2026,21,2550000.0,1342.79,57803317.0
THE SUSTAINABLE CITY,the-sustainable-city,2013,1,,,0.0
THE SUSTAINABLE CITY,the-sustainable-city,2015,87,2977135.0,1246.06,263647467.0
THE SUSTAINABLE CITY,the-sustainable-city,2016,86,3453509.0,1342.36,283954202.0
THE SUSTAINABLE CITY,the-sustainable-city,2017,66,3202883.5,1363.9,216075365.0
THE SUSTAINABLE CITY,the-sustainable-city,2018,25,3149647.0,1378.07,82834772.0
THE SUSTAINABLE CITY,the-sustainable-city,2019,13,3292432.0,1273.29,42809565.0
THE SUSTAINABLE CITY,the-sustainable-city,2020,16,3184764.5,1144.39,49278713.0
THE SUSTAINABLE CITY,the-sustainable-city,2021,68,3100000.0,1292.87,209736941.0
THE SUSTAINABLE CITY,the-sustainable-city,2022,162,3400000.0,1521.21,561102004.0
THE SUSTAINABLE CITY,the-sustainable-city,2023,68,3700000.0,1626.98,250791327.0
THE SUSTAINABLE CITY,the-sustainable-city,2024,49,4500000.0,1990.47,214270297.0
THE SUSTAINABLE CITY,the-sustainable-city,2025,62,4800000.0,2071.27,281816732.0
THE SUSTAINABLE CITY,the-sustainable-city,2026,19,4950000.0,2140.52,94712958.0
DUBAI HILLS - MAPLE 3,dubai-hills-maple-3,2017,230,2223388.0,995.04,554750240.0
DUBAI HILLS - MAPLE 3,dubai-hills-maple-3,2018,100,2727388.0,952.8,263393800.0
DUBAI HILLS - MAPLE 3,dubai-hills-maple-3,2019,157,2851888.0,943.0,442107091.0
DUBAI HILLS - MAPLE 3,dubai-hills-maple-3,2020,79,2280000.0,888.22,184872517.0
DUBAI HILLS - MAPLE 3,dubai-hills-maple-3,2021,149,2767576.0,995.02,419110028.0
DUBAI HILLS - MAPLE 3,dubai-hills-maple-3,2022,56,3407500.0,1203.68,192691645.0
DUBAI HILLS - MAPLE 3,dubai-hills-maple-3,2023,60,3950000.0,1429.88,229049976.0
DUBAI HILLS - MAPLE 3,dubai-hills-maple-3,2024,43,4500000.0,1648.5,194437999.0
DUBAI HILLS - MAPLE 3,dubai-hills-maple-3,2025,33,5650000.0,1841.22,188342500.0
DUBAI HILLS - MAPLE 3,dubai-hills-maple-3,2026,28,5450000.0,2131.13,151729000.0
JABAL ALI INDUSTRIAL DEVELOPMENT,jabal-ali-industrial-development,2010,5,7733000.0,,159466000.0
JABAL ALI INDUSTRIAL DEVELOPMENT,jabal-ali-industrial-development,2012,3,,,30700000.0
JABAL ALI INDUSTRIAL DEVELOPMENT,jabal-ali-industrial-development,2013,6,10000000.0,,66500000.0
JABAL ALI INDUSTRIAL DEVELOPMENT,jabal-ali-industrial-development,2014,10,15000000.0,,160813600.0
JABAL ALI INDUSTRIAL DEVELOPMENT,jabal-ali-industrial-development,2015,12,12885467.5,,253828918.0
JABAL ALI INDUSTRIAL DEVELOPMENT,jabal-ali-industrial-development,2016,14,10250000.0,,155338467.0
JABAL ALI INDUSTRIAL DEVELOPMENT,jabal-ali-industrial-development,2017,175,7512900.0,,1600490562.0
JABAL ALI INDUSTRIAL DEVELOPMENT,jabal-ali-industrial-development,2018,72,8133850.0,,957401250.0
JABAL ALI INDUSTRIAL DEVELOPMENT,jabal-ali-industrial-development,2019,20,9441725.0,,352402205.0
JABAL ALI INDUSTRIAL DEVELOPMENT,jabal-ali-industrial-development,2020,7,8072000.0,,74976600.0
JABAL ALI INDUSTRIAL DEVELOPMENT,jabal-ali-industrial-development,2021,10,4750000.0,,97772000.0
JABAL ALI INDUSTRIAL DEVELOPMENT,jabal-ali-industrial-development,2022,17,10500000.0,,248388991.0
JABAL ALI INDUSTRIAL DEVELOPMENT,jabal-ali-industrial-development,2023,6,15002500.0,,108510000.0
JABAL ALI INDUSTRIAL DEVELOPMENT,jabal-ali-industrial-development,2024,11,7925000.0,,99270000.0
JABAL ALI INDUSTRIAL DEVELOPMENT,jabal-ali-industrial-development,2025,28,9000000.0,,384418376.0
JABAL ALI INDUSTRIAL DEVELOPMENT,jabal-ali-industrial-development,2026,25,13000000.0,,404870450.0
DUBAI HILLS - MAPLE 2,dubai-hills-maple-2,2016,457,2619888.0,984.4,1151258816.0
DUBAI HILLS - MAPLE 2,dubai-hills-maple-2,2017,149,2670888.0,921.13,401473592.0
DUBAI HILLS - MAPLE 2,dubai-hills-maple-2,2018,37,2280000.0,898.57,89451625.0
DUBAI HILLS - MAPLE 2,dubai-hills-maple-2,2019,37,2588888.0,848.27,90988362.0
DUBAI HILLS - MAPLE 2,dubai-hills-maple-2,2020,78,2100000.0,841.93,170298104.0
DUBAI HILLS - MAPLE 2,dubai-hills-maple-2,2021,97,2850000.0,1019.1,284546602.0
DUBAI HILLS - MAPLE 2,dubai-hills-maple-2,2022,74,3460000.0,1164.4,255632944.0
DUBAI HILLS - MAPLE 2,dubai-hills-maple-2,2023,66,4065000.0,1415.66,264546772.0
DUBAI HILLS - MAPLE 2,dubai-hills-maple-2,2024,68,4700000.0,1684.35,321225000.0
DUBAI HILLS - MAPLE 2,dubai-hills-maple-2,2025,37,5450000.0,1926.47,203104999.0
DUBAI HILLS - MAPLE 2,dubai-hills-maple-2,2026,20,5250000.0,2077.66,106065000.0
DUBAI HILLS,dubai-hills,2015,1,,,0.0
DUBAI HILLS,dubai-hills,2016,1,,,0.0
DUBAI HILLS,dubai-hills,2021,33,30401888.0,,972029131.0
DUBAI HILLS,dubai-hills,2022,118,23846388.0,,2875624663.0
DUBAI HILLS,dubai-hills,2023,40,22814119.0,,891276145.0
DUBAI HILLS,dubai-hills,2024,134,12939523.5,,2352655645.0
DUBAI HILLS,dubai-hills,2025,55,15740081.0,,1154024981.0
DUBAI HILLS,dubai-hills,2026,20,23672586.0,,487676948.0
DUBAI HILLS - SIDRA 2,dubai-hills-sidra-2,2017,309,4078888.0,,1272341207.0
DUBAI HILLS - SIDRA 2,dubai-hills-sidra-2,2018,44,4073888.0,,175101296.0
DUBAI HILLS - SIDRA 2,dubai-hills-sidra-2,2019,41,3983888.0,,156752088.0
DUBAI HILLS - SIDRA 2,dubai-hills-sidra-2,2020,79,3600000.0,,301795433.0
DUBAI HILLS - SIDRA 2,dubai-hills-sidra-2,2021,72,4475000.0,,322689102.0
DUBAI HILLS - SIDRA 2,dubai-hills-sidra-2,2022,57,5300000.0,,314995027.0
DUBAI HILLS - SIDRA 2,dubai-hills-sidra-2,2023,51,6600000.0,,373915500.0
DUBAI HILLS - SIDRA 2,dubai-hills-sidra-2,2024,31,8800000.0,,302275000.0
DUBAI HILLS - SIDRA 2,dubai-hills-sidra-2,2025,26,11125000.0,,300025000.0
DUBAI HILLS - SIDRA 2,dubai-hills-sidra-2,2026,19,11800000.0,,227252500.0
DUBAI HILLS - SIDRA 1,dubai-hills-sidra-1,2016,436,4120888.0,,1831613168.0
DUBAI HILLS - SIDRA 1,dubai-hills-sidra-1,2017,9,4000000.0,,36270651.0
DUBAI HILLS - SIDRA 1,dubai-hills-sidra-1,2018,29,3650000.0,,106947653.0
DUBAI HILLS - SIDRA 1,dubai-hills-sidra-1,2019,51,3700000.0,,193087416.0
DUBAI HILLS - SIDRA 1,dubai-hills-sidra-1,2020,42,3695000.0,,158865515.0
DUBAI HILLS - SIDRA 1,dubai-hills-sidra-1,2021,94,4300000.0,,413084245.0
DUBAI HILLS - SIDRA 1,dubai-hills-sidra-1,2022,48,5750000.0,,285521499.0
DUBAI HILLS - SIDRA 1,dubai-hills-sidra-1,2023,48,7375000.0,,356985000.0
DUBAI HILLS - SIDRA 1,dubai-hills-sidra-1,2024,40,8275000.0,,367829950.0
DUBAI HILLS - SIDRA 1,dubai-hills-sidra-1,2025,45,11000000.0,,502420888.0
DUBAI HILLS - SIDRA 1,dubai-hills-sidra-1,2026,18,9150000.0,,175300000.0
Uptown Mirdif,uptown-mirdif,2014,455,950000.0,632.17,457787232.0
Uptown Mirdif,uptown-mirdif,2015,196,993750.0,1119.79,225126734.0
Uptown Mirdif,uptown-mirdif,2016,86,1229000.0,645.22,105518922.0
Uptown Mirdif,uptown-mirdif,2017,31,1000000.0,1041.84,42426134.0
Uptown Mirdif,uptown-mirdif,2018,21,1150000.0,796.31,29960000.0
Uptown Mirdif,uptown-mirdif,2019,16,1050000.0,742.0,18009879.0
Uptown Mirdif,uptown-mirdif,2020,21,820000.0,686.67,22595000.0
Uptown Mirdif,uptown-mirdif,2021,26,867500.0,649.7,28854933.0
Uptown Mirdif,uptown-mirdif,2022,31,915000.0,646.6,32653857.0
Uptown Mirdif,uptown-mirdif,2023,45,800000.0,710.08,40592909.0
Uptown Mirdif,uptown-mirdif,2024,73,875000.0,779.6,71777790.0
Uptown Mirdif,uptown-mirdif,2025,49,1000000.0,861.51,49979988.0
Uptown Mirdif,uptown-mirdif,2026,13,1000000.0,993.93,16155000.0
DUBAI HILLS - SIDRA 3,dubai-hills-sidra-3,2017,186,4066388.0,,751872168.0
DUBAI HILLS - SIDRA 3,dubai-hills-sidra-3,2018,58,3990388.0,,224130504.0
DUBAI HILLS - SIDRA 3,dubai-hills-sidra-3,2019,48,3553388.0,,182588184.0
DUBAI HILLS - SIDRA 3,dubai-hills-sidra-3,2020,45,3515000.0,,158784115.0
DUBAI HILLS - SIDRA 3,dubai-hills-sidra-3,2021,73,4300000.0,,315955179.0
DUBAI HILLS - SIDRA 3,dubai-hills-sidra-3,2022,37,5100000.0,,191943776.0
DUBAI HILLS - SIDRA 3,dubai-hills-sidra-3,2023,32,6625000.0,,216280000.0
DUBAI HILLS - SIDRA 3,dubai-hills-sidra-3,2024,34,7900000.0,,287500000.0
DUBAI HILLS - SIDRA 3,dubai-hills-sidra-3,2025,38,9550000.0,,372300000.0
DUBAI HILLS - SIDRA 3,dubai-hills-sidra-3,2026,14,9200000.0,,126500000.0
TECOM Site D,tecom-site-d,2011,1,,,76465890.0
TECOM Site D,tecom-site-d,2014,2,,,120393000.0
TECOM Site D,tecom-site-d,2020,1,,,75000000.0
TECOM Site D,tecom-site-d,2024,139,1709888.0,2670.98,260157888.0
TECOM Site D,tecom-site-d,2025,625,1676052.0,2663.11,1154272965.0
TECOM Site D,tecom-site-d,2026,7,2255888.0,2430.09,15056540.0
Nad Al Shiba Villas,nad-al-shiba-villas,2019,3,,,10630000.0
Nad Al Shiba Villas,nad-al-shiba-villas,2020,436,2398000.0,,1067828100.0
Nad Al Shiba Villas,nad-al-shiba-villas,2021,683,2648000.0,,1823446070.0
Nad Al Shiba Villas,nad-al-shiba-villas,2022,114,2939000.0,,343923878.0
Nad Al Shiba Villas,nad-al-shiba-villas,2023,44,3500000.0,,155616000.0
Nad Al Shiba Villas,nad-al-shiba-villas,2024,43,3930000.0,,170669400.0
Nad Al Shiba Villas,nad-al-shiba-villas,2025,36,4550000.0,,165580000.0
Nad Al Shiba Villas,nad-al-shiba-villas,2026,16,4999999.5,,80155999.0
Liwan2,liwan2,2017,127,2171000.0,,299913000.0
Liwan2,liwan2,2018,29,2366000.0,,77484000.0
Liwan2,liwan2,2019,2,,,2200000.0
Liwan2,liwan2,2020,7,1500000.0,,12001000.0
Liwan2,liwan2,2021,10,1812500.0,,30495000.0
Liwan2,liwan2,2022,14,2150000.0,,40346600.0
Liwan2,liwan2,2023,36,3475000.0,,149527818.0
Liwan2,liwan2,2024,31,4450000.0,,143677707.0
Liwan2,liwan2,2025,18,1649602.0,1095.31,115742451.0
Liwan2,liwan2,2026,16,1335000.0,1119.77,106575500.0
Badra,badra,2010,175,895300.0,1261.38,184863200.0
Badra,badra,2014,2,,,1350000.0
Badra,badra,2015,62,1990450.0,1041.09,112542088.0
Badra,badra,2016,21,886700.0,874.41,19274688.0
Badra,badra,2017,25,886700.0,1228.39,24882600.0
Badra,badra,2018,9,800000.0,785.18,7562593.0
Badra,badra,2019,9,605000.0,,8141900.0
Badra,badra,2020,6,291000.0,438.33,1872000.0
Badra,badra,2021,8,412000.0,441.66,4184000.0
Badra,badra,2022,19,423000.0,479.92,9535828.0
Badra,badra,2023,31,540800.0,488.28,18933262.0
Badra,badra,2024,31,482500.0,587.11,17625208.0
Badra,badra,2025,34,792500.0,738.42,31993772.0
Badra,badra,2026,11,760000.0,748.03,9580000.0
Springs - 3,springs-3,2010,73,1090000.0,316.82,88876512.0
Springs - 3,springs-3,2011,73,1130000.0,426.56,94783762.0
Springs - 3,springs-3,2012,90,1400000.0,571.47,130541872.0
Springs - 3,springs-3,2013,94,1850000.0,683.4,160393125.0
Springs - 3,springs-3,2014,46,2120000.0,761.89,81574390.0
Springs - 3,springs-3,2015,53,1987500.0,714.45,110211254.0
Springs - 3,springs-3,2016,38,2157500.0,832.67,78119776.0
Springs - 3,springs-3,2017,41,2240000.0,834.84,89847288.0
Springs - 3,springs-3,2018,33,1763000.0,639.01,63671500.0
Springs - 3,springs-3,2019,28,1485000.0,568.63,42495000.0
Springs - 3,springs-3,2020,33,1650000.0,602.44,54320000.0
Springs - 3,springs-3,2021,49,2180000.0,786.89,105997000.0
Springs - 3,springs-3,2022,52,2250000.0,921.34,118182185.0
Springs - 3,springs-3,2023,65,2900000.0,1039.26,192850000.0
Springs - 3,springs-3,2024,62,3875000.0,1271.11,235380700.0
Springs - 3,springs-3,2025,55,4064000.0,1578.47,228310526.0
Springs - 3,springs-3,2026,4,,,10790000.0
Jumeira Bay,jumeira-bay,2014,18,24442686.0,,524547389.0
Jumeira Bay,jumeira-bay,2015,64,33020877.0,,2060829509.0
Jumeira Bay,jumeira-bay,2016,11,35271680.0,,406095457.0
Jumeira Bay,jumeira-bay,2017,62,24100000.0,,337264828.0
Jumeira Bay,jumeira-bay,2018,53,5366000.0,,246532800.0
Jumeira Bay,jumeira-bay,2019,138,5757000.0,1688.2,689526600.0
Jumeira Bay,jumeira-bay,2020,73,10636000.0,,697507692.0
Jumeira Bay,jumeira-bay,2021,101,38000000.0,2346.56,1476177220.0
Jumeira Bay,jumeira-bay,2022,73,46250000.0,3388.74,1072098000.0
Jumeira Bay,jumeira-bay,2023,76,61000000.0,,818649997.0
Jumeira Bay,jumeira-bay,2024,58,,,233485396.0
Jumeira Bay,jumeira-bay,2025,35,,,152000000.0
Jumeira Bay,jumeira-bay,2026,12,,,85000000.0
Meadows 9,meadows-9,2010,56,2005944.0,,124009409.0
Meadows 9,meadows-9,2011,53,2650000.0,,134920840.0
Meadows 9,meadows-9,2012,52,3847500.0,,184350553.0
Meadows 9,meadows-9,2013,60,4350000.0,,237283969.0
Meadows 9,meadows-9,2014,24,5290000.0,,119739310.0
Meadows 9,meadows-9,2015,23,4500000.0,,93080376.0
Meadows 9,meadows-9,2016,19,4200000.0,,73755443.0
Meadows 9,meadows-9,2017,21,3950000.0,,82741000.0
Meadows 9,meadows-9,2018,19,3400000.0,,62858800.0
Meadows 9,meadows-9,2019,15,3050000.0,,47817500.0
Meadows 9,meadows-9,2020,35,3050000.0,,109610000.0
Meadows 9,meadows-9,2021,41,4100000.0,,172414968.0
Meadows 9,meadows-9,2022,31,5000000.0,,159635000.0
Meadows 9,meadows-9,2023,42,5750000.0,,253679950.0
Meadows 9,meadows-9,2024,70,6855000.0,,508600841.0
Meadows 9,meadows-9,2025,56,8750000.0,,512142333.0
Meadows 9,meadows-9,2026,2,,,22400000.0
