pn,name,slug,url,status,completion,completion_date,start_date,registration_date,developer,developer_number,developer_slug,escrow,total_units,total_area,area_name,lat,lng,street,n,n_all,quality,price_median,psf_median,price_q1,price_q3,offplan_share,community
3073,Azizi Venice 14,azizi-venice-14,https://datadubai.ae/projects/azizi-venice-14/,Active,30.29,2026-05-30,2024-05-02,2024-07-22,Azizi Developments L.L.C,1002,azizi-developments-l-l-c,Commercial Bank Of Dubai(Psc),3438,175796.43,,,,"Azizi Venice 14, Madinat Al Mataar",1987,2651,ok,650000.0,1652.28,599000.0,939000.0,100.0,Dubai World Central
4102,Binghatti Vintage,binghatti-vintage,https://datadubai.ae/projects/binghatti-vintage/,Active,0.0,2027-03-31,2025-10-01,2025-12-05,Binghatti Developers Fze,1051,binghatti-developers-fze,Dubai Islamic Bank (Public Joint Stock Company),1572,69559.65,,,,"Binghatti Vintage, Wadi Al Safa 3",1499,1512,ok,710999.0,1861.81,694999.0,721999.0,100.0,Majan
3480,Skyhills Astra By Hre,skyhills-astra-by-hre,https://datadubai.ae/projects/skyhills-astra-by-hre/,Active,47.07,2028-06-30,2025-01-31,2025-01-23,Hre Real Estate Development L.L.C,1669,hre-real-estate-development-l-l-c,Sharjah Islamic Bank,1911,144494.9,,,,"Skyhills Astra By Hre , Al Barshaa South Second",1338,1610,ok,1031782.5,1787.03,898500.0,1575489.5,100.0,Dubai Science Park
3226,Damac Lagoons - Valencia,damac-lagoons-valencia,https://datadubai.ae/projects/damac-lagoons-valencia/,Active,5.21,2028-02-28,2024-11-05,2024-09-02,Island Oasis Properties,921,island-oasis-properties,First Abu Dhabi Bank P.J.S.C.,1558,92399.36,,,,"Damac Lagoons - Valencia, Al Hebiah Fifth",1158,1212,ok,781000.0,1850.72,727000.0,1254930.0,100.0,DAMAC Lagoons
4321,Maybach Six,maybach-six,https://datadubai.ae/projects/maybach-six/,Active,0.0,2027-08-31,2026-01-14,2026-01-14,Binghatti Developers Fze,1051,binghatti-developers-fze,Dubai Islamic Bank (Public Joint Stock Company),1878,90814.38,,,,"Maybach Six, Nad Al Shiba First",1031,1044,ok,1398000.0,3618.93,1349250.0,1445000.0,100.0,Meydan Racecourse Community
3321,Binghatti Hillviews,binghatti-hillviews,https://datadubai.ae/projects/binghatti-hillviews/,Active,32.6,2026-04-01,2024-10-01,2024-10-31,Binghatti Developers Fze,1051,binghatti-developers-fze,Abu Dhabi Islamic Bank,1581,106376.0,,,,"Binghatti Hillviews, Al Barshaa South Second",1024,1579,ok,1050000.0,1752.07,859000.0,1282449.0,100.0,Dubai Science Park
3474,Azizi Venice 6,azizi-venice-6,https://datadubai.ae/projects/azizi-venice-6/,Active,11.58,2027-12-31,2024-12-25,2025-01-20,Azizi Developments L.L.C,1002,azizi-developments-l-l-c,Abu Dhabi Commercial Bank,2967,150683.21,,,,"Azizi Venice 6, Madinat Al Mataar",964,1258,ok,745000.0,2034.66,723350.0,885060.0,100.0,Dubai World Central
4081,Breez By Danube,breez-by-danube,https://datadubai.ae/projects/breez-by-danube/,Active,0.14,2029-06-30,2026-01-01,2025-09-18,Danube Properties Development L.L.C,1009,danube-properties-development-l-l-c,First Abu Dhabi Bank P.J.S.C.,1199,68976.56,,,,"Breez By Danube, Madinat Dubai Almelaheyah",899,910,ok,1801000.0,3490.5,1394955.0,2451620.0,100.0,Dubai Maritime City
3585,Binghatti Aquarise,binghatti-aquarise,https://datadubai.ae/projects/binghatti-aquarise/,Active,21.04,2026-10-31,2025-03-15,2025-04-16,Binghatti Developers Fze,1051,binghatti-developers-fze,First Abu Dhabi Bank P.J.S.C.,1592,120062.34,,,,"Binghatti Aquarise, Business Bay",872,1336,ok,1990499.0,2643.12,1200000.0,2318999.0,99.9,Business Bay
3435,Skyvue,skyvue,https://datadubai.ae/projects/skyvue/,Active,10.54,2030-03-31,2025-04-01,2025-02-25,Sobha L.L.C,966,sobha-l-l-c,Dubai Islamic Bank (Public Joint Stock Company),2738,235150.8,,,,"Skyvue, Bukadra",864,2087,ok,2287942.0,2750.01,1850594.0,2729759.0,100.0,
3741,Azizi Venice 15,azizi-venice-15,https://datadubai.ae/projects/azizi-venice-15/,Active,0.0,2027-05-30,2025-05-02,2025-06-09,Azizi Developments L.L.C,1002,azizi-developments-l-l-c,Abu Dhabi Commercial Bank,1855,118473.79,,,,"Azizi Venice 15, Madinat Al Mataar",820,865,ok,710520.0,1714.1,641000.0,998932.5,100.0,Dubai World Central
3819,Binghatti Circle,binghatti-circle,https://datadubai.ae/projects/binghatti-circle/,Active,10.33,2027-05-31,2025-06-01,2025-07-22,Binghatti Developers Fze,1051,binghatti-developers-fze,Dubai Islamic Bank (Public Joint Stock Company),822,52186.26,,,,"Binghatti Circle , Al Barsha South Fourth",802,812,ok,1139548.0,1601.78,751138.0,1210168.0,100.0,Jumeirah Village Circle
3663,Damac Riverside Views - Capri 1,damac-riverside-views-capri-1,https://datadubai.ae/projects/damac-riverside-views-capri-1/,Active,4.75,2029-03-31,2025-08-11,2025-05-16,Damac Mry Investment L.L.C,1866,damac-mry-investment-l-l-c,Mashreq Bank Psc,824,69283.78,,,,"Damac Riverside Views - Capri 1 , Dubai Investment Park Second",799,802,ok,1198000.0,1446.82,1106385.0,1425500.0,100.0,
4079,Azizi Milan Heights,azizi-milan-heights,https://datadubai.ae/projects/azizi-milan-heights/,Active,0.0,2028-09-08,2025-09-08,2025-10-06,Azizi Developments L.L.C,1002,azizi-developments-l-l-c,Ajman Bank /P.J.S.C,2852,135303.99,,,,"Azizi Milan Heights , Wadi Al Safa 4",794,808,ok,607930.0,1754.05,594000.0,626220.0,99.9,City Of Arabia
4006,Binghatti Flare 01,binghatti-flare-01,https://datadubai.ae/projects/binghatti-flare-01/,Active,20.0,2027-07-14,2025-07-15,2025-08-20,Binghatti Developers Fze,1051,binghatti-developers-fze,Dubai Islamic Bank (Public Joint Stock Company),845,70320.45,,,,"Binghatti Flare 01, Al Barsha South Fifth",794,799,ok,1249999.0,1642.56,872249.0,1330999.0,100.0,Jumeirah Village Triangle
3349,Binghatti Skyrise,binghatti-skyrise,https://datadubai.ae/projects/binghatti-skyrise/,Active,22.4,2026-12-31,2024-10-15,2024-10-25,Binghatti Developers Fze,1051,binghatti-developers-fze,Dubai Islamic Bank (Public Joint Stock Company),3358,191668.27,,,,"Binghatti Skyrise, Business Bay",776,3310,ok,1549999.0,3024.75,1393905.0,2349999.0,100.0,Business Bay
4042,Sobha Central Phase Ii,sobha-central-phase-ii,https://datadubai.ae/projects/sobha-central-phase-ii/,Active,2.34,2030-06-30,2025-10-01,2025-09-29,Sobha L.L.C,966,sobha-l-l-c,Dubai Islamic Bank (Public Joint Stock Company),2143,362158.94,,,,"Sobha Central Phase Ii, Jabal Ali First",732,752,ok,2481706.0,2975.0,1546411.0,2594170.0,100.0,DMCC-EZ2
3334,Sobha Solis,sobha-solis,https://datadubai.ae/projects/sobha-solis/,Active,13.22,2028-12-31,2024-10-03,2025-01-17,Sobha L.L.C,966,sobha-l-l-c,Abu Dhabi Commercial Bank,2351,150035.21,,,,"Sobha Solis, Al Hebiah First",718,2147,ok,1117550.0,2025.02,1094447.0,1222365.0,100.0,Motor City
3661,Damac Riverside Views - Azure 2,damac-riverside-views-azure-2,https://datadubai.ae/projects/damac-riverside-views-azure-2/,Active,5.18,2029-03-31,2025-08-11,2025-05-18,Damac Mry Investment L.L.C,1866,damac-mry-investment-l-l-c,Mashreq Bank Psc,720,47036.05,,,,"Damac Riverside Views - Azure 2, Dubai Investment Park Second",692,692,ok,1067000.0,1455.44,829000.0,1215250.0,100.0,
4104,Binghatti Titania,binghatti-titania,https://datadubai.ae/projects/binghatti-titania/,Active,0.0,2027-02-28,2025-10-01,2025-11-18,Binghatti Developers Fze,1051,binghatti-developers-fze,Dubai Islamic Bank (Public Joint Stock Company),614,32617.14,,,,"Binghatti Titania, Wadi Al Safa 3",684,721,ok,698999.0,1799.41,690999.0,1125249.0,100.0,Majan
3297,Azizi Venice 13,azizi-venice-13,https://datadubai.ae/projects/azizi-venice-13/,Active,40.33,2027-09-16,2024-09-16,2024-10-08,Azizi Developments L.L.C,1002,azizi-developments-l-l-c,Abu Dhabi Commercial Bank,1888,125516.58,,,,"Azizi Venice 13 , Madinat Al Mataar",683,783,ok,655000.0,1670.23,630000.0,1044750.0,100.0,Dubai World Central
4198,Creek Bay,creek-bay,https://datadubai.ae/projects/creek-bay/,Active,0.62,2030-04-30,2026-03-31,2025-11-13,Dubai Creek Harbour L.L.C,1224,dubai-creek-harbour-l-l-c,Emirates Nbd Bank  (P.J.S.C),766,83467.6,,,,"Creek Bay, Al Khairan First",676,687,ok,3292434.5,2737.52,2034888.0,4369019.5,100.0,Dubai Creek Harbour
3552,Binghatti Amberhall,binghatti-amberhall,https://datadubai.ae/projects/binghatti-amberhall/,Active,38.03,2026-02-28,2025-02-15,2025-03-03,Binghatti Developers Fze,1051,binghatti-developers-fze,United Arab Bank,710,83445.04,,,,"Binghatti Amberhall, Al Barsha South Fourth",664,678,ok,1129000.0,1669.08,764999.0,1204999.0,100.0,Jumeirah Village Circle
3713,Sobha Central Phase I,sobha-central-phase-i,https://datadubai.ae/projects/sobha-central-phase-i/,Active,2.76,2030-06-30,2025-08-01,2025-07-22,Sobha L.L.C,966,sobha-l-l-c,Dubai Islamic Bank (Public Joint Stock Company),2383,350109.59,,,,"Sobha Central Phase I, Jabal Ali First",644,1099,ok,2040436.0,2855.0,1728396.75,3246311.0,100.0,DMCC-EZ2
4064,Damac District,damac-district,https://datadubai.ae/projects/damac-district/,Active,0.12,2029-03-30,2026-02-14,2025-09-03,Damac Crescent Properties,954,damac-crescent-properties,Mashreq Bank Psc,1008,94654.62,,,,"Damac District, Al Hebiah Third",630,662,ok,1279040.0,1827.3,1213110.0,1465250.0,100.0,DAMAC HILLS
4210,Hado By Beyond,hado-by-beyond,https://datadubai.ae/projects/hado-by-beyond/,Active,0.01,2029-06-30,2026-06-30,2025-12-09,Sandy Shores Real Estate L.L.C S.O.C,2409,sandy-shores-real-estate-l-l-c-s-o-c,Mashreq Bank Psc,692,79903.18,,,,"Hado By Beyond, Palm Deira",621,621,ok,3011500.0,3145.81,2576750.0,4449750.0,100.0,Palm Deira
3318,Azizi Venice 12,azizi-venice-12,https://datadubai.ae/projects/azizi-venice-12/,Active,15.29,2027-09-25,2024-09-25,2024-10-21,Azizi Developments L.L.C,1002,azizi-developments-l-l-c,Dubai Islamic Bank (Public Joint Stock Company),1428,91330.63,,,,"Azizi Venice 12, Madinat Al Mataar",616,714,ok,730050.0,1683.82,650000.0,1160900.0,100.0,Dubai World Central
3743,Chelsea Residences 2 By Damac,chelsea-residences-2-by-damac,https://datadubai.ae/projects/chelsea-residences-2-by-damac/,Active,5.44,2029-12-31,2025-09-29,2025-05-12,Damac Crest Development L.L.C,2117,damac-crest-development-l-l-c,Abu Dhabi Commercial Bank,958,83442.97,,,,"Chelsea Residences 2 By Damac, Madinat Dubai Almelaheyah",607,870,ok,2595000.0,3188.43,2457000.0,2788000.0,100.0,Dubai Maritime City
2956,Azizi Venice 7,azizi-venice-7,https://datadubai.ae/projects/azizi-venice-7/,Active,29.19,2026-01-28,2024-01-29,2024-02-29,Azizi Developments L.L.C,1002,azizi-developments-l-l-c,Abu Dhabi Commercial Bank,2277,116423.16,,,,"Azizi Venice 7, Madinat Al Mataar",605,1236,ok,677500.0,1861.61,600000.0,850000.0,100.0,Dubai World Central
4116,Eltiera Views,eltiera-views,https://datadubai.ae/projects/eltiera-views/,Active,0.0,2029-12-31,2026-04-16,2026-05-06,Ellington Pcfc Developers L.L.C,2371,ellington-pcfc-developers-l-l-c,Abu Dhabi Commercial Bank,1185,120160.11,,,,"Eltiera Views , Al Thanyah Fifth",592,618,ok,2237328.0,2465.82,1957828.0,3158578.0,100.0,Jumeirah Islands
4017,Franck Muller Yachting,franck-muller-yachting,https://datadubai.ae/projects/franck-muller-yachting/,Active,0.0,2028-07-29,2025-07-30,2025-08-15,London Gate Real Estate Development L.L.C,1596,london-gate-real-estate-development-l-l-c,Abu Dhabi Islamic Bank,585,44064.5,,,,"Franck Muller Yachting, Madinat Dubai Almelaheyah",577,577,ok,1844000.0,2582.8,1349000.0,2306000.0,100.0,Dubai Maritime City
3175,The Valley - Vindera,the-valley-vindera,https://datadubai.ae/projects/the-valley-vindera/,Active,1.98,2028-12-31,2024-11-22,2024-08-01,Emaar Development P.J.S.C.,1211,emaar-development-p-j-s-c,Emirates Nbd Bank  (P.J.S.C),578,122514.15,,,,"The Valley - Vindera, Al Yufrah 1",576,577,ok,3188388.0,1756.64,3126888.0,4264138.0,100.0,The Valley
3871,Samana Barari Heights,samana-barari-heights,https://datadubai.ae/projects/samana-barari-heights/,Active,4.04,2028-10-31,2025-07-01,2025-08-20,Samana International Real Estate Development L.L.C,1229,samana-international-real-estate-development-l-l-c,Dubai Islamic Bank (Public Joint Stock Company),737,46716.17,,,,"Samana Barari Heights, Wadi Al Safa 3",567,729,ok,844800.0,1800.05,789000.0,1259000.0,100.0,Majan
3725,Binghatti Skyblade,binghatti-skyblade,https://datadubai.ae/projects/binghatti-skyblade/,Active,17.06,2027-11-30,2025-02-01,2025-08-22,Binghatti Developers Fze,1051,binghatti-developers-fze,Dubai Islamic Bank (Public Joint Stock Company),596,41223.01,,,,"Binghatti Skyblade, Burj Khalifa",564,566,ok,1929999.0,3908.86,1789999.0,3764999.0,100.0,DownTown Dubai
4500,Raw District By Imtiaz R,raw-district-by-imtiaz-r,https://datadubai.ae/projects/raw-district-by-imtiaz-r/,Active,0.0,2029-12-15,2026-10-15,2026-06-16,Imtiaz Ja Real Estate Development L.L.C,2717,imtiaz-ja-real-estate-development-l-l-c,First Abu Dhabi Bank P.J.S.C.,670,35391.3,,,,"Raw District By Imtiaz R, Jabal Ali Industrial Second",562,585,ok,751946.0,1755.52,707920.0,1206853.5,100.0,Down Town Jabal Ali
4008,Binghatti Flare 02,binghatti-flare-02,https://datadubai.ae/projects/binghatti-flare-02/,Active,17.83,2027-06-15,2025-07-15,2025-09-04,Binghatti Developers Fze,1051,binghatti-developers-fze,Dubai Islamic Bank (Public Joint Stock Company),613,50183.77,,,,"Binghatti Flare 02, Al Barsha South Fifth",558,565,ok,1352499.0,1724.8,877999.0,1411999.0,100.0,Jumeirah Village Triangle
4328,Sobha Central,sobha-central,https://datadubai.ae/projects/sobha-central/,Active,0.0,2031-12-31,2026-03-31,2026-03-13,Sobha L.L.C,966,sobha-l-l-c,Dubai Islamic Bank (Public Joint Stock Company),2169,184070.59,,,,"Sobha Central , Jabal Ali First",546,587,ok,2098890.0,3230.01,2001125.0,2800352.0,100.0,DMCC-EZ2
4393,Binghatti Skyflame 1,binghatti-skyflame-1,https://datadubai.ae/projects/binghatti-skyflame-1/,Active,0.0,2027-12-31,2026-02-01,2026-03-26,Binghatti Developers Fze,1051,binghatti-developers-fze,Emirates Nbd Bank  (P.J.S.C),1407,80147.07,,,,"Binghatti Skyflame 1, Wadi Al Safa 3",545,753,ok,570000.0,1370.62,550000.0,735999.0,100.0,Majan
4185,Grand Polo - Equiterra,grand-polo-equiterra,https://datadubai.ae/projects/grand-polo-equiterra/,Active,0.83,2029-08-31,2026-03-09,2025-11-04,Emaar Development P.J.S.C.,1211,emaar-development-p-j-s-c,Emirates Islamic Bank P.J.S.C.,547,118305.22,,,,"Grand Polo - Equiterra , Dubai Investment Park Second",543,545,ok,3649888.0,2254.34,3612888.0,4733968.5,93.2,
4160,Terra Gardens,terra-gardens,https://datadubai.ae/projects/terra-gardens/,Active,0.08,2029-10-31,2026-04-17,2025-10-27,Dwtc Emaar L.L.C,1237,dwtc-emaar-l-l-c,Dubai Islamic Bank (Public Joint Stock Company),561,50765.84,,,,"Terra Gardens, Madinat Al Mataar",543,543,ok,1640410.0,2114.43,1577888.0,2380310.0,100.0,Dubai World Central
4166,Shahrukhz By Danube,shahrukhz-by-danube,https://datadubai.ae/projects/shahrukhz-by-danube/,Active,1.86,2029-06-30,2026-01-01,2025-11-11,Danube Properties Development L.L.C,1009,danube-properties-development-l-l-c,First Abu Dhabi Bank P.J.S.C.,662,44117.77,,,,"Shahrukhz By Danube, Al Safouh First",532,537,ok,2306175.0,,1997760.0,2819375.0,100.0,Sufouh Gardens
3820,Jumeirah Residences Emirates Towers,jumeirah-residences-emirates-towers,https://datadubai.ae/projects/jumeirah-residences-emirates-towers/,Active,1.32,2030-09-01,2025-09-01,2025-07-07,Dhre 2 Bts L.L.C,1510,dhre-2-bts-l-l-c,Mashreq Bank Psc,754,93281.29,,,,"Jumeirah Residences Emirates Towers, Trade Center Second",531,749,ok,6083000.0,4598.99,4304000.0,7150250.0,100.0,
3835,Sierra By Iman,sierra-by-iman,https://datadubai.ae/projects/sierra-by-iman/,Active,3.74,2029-06-30,2025-11-01,2025-10-07,Iman Developers L.L.C,1178,iman-developers-l-l-c,Dubai Islamic Bank (Public Joint Stock Company),598,49489.04,,,,"Sierra By Iman, Al Hebiah First",518,521,ok,1314770.0,1680.0,906809.75,1775035.75,100.0,Motor City
3838,Aspirz By Danube,aspirz-by-danube,https://datadubai.ae/projects/aspirz-by-danube/,Active,5.08,2028-12-31,2025-11-01,2025-09-24,Danube Properties Development L.L.C,1009,danube-properties-development-l-l-c,First Abu Dhabi Bank P.J.S.C.,706,36417.89,,,,"Aspirz By Danube, Al Hebiah Fourth",514,527,ok,953770.0,2202.43,872192.5,1417680.0,100.0,Dubai Sports City
4338,Serenz By Danube,serenz-by-danube,https://datadubai.ae/projects/serenz-by-danube/,Active,0.08,2029-12-31,2026-05-01,2026-02-04,Danube Properties Development L.L.C,1009,danube-properties-development-l-l-c,Commercial Bank Of Dubai(Psc),1227,67365.27,,,,"Serenz By Danube, Al Barsha South Fourth",513,548,ok,1193190.0,2241.62,883960.0,1376000.0,100.0,Jumeirah Village Circle
3559,Timez By Danube,timez-by-danube,https://datadubai.ae/projects/timez-by-danube/,Active,21.45,2028-07-31,2025-04-01,2025-02-13,Danube Properties Development L.L.C,1009,danube-properties-development-l-l-c,United Bank Limited (Management Office),1191,70202.12,,,,"Timez By Danube, Nadd Hessa",508,1145,ok,1139000.0,1946.47,862500.0,1457305.0,100.0,Silicon Oasis
3205,Samana Boulevard Heights,samana-boulevard-heights,https://datadubai.ae/projects/samana-boulevard-heights/,Active,2.5,2028-12-31,2025-07-01,2025-10-16,Samana International Real Estate Development L.L.C,1229,samana-international-real-estate-development-l-l-c,National Bank Of Ras Al- Khaimah (P.S.C),541,31839.95,,,,"Samana Boulevard Heights, Wadi Al Safa 5",498,507,ok,795144.0,1626.29,722449.25,1152357.0,100.0,Dubai Land Residence Complex
4498,Raw District By Imtiaz Cr,raw-district-by-imtiaz-cr,https://datadubai.ae/projects/raw-district-by-imtiaz-cr/,Active,0.0,2029-12-15,2026-10-15,2026-06-16,Imtiaz Ja Real Estate Development L.L.C,2717,imtiaz-ja-real-estate-development-l-l-c,First Abu Dhabi Bank P.J.S.C.,603,40280.93,,,,"Raw District By Imtiaz Cr, Jabal Ali Industrial Second",497,516,ok,1127101.5,1767.54,707813.5,1638949.75,99.8,Down Town Jabal Ali
3204,Damac Lagoons - Lagoon Views 13,damac-lagoons-lagoon-views-13,https://datadubai.ae/projects/damac-lagoons-lagoon-views-13/,Active,5.96,2027-12-31,2024-11-18,2024-07-25,Island Oasis Properties,921,island-oasis-properties,First Abu Dhabi Bank P.J.S.C.,1509,92363.7,,,,"Damac Lagoons - Lagoon Views 13, Al Hebiah Fifth",495,859,ok,1277760.0,1761.3,786500.0,1487000.0,100.0,DAMAC Lagoons
4244,Damac Islands 2 - Bahamas 2,damac-islands-2-bahamas-2,https://datadubai.ae/projects/damac-islands-2-bahamas-2/,Active,0.33,2030-06-30,2026-05-02,2025-11-27,Damac Prime Development L.L.C,2464,damac-prime-development-l-l-c,First Abu Dhabi Bank P.J.S.C.,666,112786.52,,,,"Damac Islands 2 - Bahamas 2, Al Yelayiss 1",487,493,ok,2824000.0,1821.93,2746000.0,2982000.0,100.0,
3855,Samana Sky Views,samana-sky-views,https://datadubai.ae/projects/samana-sky-views/,Active,2.23,2028-07-31,2025-09-01,2025-08-14,Samana World Real Estate Development L.L.C,1933,samana-world-real-estate-development-l-l-c,Abu Dhabi Commercial Bank,556,34519.53,,,,"Samana Sky Views, Me'Aisem First",483,547,ok,965155.0,1526.93,728222.0,1152357.0,100.0,International Media Production Zone
4243,Damac Islands 2 - Bahamas 1,damac-islands-2-bahamas-1,https://datadubai.ae/projects/damac-islands-2-bahamas-1/,Active,0.33,2030-06-30,2026-05-02,2025-11-27,Damac Prime Development L.L.C,2464,damac-prime-development-l-l-c,First Abu Dhabi Bank P.J.S.C.,544,100825.6,,,,"Damac Islands 2 - Bahamas 1, Al Yelayiss 1",472,474,ok,2955000.0,1821.93,2825000.0,3989500.0,96.4,
2034,Azizi Mirage 1,azizi-mirage-1,https://datadubai.ae/projects/azizi-mirage-1/,Finished,100.0,2025-04-30,2018-02-01,2018-03-15,Azizi Developments L.L.C,1002,azizi-developments-l-l-c,Abu Dhabi Commercial Bank,762,32305.22,,25.03681,55.23811,"Azizi Mirage 1, Al Hebiah Second",471,955,ok,530000.0,1392.84,497737.5,800000.0,30.4,Dubai Studio City
3774,Cove Grand Residence By Imtiaz,cove-grand-residence-by-imtiaz,https://datadubai.ae/projects/cove-grand-residence-by-imtiaz/,Active,8.67,2027-12-15,2025-05-30,2025-06-12,Imtiaz Cove Real Estate Development L.L.C,2275,imtiaz-cove-real-estate-development-l-l-c,Ajman Bank /P.J.S.C,538,31600.58,,,,"Cove Grand Residence By Imtiaz, Wadi Al Safa 5",469,529,ok,772532.0,1540.29,722472.0,1114220.0,100.0,Dubai Land Residence Complex
3744,Montiva,montiva,https://datadubai.ae/projects/montiva/,Active,5.85,2029-09-30,2025-10-30,2025-05-16,Dubai Creek Harbour L.L.C,1224,dubai-creek-harbour-l-l-c,Emirates Islamic Bank P.J.S.C.,475,48746.33,,,,"Montiva, Al Khairan First",464,465,ok,2811930.0,2572.62,2033763.5,3023138.0,100.0,Dubai Creek Harbour
4098,Lyvia By Palace,lyvia-by-palace,https://datadubai.ae/projects/lyvia-by-palace/,Active,4.77,2029-07-31,2025-11-07,2025-09-24,Dubai Creek Harbour L.L.C,1224,dubai-creek-harbour-l-l-c,Emirates Islamic Bank P.J.S.C.,481,51679.9,,,,"Lyvia By Palace, Al Khairan First",463,464,ok,2887950.0,2675.8,2115888.0,3153888.0,100.0,Dubai Creek Harbour
4346,The Meriva Collection,the-meriva-collection,https://datadubai.ae/projects/the-meriva-collection/,Active,0.0,2031-12-31,2026-04-03,2026-04-14,Crestarc Developers L.L.C,2423,crestarc-developers-l-l-c,Sharjah Islamic Bank,735,81077.95,,,,"The Meriva Collection, Palm Deira",461,478,ok,3978828.0,3447.73,2934828.0,4966328.0,100.0,Palm Deira
4225,Creek Haven,creek-haven,https://datadubai.ae/projects/creek-haven/,Active,0.87,2030-03-31,2026-03-21,2025-11-20,Dubai Creek Harbour L.L.C,1224,dubai-creek-harbour-l-l-c,Abu Dhabi Commercial Bank,594,60568.39,,,,"Creek Haven, Al Khairan First",460,465,ok,1980388.0,2682.87,1919888.0,3503138.0,100.0,Dubai Creek Harbour
4367,Terra Woods,terra-woods,https://datadubai.ae/projects/terra-woods/,Active,0.0,2030-03-31,2026-05-30,2026-02-02,Dwtc Emaar L.L.C,1237,dwtc-emaar-l-l-c,Dubai Islamic Bank (Public Joint Stock Company),824,73087.81,,,,"Terra Woods, Madinat Al Mataar",453,471,ok,1723888.0,2191.42,1630888.0,2449890.0,100.0,EXPO CITY
4247,Binghatti Cullinan,binghatti-cullinan,https://datadubai.ae/projects/binghatti-cullinan/,Active,0.0,2027-06-30,2025-12-01,2025-12-30,Binghatti Developers Fze,1051,binghatti-developers-fze,United Arab Bank,630,39344.99,,,,"Binghatti Cullinan, Al Jadaf",452,503,ok,1449499.0,2204.07,863999.0,1553249.0,100.0,Sama Al Jadaf
3053,Binghatti Hills,binghatti-hills,https://datadubai.ae/projects/binghatti-hills/,Active,90.0,,2024-04-01,2024-04-29,Binghatti Developers Fze,1051,binghatti-developers-fze,Dubai Islamic Bank (Public Joint Stock Company),1701,132750.67,,,,"Binghatti Hills , Al Barshaa South Second",435,1728,ok,1083528.0,2020.87,1036945.5,2100000.0,100.0,Dubai Science Park
4292,Damac Islands 2 - Cuba,damac-islands-2-cuba,https://datadubai.ae/projects/damac-islands-2-cuba/,Active,0.18,2030-06-30,2026-05-02,2025-12-23,Damac Prime Development L.L.C,2464,damac-prime-development-l-l-c,Mashreq Bank Psc,544,95665.71,,,,"Damac Islands 2 - Cuba, Al Yelayiss 1",432,437,ok,2824000.0,1771.61,2718540.0,3748485.0,100.0,
4139,Ellington Sands I,ellington-sands-i,https://datadubai.ae/projects/ellington-sands-i/,Active,0.37,2028-12-31,2025-10-10,2025-10-30,Ellington Properties Development L.L.C,1117,ellington-properties-development-l-l-c,Commercial Bank Of Dubai(Psc),471,54067.45,,,,"Ellington Sands I, Palm Deira",427,428,ok,3191828.0,2772.65,2313828.0,3849828.0,100.0,Palm Deira
3664,Damac Riverside Views - Capri 2,damac-riverside-views-capri-2,https://datadubai.ae/projects/damac-riverside-views-capri-2/,Active,4.75,2029-03-31,2025-08-11,2025-05-15,Damac Mry Investment L.L.C,1866,damac-mry-investment-l-l-c,Mashreq Bank Psc,576,47841.01,,,,"Damac Riverside Views - Capri 2, Dubai Investment Park Second",424,467,ok,1188000.0,1498.25,1095000.0,1322250.0,100.0,
3503,Distrikt,distrikt,https://datadubai.ae/projects/distrikt/,Active,8.39,2028-09-30,2025-08-01,2025-05-22,Majid Al Futtaim Ghaf Woods L.L.C,1441,majid-al-futtaim-ghaf-woods-l-l-c,Emirates Nbd Bank  (P.J.S.C),550,66739.98,,,,"Distrikt, Wadi Al Safa 4",423,428,ok,1725000.0,1969.22,1594500.0,3044000.0,100.0,
2955,Azizi Venice 10,azizi-venice-10,https://datadubai.ae/projects/azizi-venice-10/,Active,36.27,,2024-01-29,2024-02-23,Azizi Developments L.L.C,1002,azizi-developments-l-l-c,Mashreq Bank Psc,1297,61216.94,,,,"Azizi Venice 10, Madinat Al Mataar",416,768,ok,655000.0,1707.47,589000.0,989000.0,100.0,Dubai World Central
3357,Empire Lakeviews,empire-lakeviews,https://datadubai.ae/projects/empire-lakeviews/,Active,2.05,2028-06-24,2025-06-25,2025-01-13,Empire Crown Real Estate Development L.L.C,2046,empire-crown-real-estate-development-l-l-c,Emirates Nbd Bank  (P.J.S.C),634,38244.95,,,,"Empire Lakeviews, Wadi Al Safa 2",414,564,ok,849777.0,1616.89,726027.0,1189777.0,100.0,Liwan1
4140,Ellington Sands Ii,ellington-sands-ii,https://datadubai.ae/projects/ellington-sands-ii/,Active,0.38,2028-12-31,2025-10-10,2025-10-31,Ellington Properties Development L.L.C,1117,ellington-properties-development-l-l-c,Abu Dhabi Commercial Bank,460,52541.01,,,,"Ellington Sands Ii, Palm Deira",414,415,ok,3224828.0,2799.88,2345828.0,3897828.0,100.0,Palm Deira
3160,Skyscape,skyscape,https://datadubai.ae/projects/skyscape/,Active,30.08,2029-12-31,2024-08-15,2024-10-09,Sobha L.L.C,966,sobha-l-l-c,Dubai Islamic Bank (Public Joint Stock Company),1852,200769.72,,,,"Skyscape, Bukadra",413,1464,ok,2107418.0,2430.01,1983213.0,3639936.0,100.0,
3239,Azizi Venice 11,azizi-venice-11,https://datadubai.ae/projects/azizi-venice-11/,Active,25.92,2027-08-30,2024-08-14,2024-09-02,Azizi Developments L.L.C,1002,azizi-developments-l-l-c,Dubai Islamic Bank (Public Joint Stock Company),1094,63283.34,,,,"Azizi Venice 11, Madinat Al Mataar",413,610,ok,676000.0,1667.77,641900.0,1168500.0,100.0,Dubai World Central
3510,Arian By Azizi,arian-by-azizi,https://datadubai.ae/projects/arian-by-azizi/,Active,2.0,2028-01-16,2025-01-16,2025-03-24,Azizi Developments L.L.C,1002,azizi-developments-l-l-c,Abu Dhabi Commercial Bank,631,33842.92,,,,"Arian By Azizi , Jabal Ali Industrial Second",411,448,ok,625000.0,1646.19,585500.0,910915.0,100.0,Down Town Jabal Ali
4035,Windsor House,windsor-house,https://datadubai.ae/projects/windsor-house/,Active,3.08,2029-07-31,2025-12-01,2025-12-16,Ellington Sb Development L.L.C,2420,ellington-sb-development-l-l-c,Sharjah Islamic Bank,424,39084.64,,,,"Windsor House , Madinat Al Mataar",405,405,ok,1547828.0,1458.69,1149828.0,1682828.0,100.0,Dubai South Residential District
4300,Windsor House Ii,windsor-house-ii,https://datadubai.ae/projects/windsor-house-ii/,Active,0.6,2029-07-31,2026-02-12,2026-02-13,Ellington Properties Development L.L.C,1117,ellington-properties-development-l-l-c,Mashreq Bank Psc,424,39161.66,,,,"Windsor House Ii, Madinat Al Mataar",396,397,ok,1653828.0,1541.05,1221828.0,1786578.0,100.0,Dubai South Residential District
3533,Binghatti Ruby,binghatti-ruby,https://datadubai.ae/projects/binghatti-ruby/,Active,46.43,2026-02-28,2025-01-01,2025-04-07,Binghatti Developers Fze,1051,binghatti-developers-fze,The National Bank Of Fujairah P S C,628,38308.25,,,,"Binghatti Ruby, Al Barsha South Fourth",395,602,ok,974999.0,1971.07,874999.0,1428748.75,100.0,Jumeirah Village Circle
4291,Damac Islands 2 - Bermuda,damac-islands-2-bermuda,https://datadubai.ae/projects/damac-islands-2-bermuda/,Active,0.22,2030-06-30,2026-05-02,2025-12-25,Damac Prime Development L.L.C,2464,damac-prime-development-l-l-c,First Abu Dhabi Bank P.J.S.C.,469,84774.32,,,,"Damac Islands 2 - Bermuda, Al Yelayiss 1",394,400,ok,2903000.0,1821.93,2746000.0,3940372.5,99.0,
4456,Lunaya,lunaya,https://datadubai.ae/projects/lunaya/,Active,1.31,2029-03-31,2026-04-01,2026-04-20,Lunaya Zaya Real Estate Development L.L.C S.O.C,2422,lunaya-zaya-real-estate-development-l-l-c-s-o-c,Commercial Bank Of Dubai(Psc),564,164540.97,,,,"Lunaya, Saih Shuaib 1",393,402,ok,6575000.0,2712.4,5223750.0,7320000.0,99.7,
3777,Downtown Residences,downtown-residences,https://datadubai.ae/projects/downtown-residences/,Active,1.05,2030-12-30,2025-12-01,2025-06-03,Deyaar Development (P.J.S.C),15,deyaar-development-p-j-s-c,First Abu Dhabi Bank P.J.S.C.,524,68846.06,,,,"Downtown Residences, Business Bay",388,395,ok,2568529.0,2762.36,2332913.0,3624702.5,100.0,
3383,Peace Lagoons Ii By Peace Homes,peace-lagoons-ii-by-peace-homes,https://datadubai.ae/projects/peace-lagoons-ii-by-peace-homes/,Active,4.04,2029-01-01,2025-01-01,2025-03-27,Peace Homes Development L.L.C,1745,peace-homes-development-l-l-c,Bank Of Sharjah,831,54905.79,,,,"Peace Lagoons Ii By Peace Homes, Wadi Al Safa 5",385,547,ok,788517.0,1640.05,725869.0,1080000.0,100.0,Dubai Land Residence Complex
3070,Sobha Orbis,sobha-orbis,https://datadubai.ae/projects/sobha-orbis/,Active,18.2,2028-12-31,2024-06-01,2024-07-05,Sobha L.L.C,966,sobha-l-l-c,Dubai Islamic Bank (Public Joint Stock Company),3002,187139.03,,,,"Sobha Orbis, Al Hebiah First",383,2941,ok,1262237.0,1950.01,1202059.0,1972824.0,100.0,Motor City
4327,Binghatti Skyterraces,binghatti-skyterraces,https://datadubai.ae/projects/binghatti-skyterraces/,Active,0.0,2027-10-31,2026-01-01,2026-01-29,Binghatti Developers Fze,1051,binghatti-developers-fze,Dubai Islamic Bank (Public Joint Stock Company),1587,104961.1,,,,"Binghatti Skyterraces, Al Hebiah First",383,604,ok,864999.0,1907.87,809499.0,1100000.5,100.0,Motor City
3702,Marquis One,marquis-one,https://datadubai.ae/projects/marquis-one/,Active,0.0,2028-12-31,2025-10-01,2025-09-09,Marquis Home Developer L.L.C,1546,marquis-home-developer-l-l-c,The National Bank Of Fujairah P S C,489,30870.91,,,,"Marquis One, Al Barshaa South Third",380,386,ok,840300.0,1685.89,780429.0,1376421.0,100.0,Arjan
4162,Grand Polo - Equiterra 2,grand-polo-equiterra-2,https://datadubai.ae/projects/grand-polo-equiterra-2/,Active,1.04,2029-07-31,2026-02-09,2025-10-30,Emaar Development P.J.S.C.,1211,emaar-development-p-j-s-c,Dubai Islamic Bank (Public Joint Stock Company),384,75739.55,,,,"Grand Polo - Equiterra 2, Dubai Investment Park Second",379,379,ok,3575888.0,2103.91,3480888.0,4475888.0,100.0,
4263,Damac Islands 2 - Tahiti 2,damac-islands-2-tahiti-2,https://datadubai.ae/projects/damac-islands-2-tahiti-2/,Active,0.32,2030-06-30,2026-05-02,2025-12-15,Damac Prime Development L.L.C,2464,damac-prime-development-l-l-c,Mashreq Bank Psc,484,86472.45,,,,"Damac Islands 2 - Tahiti 2, Al Yelayiss 1",375,377,ok,2903000.0,1797.61,2711040.0,4115500.0,100.0,
3504,Binghatti Skyhall,binghatti-skyhall,https://datadubai.ae/projects/binghatti-skyhall/,Active,31.14,2026-08-31,2025-02-01,2025-03-17,Binghatti Developers Fze,1051,binghatti-developers-fze,First Abu Dhabi Bank P.J.S.C.,728,40387.02,,,,"Binghatti Skyhall, Business Bay",369,663,ok,1152500.0,2507.5,1094000.0,1935500.0,99.7,Business Bay
3734,Auresta Tower,auresta-tower,https://datadubai.ae/projects/auresta-tower/,Active,2.0,2028-12-31,2025-05-01,2025-06-30,Tiger Properties,581,tiger-properties,First Abu Dhabi Bank P.J.S.C.,840,46576.6,,,,"Auresta Tower, Al Barsha South Fourth",369,484,ok,725609.0,1645.3,600912.75,940636.25,100.0,Jumeirah Village Circle
3800,Damac Islands - Seychelles 2,damac-islands-seychelles-2,https://datadubai.ae/projects/damac-islands-seychelles-2/,Active,2.7,2029-06-30,2025-11-30,2025-06-18,Damac Elite Investment Co. L.L.C,2035,damac-elite-investment-co-l-l-c,Emirates Nbd Bank  (P.J.S.C),474,79896.19,,,,"Damac Islands - Seychelles 2, Al Yelayiss 1",364,451,ok,2793000.0,,2615000.0,3557000.0,0.0,
4240,Salva The Heights,salva-the-heights,https://datadubai.ae/projects/salva-the-heights/,Active,0.5,2030-07-31,2026-05-18,2025-11-26,Emaar Development P.J.S.C.,1211,emaar-development-p-j-s-c,Emirates Islamic Bank P.J.S.C.,483,235619.25,,,,"Salva The Heights, Al Yelayiss 5",356,357,ok,8258388.0,,6933888.0,8675972.0,0.0,
3642,Sol Levante,sol-levante,https://datadubai.ae/projects/sol-levante/,Active,7.19,2028-09-15,2025-06-15,2025-05-28,S O L Properties Development L.L.C,999,s-o-l-properties-development-l-l-c,Emirates Nbd Bank  (P.J.S.C),674,54699.03,,,,"Sol Levante, Al Barsha South Fifth",351,391,ok,1321000.0,1750.78,830000.0,1519500.0,100.0,Jumeirah Village Triangle
4238,Serro 2 The Heights,serro-2-the-heights,https://datadubai.ae/projects/serro-2-the-heights/,Active,0.5,2030-05-31,2026-04-18,2025-11-27,Emaar Development P.J.S.C.,1211,emaar-development-p-j-s-c,First Abu Dhabi Bank P.J.S.C.,397,194151.68,,,,"Serro 2 The Heights, Al Yelayiss 5",351,351,ok,7990888.0,,6711888.0,8309013.5,0.0,
4296,Damac Islands 2 - Maui,damac-islands-2-maui,https://datadubai.ae/projects/damac-islands-2-maui/,Active,0.18,2030-06-30,2026-05-02,2025-12-29,Damac Prime Development L.L.C,2464,damac-prime-development-l-l-c,First Abu Dhabi Bank P.J.S.C.,434,81001.44,,,,"Damac Islands 2 - Maui, Al Yelayiss 1",344,344,ok,2905000.0,1872.24,2903000.0,4313000.0,100.0,
3662,Azizi Milan 20,azizi-milan-20,https://datadubai.ae/projects/azizi-milan-20/,Active,0.0,2027-04-30,2025-04-07,2025-04-17,Azizi Developments L.L.C,1002,azizi-developments-l-l-c,Dubai Islamic Bank (Public Joint Stock Company),741,39424.53,,,,"Azizi Milan 20, Wadi Al Safa 4",341,371,ok,580000.0,1604.74,575000.0,962280.0,100.0,City Of Arabia
3001,Damac City 2,damac-city-2,https://datadubai.ae/projects/damac-city-2/,Active,5.68,,2024-06-26,2024-04-26,Pinnacle Real Estate Developments L.L.C,1553,pinnacle-real-estate-developments-l-l-c,Emirates Nbd Bank  (P.J.S.C),731,58570.09,,,,"Damac City 2, Al Wasl",339,558,ok,2240360.0,3028.18,1472500.0,2644500.0,100.0,Dubai Water Canal
3656,Azizi Milan 30,azizi-milan-30,https://datadubai.ae/projects/azizi-milan-30/,Active,0.0,2027-04-04,2025-04-04,2025-04-18,Azizi Developments L.L.C,1002,azizi-developments-l-l-c,Dubai Islamic Bank (Public Joint Stock Company),629,33398.48,,,,"Azizi Milan 30, Wadi Al Safa 4",337,370,ok,589000.0,1635.54,585090.0,629000.0,100.0,City Of Arabia
4015,Palace Residences Hillside A,palace-residences-hillside-a,https://datadubai.ae/projects/palace-residences-hillside-a/,Active,7.87,2029-06-30,2025-09-30,2025-08-07,Dubai Hills Estate L.L.C,984,dubai-hills-estate-l-l-c,First Abu Dhabi Bank P.J.S.C.,360,34920.15,,,,"Palace Residences Hillside A, Hadaeq Sheikh Mohammed Bin Rashid",335,345,ok,2558888.0,2594.18,1947888.0,2724388.0,100.0,Dubai Hills Estate
4044,Rise By Athlon 1,rise-by-athlon-1,https://datadubai.ae/projects/rise-by-athlon-1/,Active,0.68,2029-12-30,2026-01-15,2025-09-09,Aurora Spv 3 L.L.C,1657,aurora-spv-3-l-l-c,First Abu Dhabi Bank P.J.S.C.,650,77330.21,,,,"Rise By Athlon 1, Wadi Al Safa 5",335,337,ok,1619001.0,1650.88,1504647.5,2326459.0,100.0,
4186,Grand Polo - Equestra,grand-polo-equestra,https://datadubai.ae/projects/grand-polo-equestra/,Active,1.02,2029-08-31,2026-05-09,2025-11-04,Emaar Development P.J.S.C.,1211,emaar-development-p-j-s-c,National Bank Of Ras Al- Khaimah (P.S.C),361,79519.45,,,,"Grand Polo - Equestra, Dubai Investment Park Second",334,335,ok,4002888.0,2323.76,3723138.0,4851888.0,92.2,
3711,South Square,south-square,https://datadubai.ae/projects/south-square/,Active,2.62,2028-06-30,2025-10-30,2025-05-28,Dubai South Properties Dwc Llc,1142,dubai-south-properties-dwc-llc,Commercial Bank Of Dubai(Psc),571,64192.17,,,,"South Square, Madinat Al Mataar",330,427,ok,1864772.0,1465.01,1212564.0,2050000.0,100.0,Dubai World Central
4050,Kanyon By Beyond,kanyon-by-beyond,https://datadubai.ae/projects/kanyon-by-beyond/,Active,0.0,2028-09-30,2026-06-30,2025-10-30,Cobia Real Estate Development L.L.C,2316,cobia-real-estate-development-l-l-c,Emirates Nbd Bank  (P.J.S.C),412,45943.4,,,,"Kanyon By Beyond, Madinat Dubai Almelaheyah",330,332,ok,2724500.0,2888.94,2540500.0,4083980.0,100.0,Dubai Maritime City
3564,Kensington Gardens,kensington-gardens,https://datadubai.ae/projects/kensington-gardens/,Active,0.0,2027-09-27,2025-06-25,2025-07-14,Leos Development L.L.C,1494,leos-development-l-l-c,Emirates Islamic Bank P.J.S.C.,361,26847.28,,,,"Kensington Gardens, Wadi Al Safa 5",329,336,ok,956757.0,1347.19,770256.0,1151468.0,100.0,Dubai Land Residence Complex
2829,Azizi Venice 9,azizi-venice-9,https://datadubai.ae/projects/azizi-venice-9/,Active,53.97,,2023-10-23,2023-11-16,Azizi Developments L.L.C,1002,azizi-developments-l-l-c,Dubai Islamic Bank (Public Joint Stock Company),778,35523.5,,,,"Azizi Venice 9 , Madinat Al Mataar",325,558,ok,703680.0,1880.81,661500.0,1003950.0,100.0,Dubai World Central
4143,Hq By Rove,hq-by-rove,https://datadubai.ae/projects/hq-by-rove/,Active,0.7,2029-03-31,2025-12-15,2025-10-22,Irth Urban Development L.L.C,2267,irth-urban-development-l-l-c,Commercial Bank Of Dubai(Psc),414,47131.26,,,,"Hq By Rove, Business Bay",321,328,ok,3194016.0,,3032000.0,3392520.0,100.0,Business Bay
3195,Binghatti Starlight,binghatti-starlight,https://datadubai.ae/projects/binghatti-starlight/,Active,63.11,2026-03-31,2024-07-30,2024-11-15,Binghatti Developers Fze,1051,binghatti-developers-fze,Emirates Nbd Bank  (P.J.S.C),511,32298.45,,,,"Binghatti Starlight, Al Jadaf",320,480,ok,937000.0,2067.07,909750.0,1250750.0,100.0,Dubai Health Care City Phase 2
4294,Damac Islands 2 - Barbados 1,damac-islands-2-barbados-1,https://datadubai.ae/projects/damac-islands-2-barbados-1/,Active,0.18,2030-06-30,2026-05-02,2025-12-22,Damac Prime Development L.L.C,2464,damac-prime-development-l-l-c,Mashreq Bank Psc,382,67531.4,,,,"Damac Islands 2 - Barbados 1, Al Yelayiss 1",317,317,ok,2903000.0,1821.93,2824000.0,3936660.0,100.0,
3043,Beach Oasis 2,beach-oasis-2,https://datadubai.ae/projects/beach-oasis-2/,Active,53.22,2026-04-30,2024-04-15,2024-08-01,Azizi Developments L.L.C,1002,azizi-developments-l-l-c,Al Ahli Bank Of Kuwait K S C P Dubai Branch,704,31629.42,,,,"Beach Oasis 2, Al Hebiah Second",309,493,ok,563000.0,1548.38,536000.0,602000.0,100.0,Dubai Studio City
2784,Reportage Village 1,reportage-village-1,https://datadubai.ae/projects/reportage-village-1/,Active,25.04,2027-12-31,2023-12-31,2023-11-27,Reportage Prime Properties L.L.C,1277,reportage-prime-properties-l-l-c,Arab Bank For Investment & Foreign Trade Almasref P.J.S.C.,1753,239776.93,,,,"Reportage Village 1 , Wadi Al Safa 7",307,1530,ok,1320000.0,1275.96,1140000.0,1520465.5,100.0,
4175,Vista By Vision,vista-by-vision,https://datadubai.ae/projects/vista-by-vision/,Active,3.38,2027-09-01,2026-01-01,2025-11-18,Clear Vision Real Estate Development L.L.C,1806,clear-vision-real-estate-development-l-l-c,Banque Misr (Dubai Br),328,26423.1,,,,"Vista By Vision, Me'Aisem First",304,308,ok,1093950.0,1248.01,682650.0,1200700.0,100.0,International Media Production Zone
4177,The Edit At D3,the-edit-at-d3,https://datadubai.ae/projects/the-edit-at-d3/,Active,0.24,2030-01-31,2026-01-10,2025-11-06,Dhre 2 Bts L.L.C,1510,dhre-2-bts-l-l-c,Abu Dhabi Islamic Bank,557,71465.43,,,,"The Edit At D3, Zaabeel Second",303,305,ok,4200000.0,3303.32,2447500.0,4808500.0,100.0,Business Park
4045,Rise By Athlon 2,rise-by-athlon-2,https://datadubai.ae/projects/rise-by-athlon-2/,Active,0.08,2030-01-30,2026-01-15,2025-09-09,Aurora Spv 3 L.L.C,1657,aurora-spv-3-l-l-c,First Abu Dhabi Bank P.J.S.C.,407,48346.13,,,,"Rise By Athlon 2, Wadi Al Safa 5",303,303,ok,1734372.0,1655.31,1514054.5,2450260.0,100.0,
3757,Taiyo Residences,taiyo-residences,https://datadubai.ae/projects/taiyo-residences/,Active,5.08,2027-12-31,2025-05-01,2025-06-04,Continental Investments Lmd L.L.C,958,continental-investments-lmd-l-l-c,The National Bank Of Fujairah P S C,379,22782.32,,,,"Taiyo Residences, Jabal Ali First",302,355,ok,1021985.0,1593.76,855400.0,1109101.0,100.0,Wasl Gate
3528,15 Cascade,15-cascade,https://datadubai.ae/projects/15-cascade/,Active,5.5,2028-09-30,2025-03-30,2025-06-17,Iman Developers L.L.C,1178,iman-developers-l-l-c,Emirates Nbd Bank  (P.J.S.C),442,38771.34,,,,"15 Cascade, Al Hebiah First",301,423,ok,1559580.0,1887.0,941099.0,1633254.0,100.0,Motor City
3797,Samana Imperial Garden,samana-imperial-garden,https://datadubai.ae/projects/samana-imperial-garden/,Active,3.76,2028-12-31,2025-07-01,2025-09-17,Samana Signature Real Estate Developments L.L.C,1598,samana-signature-real-estate-developments-l-l-c,Abu Dhabi Commercial Bank,344,19433.97,,,,"Samana Imperial Garden, Al Barshaa South Third",301,307,ok,966999.0,1915.94,839611.0,1332582.0,100.0,Arjan
3736,Voxa Residences,voxa-residences,https://datadubai.ae/projects/voxa-residences/,Active,4.46,2028-12-31,2025-07-01,2025-07-29,Pantheon Elysee Real Estate Development L.L.C,1364,pantheon-elysee-real-estate-development-l-l-c,Abu Dhabi Commercial Bank,599,36513.2,,,,"Voxa Residences, Al Barsha South Fifth",300,306,ok,1109900.0,1952.89,789900.0,1253450.5,100.0,Jumeirah Village Triangle
3852,Eltiera Heights,eltiera-heights,https://datadubai.ae/projects/eltiera-heights/,Active,3.01,2028-12-31,2025-06-19,2025-09-11,Ellington Pcfc Developers L.L.C,2371,ellington-pcfc-developers-l-l-c,National Bank Of Ras Al- Khaimah (P.S.C),357,38016.53,,,,"Eltiera Heights, Al Thanyah Fifth",298,299,ok,2284328.0,2535.56,2102578.0,3324828.0,100.0,Jumeirah Islands
4174,Le Blanc Residence By Imtiaz,le-blanc-residence-by-imtiaz,https://datadubai.ae/projects/le-blanc-residence-by-imtiaz/,Active,3.41,2028-10-15,2026-01-15,2025-12-15,Imtiaz Cove Real Estate Development L.L.C,2275,imtiaz-cove-real-estate-development-l-l-c,Ajman Bank /P.J.S.C,323,21013.13,,,,"Le Blanc Residence By Imtiaz, Wadi Al Safa 5",292,295,ok,815532.5,1662.87,757885.0,1270300.75,100.0,Dubai Land Residence Complex
794,Sky Courts,sky-courts,https://datadubai.ae/projects/sky-courts/,Finished,100.0,2011-02-21,2007-10-15,2008-11-08,Sky Courts (L.L.C),547,sky-courts-l-l-c,Emirates Islamic Bank P.J.S.C.,2859,242005.0,,25.09109,55.385646,"Sky Courts, Wadi Al Safa 5",286,5274,ok,621471.5,715.06,560000.0,900000.0,0.0,Dubai Land Residence Complex
3146,Peace Lagoons By Peace Homes,peace-lagoons-by-peace-homes,https://datadubai.ae/projects/peace-lagoons-by-peace-homes/,Active,2.9,2028-09-30,2024-09-30,2024-06-27,Peace Homes Development L.L.C,1745,peace-homes-development-l-l-c,Bank Of Sharjah,1000,63130.26,,,,"Peace Lagoons By Peace Homes, Wadi Al Safa 5",286,804,ok,1005323.5,1481.33,697921.75,1159114.5,100.0,Dubai Land Residence Complex
3814,Azizi Venice 16,azizi-venice-16,https://datadubai.ae/projects/azizi-venice-16/,Active,0.0,2027-06-02,2025-06-02,2025-06-25,Azizi Developments L.L.C,1002,azizi-developments-l-l-c,Abu Dhabi Commercial Bank,1055,67782.05,,,,"Azizi Venice 16, Madinat Al Mataar",286,295,ok,752000.0,1898.02,707980.0,1336750.0,100.0,Dubai World Central
2780,Damac Hills - Golf Greens 2,damac-hills-golf-greens-2,https://datadubai.ae/projects/damac-hills-golf-greens-2/,Active,45.21,,2023-12-28,2023-11-07,Damac Crescent Properties,954,damac-crescent-properties,Abu Dhabi Commercial Bank,606,57610.91,,,,"Damac Hills - Golf Greens 2, Al Hebiah Third",285,566,ok,1408000.0,1655.33,1178000.0,1939000.0,100.0,DAMAC HILLS
2676,Luma Park Views,luma-park-views,https://datadubai.ae/projects/luma-park-views/,Finished,100.0,2026-06-30,2023-07-01,2023-08-01,Townx Real Estate Development L.L.C,1213,townx-real-estate-development-l-l-c,Mashreq Bank Psc,606,56633.9,,25.054913,55.205716,"Luma Park Views, Al Barsha South Fourth",284,570,ok,1371840.0,1598.08,1271514.0,1630799.5,20.8,Jumeirah Village Circle
3465,Reportage Hills,reportage-hills,https://datadubai.ae/projects/reportage-hills/,Active,0.39,2028-06-30,2025-06-30,2025-01-10,Reportage Prime Properties L.L.C,1277,reportage-prime-properties-l-l-c,Commercial Bank Of Dubai(Psc),905,232249.91,,,,"Reportage Hills, Al Hebiah Fifth",284,354,ok,2076295.0,1411.84,1587000.0,2354500.0,100.0,
3481,Binghatti Hillside,binghatti-hillside,https://datadubai.ae/projects/binghatti-hillside/,Active,70.04,2026-06-30,2025-01-31,2025-01-24,Binghatti Developers Fze,1051,binghatti-developers-fze,Dubai Islamic Bank (Public Joint Stock Company),411,20797.6,,,,"Binghatti Hillside, Al Barshaa South Second",284,302,ok,831999.0,2087.4,784999.0,1112500.0,100.0,Dubai Science Park
3341,Binghatti Elite,binghatti-elite,https://datadubai.ae/projects/binghatti-elite/,Active,53.25,2026-06-30,2024-11-30,2024-11-07,Binghatti Developers Fze,1051,binghatti-developers-fze,Abu Dhabi Islamic Bank,1745,67722.54,,,,"Binghatti Elite, Me'Aisem First",282,1788,ok,831249.0,2107.25,580000.0,849999.0,100.0,International Media Production Zone
3512,Belgravia Gardens,belgravia-gardens,https://datadubai.ae/projects/belgravia-gardens/,Active,3.08,2028-09-30,2025-01-31,2025-05-19,Ellington Karma Developers L.L.C,1986,ellington-karma-developers-l-l-c,United Bank Limited (Management Office),743,72548.75,,,,"Belgravia Gardens, Wadi Al Safa 2",282,705,ok,1675828.0,1594.02,1300828.0,1956828.0,100.0,Falcon City
3225,Saas Hills,saas-hills,https://datadubai.ae/projects/saas-hills/,Active,12.98,2027-03-31,2024-09-15,2024-11-07,Saas Properties L.L.C - Dubai Branch,1360,saas-properties-l-l-c-dubai-branch,Emirates Nbd Bank  (P.J.S.C),859,100791.87,,,,"Saas Hills, Al Barshaa South Second",282,455,ok,1725148.0,1772.02,1020924.0,2716369.0,100.0,Dubai Science Park
4211,Boulevard Park 2,boulevard-park-2,https://datadubai.ae/projects/boulevard-park-2/,Active,0.0,2029-11-30,2026-04-30,2025-11-18,Jag Development L.L.C,1233,jag-development-l-l-c,Commercial Bank Of Dubai(Psc),555,65623.17,,,,"Boulevard Park 2, Jabal Ali First",274,290,ok,1981000.0,1696.09,1478000.0,2266750.0,100.0,Wasl Gate
3535,Ananda Residences,ananda-residences,https://datadubai.ae/projects/ananda-residences/,Active,2.55,2028-05-31,2025-02-01,2025-09-24,Tiger Properties,581,tiger-properties,First Abu Dhabi Bank P.J.S.C.,1027,70909.75,,,,"Ananda Residences, Al Hebiah First",274,276,ok,681055.5,1296.25,565090.0,865162.0,100.0,Motor City
4270,Mareva 2 The Oasis,mareva-2-the-oasis,https://datadubai.ae/projects/mareva-2-the-oasis/,Active,1.32,2030-02-28,2026-03-22,2025-12-08,Emaar Development P.J.S.C.,1211,emaar-development-p-j-s-c,Emirates Islamic Bank P.J.S.C.,347,337607.34,,,,"Mareva 2 The Oasis, Me'Aisem Second",273,273,ok,15850888.0,,14935888.0,21627888.0,0.0,
4399,Binghatti Skyflame 2,binghatti-skyflame-2,https://datadubai.ae/projects/binghatti-skyflame-2/,Active,0.0,2027-12-31,2026-02-01,2026-03-23,Binghatti Developers Fze,1051,binghatti-developers-fze,Emirates Nbd Bank  (P.J.S.C),801,46126.63,,,,"Binghatti Skyflame 2, Wadi Al Safa 3",272,391,ok,575000.0,1395.24,560000.0,700999.0,100.0,Majan
4159,Greenfield By Samana Developers,greenfield-by-samana-developers,https://datadubai.ae/projects/greenfield-by-samana-developers/,Active,1.48,2028-10-31,2025-11-01,2025-12-08,Samana Platinum Real Estate Development L.L.C,2072,samana-platinum-real-estate-development-l-l-c,Emirates Nbd Bank  (P.J.S.C),310,21007.32,,,,"Greenfield By Samana Developers, Warsan Fourth",272,287,ok,920423.5,1412.23,879000.0,1113500.0,100.0,International City Phase 3
4295,Damac Islands 2 - Barbados 2,damac-islands-2-barbados-2,https://datadubai.ae/projects/damac-islands-2-barbados-2/,Active,0.18,2030-06-30,2026-05-02,2025-12-22,Damac Prime Development L.L.C,2464,damac-prime-development-l-l-c,Mashreq Bank Psc,362,65127.17,,,,"Damac Islands 2 - Barbados 2 , Al Yelayiss 1",270,271,ok,2903000.0,1821.93,2824000.0,4005530.0,100.0,
3066,Binghatti Apex,binghatti-apex,https://datadubai.ae/projects/binghatti-apex/,Finished,100.0,2026-04-30,2024-05-01,2024-06-25,Binghatti Developers Fze,1051,binghatti-developers-fze,Emirates Nbd Bank  (P.J.S.C),552,36376.62,,,,"Binghatti Apex, Al Barsha South Fourth",269,667,ok,912500.0,1523.38,859999.0,1180000.0,45.7,Jumeirah Village Circle
3834,Rosehill,rosehill,https://datadubai.ae/projects/rosehill/,Active,7.83,2029-06-30,2025-08-13,2025-06-20,Dubai Hills Estate L.L.C,984,dubai-hills-estate-l-l-c,First Abu Dhabi Bank P.J.S.C.,555,54337.56,,,,"Rosehill, Hadaeq Sheikh Mohammed Bin Rashid",268,525,ok,1713388.0,2237.29,1635638.0,3340956.5,100.0,Dubai Hills Estate
3886,Passo By Beyond,passo-by-beyond,https://datadubai.ae/projects/passo-by-beyond/,Active,0.0,2029-12-31,2025-12-31,2025-07-28,Estate Grand Real Estate Development L.L.C,1720,estate-grand-real-estate-development-l-l-c,Mashreq Bank Psc,552,94976.37,,,,"Passo By Beyond, Palm Jumeirah",268,276,ok,6601000.0,4727.49,4973500.0,8693900.0,100.0,Palm Jumeirah
2895,Samana Resorts,samana-resorts,https://datadubai.ae/projects/samana-resorts/,Active,5.85,2028-05-30,2025-05-01,2025-01-09,Samana International Real Estate Development L.L.C,1229,samana-international-real-estate-development-l-l-c,Dubai Islamic Bank (Public Joint Stock Company),969,64512.54,,,,"Samana Resorts, Me'Aisem First",263,961,ok,1075722.0,1366.76,761000.0,1195994.5,100.0,International Media Production Zone
975,Remraam,remraam,https://datadubai.ae/projects/remraam/,Finished,100.0,2013-09-16,2007-09-06,2008-11-08,Remraam L.L.C,41,remraam-l-l-c,Mashreq Bank Psc,4125,948075.65,,25.001552,55.248364,"Remraam, Al Hebiah Fifth",262,6779,ok,780000.0,925.0,630000.0,1125000.0,0.0,Remraam
2447,Sobha Hartland - The Crest,sobha-hartland-the-crest,https://datadubai.ae/projects/sobha-hartland-the-crest/,Finished,100.0,2025-12-31,2021-11-01,2022-09-14,Sobha L.L.C,966,sobha-l-l-c,Dubai Islamic Bank (Public Joint Stock Company),1518,120997.61,,,,"Sobha Hartland - The Crest, Al Merkadh",258,2072,ok,1560000.0,2227.08,1314636.25,2676250.0,0.0,SOBHA HARTLAND
4269,Mareva The Oasis,mareva-the-oasis,https://datadubai.ae/projects/mareva-the-oasis/,Active,2.05,2030-02-28,2026-03-22,2025-12-08,Emaar Development P.J.S.C.,1211,emaar-development-p-j-s-c,Abu Dhabi Commercial Bank,311,324628.25,,,,"Mareva The Oasis, Me'Aisem Second",255,256,ok,15588888.0,,14645888.0,25881049.5,0.0,
3803,Cove Edition Residence 6 By Imtiaz,cove-edition-residence-6-by-imtiaz,https://datadubai.ae/projects/cove-edition-residence-6-by-imtiaz/,Active,20.09,2027-09-10,2025-06-10,2025-06-30,Imtiaz Cove Real Estate Development L.L.C,2275,imtiaz-cove-real-estate-development-l-l-c,Ajman Bank /P.J.S.C,264,14617.57,,,,"Cove Edition Residence 6 By Imtiaz, Wadi Al Safa 5",254,266,ok,749207.5,1647.53,696686.5,1053880.0,100.0,Dubai Land Residence Complex
3525,Capria West,capria-west,https://datadubai.ae/projects/capria-west/,Active,1.23,2029-05-08,2025-08-15,2025-02-26,Majid Al Futtaim Ghaf Woods L.L.C,1441,majid-al-futtaim-ghaf-woods-l-l-c,Emirates Nbd Bank  (P.J.S.C),714,89047.58,,,,"Capria West, Wadi Al Safa 4",253,717,ok,2611000.0,2029.22,1954000.0,4159000.0,100.0,
3722,Binghatti Moonlight,binghatti-moonlight,https://datadubai.ae/projects/binghatti-moonlight/,Active,19.24,2026-06-15,2025-04-15,2025-06-11,Binghatti Developers Fze,1051,binghatti-developers-fze,Dubai Islamic Bank (Public Joint Stock Company),286,25746.46,,,,"Binghatti Moonlight, Al Jadaf",253,256,ok,1695999.0,1926.68,1511999.0,2109999.0,100.0,Jaddaf Waterfront
3442,Binghatti Haven,binghatti-haven,https://datadubai.ae/projects/binghatti-haven/,Active,76.13,2026-03-31,2024-12-17,2025-03-03,Binghatti Developers Fze,1051,binghatti-developers-fze,Abu Dhabi Islamic Bank,501,44288.58,,,,"Binghatti Haven , Al Hebiah Fourth",252,481,ok,1739999.0,1489.55,1239999.0,1779999.0,100.0,Dubai Sports City
3627,Hills View At Wasl Gate,hills-view-at-wasl-gate,https://datadubai.ae/projects/hills-view-at-wasl-gate/,Active,3.89,2028-06-30,2025-06-30,2025-05-20,Suncrest Hills Property L.L.C,1882,suncrest-hills-property-l-l-c,The National Bank Of Fujairah P S C,350,21774.83,,,,"Hills View At Wasl Gate, Jabal Ali First",252,253,ok,711060.0,1469.03,671518.0,1090000.0,100.0,Wasl Gate
4262,Damac Islands 2 - Tahiti 1,damac-islands-2-tahiti-1,https://datadubai.ae/projects/damac-islands-2-tahiti-1/,Active,0.32,2030-06-30,2026-05-02,2025-12-15,Damac Prime Development L.L.C,2464,damac-prime-development-l-l-c,Mashreq Bank Psc,306,58339.44,,,,"Damac Islands 2 - Tahiti 1, Al Yelayiss 1",250,253,ok,3330240.0,1821.81,2825000.0,4154000.0,100.0,
2830,Azizi Venice 8,azizi-venice-8,https://datadubai.ae/projects/azizi-venice-8/,Active,53.0,,2023-10-23,2023-11-21,Azizi Developments L.L.C,1002,azizi-developments-l-l-c,Dubai Islamic Bank (Public Joint Stock Company),778,35523.5,,,,"Azizi Venice 8, Madinat Al Mataar",247,545,ok,642950.0,1708.76,619167.5,969000.0,100.0,Dubai World Central
2656,Al Habtoor Tower,al-habtoor-tower,https://datadubai.ae/projects/al-habtoor-tower/,Active,90.01,2026-12-31,2022-10-01,2023-06-13,Al Habtoor City Real Estate Development (Br. Of Dubai National Investment Co L.L.C),1094,al-habtoor-city-real-estate-development-br-of-dubai-national-investment-co-l-l-c,Dubai Islamic Bank (Public Joint Stock Company),1739,401157.11,,,,"Al Habtoor Tower, Business Bay",243,1303,ok,3429701.5,2748.9,2832338.0,3928253.25,100.0,
3594,The Hillgate,the-hillgate,https://datadubai.ae/projects/the-hillgate/,Active,3.12,2028-06-30,2025-03-03,2025-07-24,Ellington Properties Development L.L.C,1117,ellington-properties-development-l-l-c,First Abu Dhabi Bank P.J.S.C.,356,33422.81,,,,"The Hillgate, Nadd Hessa",243,323,ok,1330828.0,1628.72,1257828.0,2043328.0,100.0,Silicon Oasis
4193,Imtiaz Symphony Tower,imtiaz-symphony-tower,https://datadubai.ae/projects/imtiaz-symphony-tower/,Active,6.3,2029-06-15,2025-12-15,2025-11-18,Imtiaz Symphony Development L.L.C,2537,imtiaz-symphony-development-l-l-c,United Bank Limited (Management Office),369,37757.5,,,,"Imtiaz Symphony Tower, Bukadra",242,255,ok,2124767.0,2445.84,1885125.75,3307520.5,100.0,
3004,Amaal 8,amaal-8,https://datadubai.ae/projects/amaal-8/,Active,7.03,2028-12-31,2024-03-07,2024-09-05,Amaal Emirates L.L.C,1734,amaal-emirates-l-l-c,Commercial Bank Of Dubai(Psc),533,71678.48,,,,"Amaal 8, Ras Al Khor Industrial First",239,274,ok,2227888.0,2202.39,1832888.0,3065000.0,100.0,
3403,Interstellar Tower,interstellar-tower,https://datadubai.ae/projects/interstellar-tower/,Active,0.02,2028-09-30,2026-02-28,2025-12-22,Boujee Real Estate Development L.L.C,1742,boujee-real-estate-development-l-l-c,Bank Of Sharjah,285,26435.02,,,,"Interstellar Tower, Al Barsha South Fifth",239,244,ok,1287000.0,1718.47,1200000.0,1791000.0,100.0,Jumeirah Village Triangle
4007,Expo Valley Views,expo-valley-views,https://datadubai.ae/projects/expo-valley-views/,Active,0.0,2029-10-31,2026-11-01,2025-11-11,Expo City Valley Apartments Fzco,2421,expo-city-valley-apartments-fzco,Dubai Islamic Bank (Public Joint Stock Company),816,102955.36,,,,"Expo Valley Views, Madinat Al Mataar",237,242,ok,2572000.0,1925.22,1741000.0,2837000.0,100.0,Dubai World Central
3785,Bay Grove Residences D - Dubai Islands,bay-grove-residences-d-dubai-islands,https://datadubai.ae/projects/bay-grove-residences-d-dubai-islands/,Active,0.04,2028-09-15,2025-08-17,2025-06-20,Dubai Islands L.L.C,105,dubai-islands-l-l-c,Mashreq Bank Psc,257,34809.75,,,,"Bay Grove Residences D - Dubai Islands, Palm Deira",236,257,ok,3554000.0,2600.22,2482000.0,4374750.0,100.0,Palm Deira
4085,Waada - Altura 2,waada-altura-2,https://datadubai.ae/projects/waada-altura-2/,Active,4.06,2029-03-14,2026-03-15,2025-10-10,Bt Properties Dwc Llc,2254,bt-properties-dwc-llc,The National Bank Of Fujairah P S C,365,23077.3,,,,"Waada - Altura 2, Madinat Al Mataar",236,236,ok,863000.0,1171.26,519000.0,906000.0,100.0,Dubai World Central
4320,Maybach Ultimate Luxury,maybach-ultimate-luxury,https://datadubai.ae/projects/maybach-ultimate-luxury/,Active,0.0,2027-08-31,2026-01-14,2026-01-14,Binghatti Developers Fze,1051,binghatti-developers-fze,Dubai Islamic Bank (Public Joint Stock Company),1233,61924.3,,,,"Maybach Ultimate Luxury , Nad Al Shiba First",234,239,ok,1379000.0,3725.84,1365000.0,2351000.0,100.0,Meydan Racecourse Community
4416,Golf Vale,golf-vale,https://datadubai.ae/projects/golf-vale/,Active,0.0,2030-03-31,2026-04-05,2026-02-27,Emaar Dubai South Dwc Llc,1155,emaar-dubai-south-dwc-llc,Dubai Islamic Bank (Public Joint Stock Company),262,23754.52,,,,"Golf Vale, Madinat Al Mataar",233,236,ok,1460888.0,1662.62,1147888.0,1690888.0,100.0,Dubai World Central
3651,Reef 998,reef-998,https://datadubai.ae/projects/reef-998/,Active,2.07,2028-06-30,2025-06-01,2025-05-28,Reef Luxury Development L.L.C,1944,reef-luxury-development-l-l-c,Abu Dhabi Islamic Bank,339,21990.03,,,,"Reef 998, Wadi Al Safa 5",230,283,ok,1053388.0,1557.89,777083.0,1370900.0,100.0,Dubai Land Residence Complex
2948,Sobha One,sobha-one-2948,https://datadubai.ae/projects/sobha-one-2948/,Active,86.21,,2023-09-01,2024-02-28,Sobha L.L.C,966,sobha-l-l-c,Dubai Islamic Bank (Public Joint Stock Company),3057,308488.62,,,,"Sobha One, Ras Al Khor Industrial First",229,3255,ok,1801061.0,2300.0,1667638.0,2387608.0,100.0,
3696,Azizi Milan 55,azizi-milan-55,https://datadubai.ae/projects/azizi-milan-55/,Active,0.0,2027-04-30,2025-04-16,2025-07-15,Azizi Developments L.L.C,1002,azizi-developments-l-l-c,Abu Dhabi Commercial Bank,465,22780.38,,,,"Azizi Milan 55, Wadi Al Safa 4",229,242,ok,583110.0,1711.21,578000.0,592000.0,100.0,City Of Arabia
4084,Soulever' By Beyond,soulever-by-beyond,https://datadubai.ae/projects/soulever-by-beyond/,Active,0.0,2028-12-30,2026-03-30,2025-09-29,Beyond 1 Real Estate Development L.L.C,2324,beyond-1-real-estate-development-l-l-c,Emirates Nbd Bank  (P.J.S.C),517,65586.76,,,,"Soulever' By Beyond, Madinat Dubai Almelaheyah",228,230,ok,3884000.0,3772.9,3087000.0,5699250.0,100.0,Dubai Maritime City
3337,Avenue Park Towers,avenue-park-towers,https://datadubai.ae/projects/avenue-park-towers/,Active,7.67,2028-12-31,2025-08-01,2024-11-08,Park 1 L.L.C,1203,park-1-l-l-c,Emirates Nbd Bank  (P.J.S.C),671,89318.4,,,,"Avenue Park Towers, Al Kifaf",227,479,ok,2660777.0,2308.99,2472777.0,3657277.0,100.0,Wasl 1
3370,The First Collection At Dubai Studio City,the-first-collection-at-dubai-studio-city,https://datadubai.ae/projects/the-first-collection-at-dubai-studio-city/,Active,21.02,2028-01-31,2025-02-01,2025-02-20,Tfg S C Development L.L.C,2084,tfg-s-c-development-l-l-c,Arab Bank Plc,513,13557.7,,,,"The First Collection At Dubai Studio City, Al Hebiah Second",226,545,ok,1015000.0,,315775.0,1051650.0,100.0,Dubai Studio City
4124,Verde By Vision,verde-by-vision,https://datadubai.ae/projects/verde-by-vision/,Active,1.59,2027-09-30,2025-12-31,2025-10-13,Clear Vision Real Estate Development L.L.C,1806,clear-vision-real-estate-development-l-l-c,The National Bank Of Fujairah P S C,253,41000.75,,,,"Verde By Vision , Al Hebiah Fourth",225,228,ok,1165860.0,1379.08,725900.0,1603620.0,100.0,Dubai Sports City
4037,The Highgrove,the-highgrove,https://datadubai.ae/projects/the-highgrove/,Active,7.0,2028-12-31,2025-09-01,2025-09-12,Ellington Properties Development L.L.C,1117,ellington-properties-development-l-l-c,First Abu Dhabi Bank P.J.S.C.,296,27470.59,,,,"The Highgrove, Bukadra",225,226,ok,2065828.0,2446.8,1945828.0,2919828.0,100.0,
3587,Rabdan Gates,rabdan-gates,https://datadubai.ae/projects/rabdan-gates/,Active,1.08,2028-06-30,2025-06-01,2025-06-02,Rabdan Real Estate Development L.L.C,1533,rabdan-real-estate-development-l-l-c,Arab Bank Plc,445,27813.05,,,,"Rabdan Gates, Wadi Al Safa 3",224,433,ok,985000.0,1369.01,658750.0,1109431.5,100.0,Majan
4222,Cybele By Wadan,cybele-by-wadan,https://datadubai.ae/projects/cybele-by-wadan/,Active,2.03,2027-12-30,2025-12-30,2025-11-20,Wadan Real Estate Development L.L.C,2166,wadan-real-estate-development-l-l-c,First Abu Dhabi Bank P.J.S.C.,232,16225.58,,,,"Cybele By Wadan , Wadi Al Safa 5",221,224,ok,861383.0,1434.41,682479.0,1185215.0,100.0,Dubai Land Residence Complex
4293,Avenew888-Loom,avenew888-loom,https://datadubai.ae/projects/avenew888-loom/,Active,0.04,2028-03-31,2026-04-15,2026-01-06,Avenew Real Estate Development L.L.C,1511,avenew-real-estate-development-l-l-c,Dubai Islamic Bank (Public Joint Stock Company),661,62950.25,,,,"Avenew888-Loom, Madinat Al Mataar",219,220,ok,1026000.0,1428.8,920000.0,1354000.0,100.0,Dubai South Residential District
4108,Nourelle,nourelle,https://datadubai.ae/projects/nourelle/,Active,3.95,2029-03-01,2025-12-07,2025-10-02,Jumeirah Hills Development L.L.C,1076,jumeirah-hills-development-l-l-c,Mashreq Bank Psc,236,32255.06,,,,"Nourelle, Um Suqaim Third",219,219,ok,3884500.0,2818.91,3043000.0,5423750.0,100.0,
3107,One By Binghatti,one-by-binghatti,https://datadubai.ae/projects/one-by-binghatti/,Active,50.21,2026-05-30,2024-03-01,2024-07-01,Binghatti Developers Fze,1051,binghatti-developers-fze,Sharjah Islamic Bank,755,77164.94,,,,"One By Binghatti , Business Bay",217,650,ok,3174999.0,2994.01,2275000.0,3518749.25,100.0,Business Bay
4163,Waada - Altura 1,waada-altura-1,https://datadubai.ae/projects/waada-altura-1/,Active,1.94,2029-04-12,2026-04-13,2025-11-05,Bt Properties Dwc Llc,2254,bt-properties-dwc-llc,The National Bank Of Fujairah P S C,381,23566.65,,,,"Waada - Altura 1, Madinat Al Mataar",217,219,ok,519000.0,1168.96,514000.0,861000.0,100.0,Dubai World Central
4105,Binghatti Hillcrest,binghatti-hillcrest,https://datadubai.ae/projects/binghatti-hillcrest/,Active,50.23,2026-12-31,2025-10-01,2025-12-09,Binghatti Developers Fze,1051,binghatti-developers-fze,Sharjah Islamic Bank,396,23639.05,,,,"Binghatti Hillcrest, Al Barshaa South Third",216,226,ok,1100000.0,2061.16,829999.0,1355499.0,100.0,Arjan
4237,Serro The Heights,serro-the-heights,https://datadubai.ae/projects/serro-the-heights/,Active,0.5,2030-03-31,2026-03-19,2025-11-25,Emaar Development P.J.S.C.,1211,emaar-development-p-j-s-c,Abu Dhabi Commercial Bank,383,181083.45,,,,"Serro The Heights, Al Yelayiss 5",215,217,ok,6610888.0,,6405888.0,7881888.0,0.0,
3397,Binghatti Twilight,binghatti-twilight,https://datadubai.ae/projects/binghatti-twilight/,Active,55.41,2026-04-30,2025-04-01,2025-06-11,Binghatti Developers Fze,1051,binghatti-developers-fze,Sharjah Islamic Bank,277,24889.31,,,,"Binghatti Twilight, Al Jadaf",214,254,ok,1809000.0,1784.41,1360000.0,2115000.0,100.0,Jaddaf Waterfront
4480,Arancia Yards By Beyond,arancia-yards-by-beyond,https://datadubai.ae/projects/arancia-yards-by-beyond/,Active,0.0,2028-10-30,2026-10-30,2026-06-01,Peninsula Elit Real Estate Development L.L.C S.O.C,2551,peninsula-elit-real-estate-development-l-l-c-s-o-c,Abu Dhabi Commercial Bank,284,24212.04,,,,"Arancia Yards By Beyond, Wadi Al Safa 4",213,242,ok,1299000.0,1733.47,1163000.0,2122000.0,100.0,City Of Arabia
4156,Palm Central Private Residences - Frond M,palm-central-private-residences-frond-m,https://datadubai.ae/projects/palm-central-private-residences-frond-m/,Active,0.08,2029-07-31,2026-01-02,2025-10-27,The Palm - Jebel Ali Co. (L.L.C),104,the-palm-jebel-ali-co-l-l-c,First Abu Dhabi Bank P.J.S.C.,212,33733.95,,,,"Palm Central Private Residences - Frond M, Palm Jabal Ali",213,213,ok,4364000.0,3488.65,2889000.0,5949000.0,100.0,Palm Jabal Ali
4120,Sky Gate Tower,sky-gate-tower,https://datadubai.ae/projects/sky-gate-tower/,Active,1.56,2028-02-29,2025-09-15,2025-10-09,Tiger Properties,581,tiger-properties,Abu Dhabi Commercial Bank,431,25103.74,,,,"Sky Gate Tower, Al Barsha South Fifth",212,216,ok,719422.0,1577.58,539055.0,948187.0,100.0,Jumeirah Village Triangle
3842,Alta View Skyhomes,alta-view-skyhomes,https://datadubai.ae/projects/alta-view-skyhomes/,Active,5.82,2029-06-30,2025-08-01,2025-06-20,Object One Real Estate Development L.L.C,1579,object-one-real-estate-development-l-l-c,Abu Dhabi Islamic Bank,507,39267.78,,,,"Alta View Skyhomes, Al Barsha South Fourth",211,227,ok,1192072.0,1647.05,1047999.0,1268201.0,100.0,Jumeirah Village Circle
3723,Ashley Hills,ashley-hills,https://datadubai.ae/projects/ashley-hills/,Active,74.05,2027-03-31,2025-02-15,2025-09-16,Townx Real Estate Development L.L.C,1213,townx-real-estate-development-l-l-c,Mashreq Bank Psc,616,37373.64,,,,"Ashley Hills, Al Barshaa South Third",211,223,ok,824775.0,1495.04,726959.0,1237144.0,100.0,Arjan
4019,Elaris Sky,elaris-sky,https://datadubai.ae/projects/elaris-sky/,Active,0.19,2028-09-30,2025-10-15,2025-10-07,Object One Real Estate Development L.L.C,1579,object-one-real-estate-development-l-l-c,Abu Dhabi Islamic Bank,409,26992.4,,,,"Elaris Sky, Al Barsha South Fifth",211,214,ok,1134985.0,1625.84,780483.0,1203280.0,100.0,Jumeirah Village Triangle
2217,Rukan 3,rukan-3,https://datadubai.ae/projects/rukan-3/,Finished,100.0,2022-12-31,2020-07-10,2020-11-03,Continental Investments Lmd L.L.C,958,continental-investments-lmd-l-l-c,Arab African International Bank,1089,94360.23,,,,"Rukan 3, Wadi Al Safa 7",210,1687,ok,1100000.0,1530.51,970000.0,1670000.0,0.0,Rukan
3458,Guzel Towers,guzel-towers,https://datadubai.ae/projects/guzel-towers/,Active,6.96,2027-12-25,2024-12-01,2025-01-08,Tiger Properties,581,tiger-properties,Emirates Nbd Bank  (P.J.S.C),522,29855.76,,,,"Guzel Towers, Al Barsha South Fifth",210,408,ok,660667.0,1777.44,612417.0,988939.0,100.0,Jumeirah Village Triangle
3320,311 Boulevard By Bam Eskan,311-boulevard-by-bam-eskan,https://datadubai.ae/projects/311-boulevard-by-bam-eskan/,Active,10.0,2027-10-01,2025-04-01,2025-02-20,Bam Eskan Real Estate Development L.L.C,1776,bam-eskan-real-estate-development-l-l-c,Abu Dhabi Commercial Bank,399,37177.87,,,,"311 Boulevard By Bam Eskan, Al Barsha South Fourth",210,235,ok,1169980.5,1386.3,1090068.75,1292768.25,100.0,Jumeirah Village Circle
3340,Verdana Residence 4,verdana-residence-4,https://datadubai.ae/projects/verdana-residence-4/,Active,0.04,2028-09-30,2025-09-30,2026-02-05,Reportage Plus A Real Estate Development L.L.C,1936,reportage-plus-a-real-estate-development-l-l-c,Commercial Bank Of Dubai(Psc),392,29819.36,,,,"Verdana Residence 4 , Dubai Investment Park First",210,211,ok,783193.5,1217.01,606404.0,1323100.0,100.0,Dubai Investment Park First
3761,South Garden E,south-garden-e,https://datadubai.ae/projects/south-garden-e/,Active,8.0,2028-05-31,2025-10-31,2025-06-13,Jag Development L.L.C,1233,jag-development-l-l-c,Emirates Nbd Bank  (P.J.S.C),256,24774.43,,,,"South Garden E, Jabal Ali First",210,211,ok,1521500.0,1418.23,1189250.0,1748000.0,100.0,Wasl Gate
3760,South Garden D,south-garden-d,https://datadubai.ae/projects/south-garden-d/,Active,5.67,2028-05-31,2025-10-31,2025-06-13,Jag Development L.L.C,1233,jag-development-l-l-c,Emirates Nbd Bank  (P.J.S.C),256,24774.43,,,,"South Garden D, Jabal Ali First",210,210,ok,1627500.0,1486.3,1316750.0,1816250.0,100.0,Wasl Gate
4255,Nad Al Sheba Gardens Phase 11,nad-al-sheba-gardens-phase-11,https://datadubai.ae/projects/nad-al-sheba-gardens-phase-11/,Active,0.06,2029-07-01,2026-02-01,2025-11-27,Nas Estates L.L.C,1762,nas-estates-l-l-c,Emirates Nbd Bank  (P.J.S.C),210,92265.33,,,,"Nad Al Sheba Gardens Phase 11, Nad Al Shiba First",210,210,ok,7036000.0,3140.84,6367000.0,15996250.0,52.4,
3060,Butterfly,butterfly,https://datadubai.ae/projects/butterfly/,Active,7.65,2029-01-31,2025-01-01,2024-08-29,Desert Falcon Real Estate Development L.L.C,1259,desert-falcon-real-estate-development-l-l-c,Emirates Nbd Bank  (P.J.S.C),596,46581.51,,25.067709,55.246662,"Butterfly, Al Barshaa South Third",209,212,ok,1322864.0,1673.13,840777.0,1437866.0,100.0,Arjan
3710,Silva,silva,https://datadubai.ae/projects/silva/,Active,10.16,2029-09-30,2025-08-31,2025-05-02,Dubai Creek Harbour L.L.C,1224,dubai-creek-harbour-l-l-c,Emirates Islamic Bank P.J.S.C.,437,49737.6,,,,"Silva, Al Khairan First",208,428,ok,3072388.0,2263.11,1938138.0,3263638.0,100.0,Dubai Creek Harbour
3869,Talea,talea,https://datadubai.ae/projects/talea/,Active,0.0,2028-06-30,2026-03-30,2025-07-29,Manarola Real Estate Developments L.L.C,2264,manarola-real-estate-developments-l-l-c,Emirates Nbd Bank  (P.J.S.C),354,36938.6,,,,"Talea, Madinat Dubai Almelaheyah",208,328,ok,3787000.0,3039.79,2355000.0,4333000.0,100.0,Dubai Maritime City
3524,Capria East,capria-east,https://datadubai.ae/projects/capria-east/,Active,0.94,2029-05-15,2025-09-15,2025-03-19,Majid Al Futtaim Ghaf Woods L.L.C,1441,majid-al-futtaim-ghaf-woods-l-l-c,Emirates Nbd Bank  (P.J.S.C),553,71428.83,,,,"Capria East , Wadi Al Safa 4",207,553,ok,2990000.0,2071.74,2635000.0,4362500.0,100.0,
3112,Takaya,takaya,https://datadubai.ae/projects/takaya/,Active,15.62,2027-12-31,2024-07-15,2024-10-02,Takaya Real Estate Development L.L.C,1923,takaya-real-estate-development-l-l-c,Dubai Islamic Bank (Public Joint Stock Company),822,111825.69,,25.04718,55.234847,"Takaya , Al Hebiah First",207,482,ok,1691426.0,1799.15,1450404.0,2403115.0,100.0,Motor City
3603,Floarea Oasis,floarea-oasis,https://datadubai.ae/projects/floarea-oasis/,Active,12.63,2028-12-30,2025-07-30,2025-04-15,Mashriq Elite Real Estate Development L.L.C,1542,mashriq-elite-real-estate-development-l-l-c,Mashreq Bank Psc,257,16008.9,,,,"Floarea Oasis, Wadi Al Safa 5",206,224,ok,752000.0,1470.21,688287.5,1116050.0,100.0,Dubai Land Residence Complex
4013,Stax,stax,https://datadubai.ae/projects/stax/,Active,4.49,2028-03-31,2025-11-01,2025-09-19,Pashaone Real Estate Development L.L.C,2094,pashaone-real-estate-development-l-l-c,First Abu Dhabi Bank P.J.S.C.,530,37637.82,,,,"Stax, Al Barsha South Fourth",206,218,ok,1009800.5,1449.76,914774.25,1090513.0,100.0,Jumeirah Village Circle
3216,Arisha Terraces,arisha-terraces,https://datadubai.ae/projects/arisha-terraces/,Active,34.04,2027-10-01,2024-10-01,2024-10-08,Qube Development L.L.C,1692,qube-development-l-l-c,Commercial Bank Of Dubai(Psc),420,29188.63,,,,"Arisha Terraces , Al Hebiah Second",205,333,ok,1123260.0,1572.56,931000.0,1200000.0,100.0,Dubai Studio City
4002,Baystar By Vida,baystar-by-vida,https://datadubai.ae/projects/baystar-by-vida/,Active,6.3,2029-12-31,2025-12-24,2025-07-28,Mina Rashid Properties L.L.C,1275,mina-rashid-properties-l-l-c,Abu Dhabi Commercial Bank,328,35571.79,,,,"Baystar By Vida, Madinat Dubai Almelaheyah",205,283,ok,3223888.0,2988.56,2183888.0,4932888.0,100.0,Mina Rashid
4062,Reef 996,reef-996,https://datadubai.ae/projects/reef-996/,Active,0.1,2028-09-30,2025-10-01,2025-11-18,Reef Luxury Development L.L.C,1944,reef-luxury-development-l-l-c,Abu Dhabi Islamic Bank,505,31164.97,,,,"Reef 996, Me'Aisem First",203,219,ok,769027.0,1629.11,711731.0,1167659.5,100.0,International Media Production Zone
3859,Nad Al Sheba Gardens Phase 10,nad-al-sheba-gardens-phase-10,https://datadubai.ae/projects/nad-al-sheba-gardens-phase-10/,Active,0.35,2028-10-01,2025-09-01,2025-07-09,Nas Estates L.L.C,1762,nas-estates-l-l-c,Emirates Nbd Bank  (P.J.S.C),201,88895.78,,,,"Nad Al Sheba Gardens Phase 10, Nad Al Shiba First",202,202,ok,6463000.0,2821.8,6058500.0,14117500.0,51.5,
1324,Living Legends Phase 5,living-legends-phase-5,https://datadubai.ae/projects/living-legends-phase-5/,Active,48.89,2025-03-31,2024-01-01,2024-01-01,Amer Alghurair Real Estate Development Co. L.L.C,1456,amer-alghurair-real-estate-development-co-l-l-c,Abu Dhabi Islamic Bank,928,82499.14,,25.082796,55.301743,"Living Legends Phase 5, Wadi Al Safa 3",201,402,ok,667040.0,1410.81,598095.0,1005245.0,68.7,Living Legends
3192,Binghatti Ghost,binghatti-ghost,https://datadubai.ae/projects/binghatti-ghost/,Active,98.93,2026-03-31,2024-07-31,2024-09-10,Binghatti Developers Fze,1051,binghatti-developers-fze,Abu Dhabi Islamic Bank,785,51970.59,,,,"Binghatti Ghost, Al Jadaf",200,703,ok,1187500.0,2658.37,1162500.0,1225000.0,100.0,Dubai Health Care City Phase 2
3643,Azizi Milan 51,azizi-milan-51,https://datadubai.ae/projects/azizi-milan-51/,Active,0.0,2027-03-26,2025-03-26,2025-04-11,Azizi Developments L.L.C,1002,azizi-developments-l-l-c,Abu Dhabi Commercial Bank,579,26716.57,,,,"Azizi Milan 51, Wadi Al Safa 4",200,217,ok,592510.0,1739.89,584095.0,626167.5,100.0,City Of Arabia
2036,Azizi Grand,azizi-grand,https://datadubai.ae/projects/azizi-grand/,Active,82.06,2025-02-02,2018-02-01,2018-03-15,Azizi Developments L.L.C,1002,azizi-developments-l-l-c,Abu Dhabi Commercial Bank,411,23429.26,,25.038875,55.203619,"Azizi Grand, Al Hebiah Fourth",199,413,ok,868000.0,1348.34,550800.0,1097025.0,100.0,Dubai Sports City
3791,Samana Parkville,samana-parkville,https://datadubai.ae/projects/samana-parkville/,Active,5.12,2028-09-30,2025-06-01,2025-06-10,Samana Signature Real Estate Developments L.L.C,1598,samana-signature-real-estate-developments-l-l-c,Dubai Islamic Bank (Public Joint Stock Company),428,28655.63,,,,"Samana Parkville, Wadi Al Safa 5",199,408,ok,1124000.0,1517.57,789000.0,1204000.0,100.0,Dubai Land Residence Complex
3860,Nad Al Sheba Gardens Phase 8 & 9,nad-al-sheba-gardens-phase-8-and-9,https://datadubai.ae/projects/nad-al-sheba-gardens-phase-8-and-9/,Active,0.7,2028-10-01,2025-09-01,2025-07-10,Nas Estates L.L.C,1762,nas-estates-l-l-c,Emirates Nbd Bank  (P.J.S.C),201,108842.93,,,,"Nad Al Sheba Gardens Phase 8 & 9, Nad Al Shiba First",199,202,ok,11988000.0,2556.88,5903000.0,16063000.0,31.7,
2579,Tiger Sky Tower,tiger-sky-tower,https://datadubai.ae/projects/tiger-sky-tower/,Active,10.24,,2024-05-01,2024-05-16,Tiger Properties,581,tiger-properties,Emirates Nbd Bank  (P.J.S.C),849,138381.39,,,,"Tiger Sky Tower, Business Bay",198,315,ok,3134402.5,2433.92,2501879.0,3977848.0,100.0,Business Bay
4129,Pearl House Iv By Imtiaz,pearl-house-iv-by-imtiaz,https://datadubai.ae/projects/pearl-house-iv-by-imtiaz/,Active,13.25,2028-02-29,2025-10-30,2025-10-11,Imtiaz Luxury Real Estate Development L.L.C,2259,imtiaz-luxury-real-estate-development-l-l-c,First Abu Dhabi Bank P.J.S.C.,211,14832.1,,,,"Pearl House Iv By Imtiaz, Al Barsha South Fourth",198,202,ok,1324390.0,1661.94,843474.75,1375531.5,100.0,Jumeirah Village Circle
4319,Project Maybach,project-maybach,https://datadubai.ae/projects/project-maybach/,Active,0.0,2027-06-30,2026-01-14,2026-01-08,Binghatti Developers Fze,1051,binghatti-developers-fze,Dubai Islamic Bank (Public Joint Stock Company),831,41637.64,,,,"Project Maybach, Nad Al Shiba First",197,202,ok,1388000.0,3554.06,1376000.0,2344000.0,100.0,Meydan Racecourse Community
3847,Berkeley Square By Prestige One,berkeley-square-by-prestige-one,https://datadubai.ae/projects/berkeley-square-by-prestige-one/,Active,3.0,2028-03-30,2025-07-01,2025-07-25,Prestige Luxe Real Estate Development L.L.C,2257,prestige-luxe-real-estate-development-l-l-c,Emirates Nbd Bank  (P.J.S.C),241,14864.32,,,,"Berkeley Square By Prestige One, Al Barsha South Fourth",197,199,ok,798000.0,1764.1,710000.0,1290000.0,100.0,Jumeirah Village Circle
436,Lakeside,lakeside,https://datadubai.ae/projects/lakeside/,Finished,100.0,2014-08-07,2010-03-01,2008-11-08,The Waves Fz-Llc,920,the-waves-fz-llc,Abu Dhabi Commercial Bank,1967,85454.82,,25.036174,55.201315,"Lakeside, Me'Aisem First",192,3154,ok,405500.0,1042.65,385000.0,521250.0,0.0,International Media Production Zone
4331,Linea By Holm,linea-by-holm,https://datadubai.ae/projects/linea-by-holm/,Active,0.69,2028-06-15,2026-02-01,2026-01-28,Holm Avenue Real Estate Development L.L.C,2428,holm-avenue-real-estate-development-l-l-c,Emirates Nbd Bank  (P.J.S.C),210,11518.55,,,,"Linea By Holm, Al Satwa",192,194,ok,1531294.0,2606.86,1062564.0,1697676.75,100.0,Jumeirah Garden City
4034,Hadley Heights 2,hadley-heights-2,https://datadubai.ae/projects/hadley-heights-2/,Active,0.0,2027-10-20,2025-10-20,2025-09-18,Leos Development L.L.C,1494,leos-development-l-l-c,Emirates Islamic Bank P.J.S.C.,230,21173.99,,,,"Hadley Heights 2, Al Hebiah Fourth",192,193,ok,1168819.0,1313.74,841834.5,1645881.5,100.0,Dubai Sports City
4038,Hayat 4,hayat-4,https://datadubai.ae/projects/hayat-4/,Active,0.0,2028-07-31,2026-03-30,2025-09-10,Dubai South Properties Dwc Llc,1142,dubai-south-properties-dwc-llc,Emirates Nbd Bank  (P.J.S.C),200,69275.03,,,,"Hayat 4 , Madinat Al Mataar",191,194,ok,4630000.0,1332.92,4390000.0,5480000.0,100.0,Dubai World Central
2461,Peninsula Four,peninsula-four,https://datadubai.ae/projects/peninsula-four/,Finished,100.0,2026-02-01,2022-10-01,2022-10-06,Select Global Development L.L.C,972,select-global-development-l-l-c,Emirates Nbd Bank  (P.J.S.C),1040,114514.32,,,,"Peninsula Four, Business Bay",190,1395,ok,2046055.0,2525.03,1384000.0,2332000.0,89.5,Business Bay
2820,Azizi Venice 2,azizi-venice-2,https://datadubai.ae/projects/azizi-venice-2/,Active,57.22,2025-12-30,2023-10-13,2023-11-13,Azizi Developments L.L.C,1002,azizi-developments-l-l-c,Emirates Nbd Bank  (P.J.S.C),526,24577.78,,,,"Azizi Venice 2, Madinat Al Mataar",190,388,ok,711000.0,1985.62,681375.0,865250.0,100.0,Dubai World Central
2855,Vincitore Aqua Dimore,vincitore-aqua-dimore,https://datadubai.ae/projects/vincitore-aqua-dimore/,Active,6.92,,2024-06-01,2024-02-05,Vincitore Elite Real Estate Development L.L.C,1729,vincitore-elite-real-estate-development-l-l-c,Mashreq Bank Psc,987,69278.85,,,,"Vincitore Aqua Dimore, Al Barshaa South Second",187,887,ok,1219000.0,1627.16,788500.0,1370000.0,100.0,Dubai Science Park
4273,"Ayami Residence, By Ayat Development",ayami-residence-by-ayat-development,https://datadubai.ae/projects/ayami-residence-by-ayat-development/,Active,0.1,2028-12-31,2026-04-01,2026-04-09,Ayat Real Estate Development L.L.C,2182,ayat-real-estate-development-l-l-c,Emirates Nbd Bank  (P.J.S.C),376,22110.42,,,,"Ayami Residence, By Ayat Development, Al Warsan First",187,200,ok,529200.0,1372.77,518800.0,539500.0,100.0,WARSAN FIRST DEVELOPMENT
4109,Seraph By Wadan,seraph-by-wadan,https://datadubai.ae/projects/seraph-by-wadan/,Active,11.12,2027-12-15,2025-12-15,2025-10-01,Wadan Real Estate Development L.L.C,2166,wadan-real-estate-development-l-l-c,First Abu Dhabi Bank P.J.S.C.,190,13737.27,,,,"Seraph By Wadan, Wadi Al Safa 5",186,188,ok,994033.5,1273.99,634805.5,1089477.5,100.0,Dubai Land Residence Complex
3311,Eden Hills,eden-hills,https://datadubai.ae/projects/eden-hills/,Active,2.79,2026-12-25,2025-03-01,2025-01-22,Eden Hills L.L.C,1498,eden-hills-l-l-c,Emirates Nbd Bank  (P.J.S.C),279,313444.3,,,,"Eden Hills, Hadaeq Sheikh Mohammed Bin Rashid",184,184,ok,22150000.0,,19539000.0,25715000.0,0.0,
1740,Ciel,ciel,https://datadubai.ae/projects/ciel/,Finished,100.0,2025-04-30,2016-11-01,2016-03-27,T F G Real Estate L.L.C,29,t-f-g-real-estate-l-l-c,Abu Dhabi Islamic Bank,2619,61167.06,,25.087422,55.144605,"Ciel, Marsa Dubai",182,2256,ok,799000.0,,727187.5,853750.0,20.3,Dubai Marina
4111,Sakura Gardens By Hre,sakura-gardens-by-hre,https://datadubai.ae/projects/sakura-gardens-by-hre/,Active,1.43,2029-06-30,2026-03-01,2025-10-01,Hre Real Estate Development L.L.C,1669,hre-real-estate-development-l-l-c,Sharjah Islamic Bank,1429,151427.46,,,,"Sakura Gardens By Hre , Wadi Al Safa 2",182,209,ok,1343015.0,1618.14,906250.0,1465000.0,99.5,Falcon City
4033,Belmore Residences,belmore-residences,https://datadubai.ae/projects/belmore-residences/,Active,6.53,2027-12-31,2025-08-07,2025-08-27,Ellington Properties Development L.L.C,1117,ellington-properties-development-l-l-c,Arab Bank Plc,214,19104.29,,,,"Belmore Residences, Bukadra",182,185,ok,1788828.0,2214.57,1671328.0,2645578.0,100.0,
4286,City Walk Crestlane 4,city-walk-crestlane-4,https://datadubai.ae/projects/city-walk-crestlane-4/,Active,0.01,2030-04-25,2026-02-25,2025-12-23,Citywalk Residential 1 L.L.C,1109,citywalk-residential-1-l-l-c,First Abu Dhabi Bank P.J.S.C.,204,27943.06,,,,"City Walk Crestlane 4, Al Wasl",182,184,ok,3595000.0,3366.38,2777000.0,4725000.0,100.0,City Walk
1042,Ritaj,ritaj,https://datadubai.ae/projects/ritaj/,Finished,100.0,2011-06-05,2008-01-21,2008-11-08,Dubai Investment Real Estate (L L C),278,dubai-investment-real-estate-l-l-c,,2043,132521.47,,24.987816,55.202364,"Ritaj, Dubai Investment Park Second",181,1306,ok,578823.0,770.28,401370.0,631453.0,0.0,Dubai Investment Park Second
3125,Bayz 102 By Danube,bayz-102-by-danube,https://datadubai.ae/projects/bayz-102-by-danube/,Active,5.86,2029-12-31,2024-12-01,2024-11-08,Danube Properties Development L.L.C,1009,danube-properties-development-l-l-c,Abu Dhabi Commercial Bank,1088,107679.92,,,,"Bayz 102 By Danube , Business Bay",181,717,ok,2759130.0,2939.35,2348370.0,3444000.0,100.0,
3675,Cove Boulevard By Imtiaz,cove-boulevard-by-imtiaz,https://datadubai.ae/projects/cove-boulevard-by-imtiaz/,Active,5.9,2028-10-30,2025-05-25,2025-05-28,Imtiaz Real Estate Investment & Development L.L.C,1129,imtiaz-real-estate-investment-and-development-l-l-c,First Abu Dhabi Bank P.J.S.C.,436,34923.18,,,,"Cove Boulevard By Imtiaz, Wadi Al Safa 5",181,366,ok,1212071.0,1554.9,726693.0,1709883.0,100.0,Dubai Land Residence Complex
4415,Golf Fields,golf-fields,https://datadubai.ae/projects/golf-fields/,Active,0.0,2030-02-28,2026-04-05,2026-02-27,Emaar Dubai South Dwc Llc,1155,emaar-dubai-south-dwc-llc,Dubai Islamic Bank (Public Joint Stock Company),181,19117.41,,,,"Golf Fields, Madinat Al Mataar",181,181,ok,1605012.0,1579.76,1258452.0,2199252.0,100.0,Dubai World Central
2482,Sobha Hartland - Crest Grande,sobha-hartland-crest-grande,https://datadubai.ae/projects/sobha-hartland-crest-grande/,Finished,100.0,2026-06-30,2022-09-01,2023-01-26,Sobha L.L.C,966,sobha-l-l-c,Bank Of Baroda,985,129517.98,,,,"Sobha Hartland - Crest Grande, Al Merkadh",179,1272,ok,2700000.0,1951.93,1915961.5,3300000.0,46.4,SOBHA HARTLAND
4426,Palm Central Private Residences - Frond N,palm-central-private-residences-frond-n,https://datadubai.ae/projects/palm-central-private-residences-frond-n/,Active,0.0,2030-12-13,2026-08-13,2026-06-16,The Palm - Jebel Ali Co. (L.L.C),104,the-palm-jebel-ali-co-l-l-c,Mashreq Bank Psc,222,31121.25,,,,"Palm Central Private Residences - Frond N, Palm Jabal Ali",178,189,ok,4325500.0,3553.71,2779750.0,5846750.0,100.0,Palm Jabal Ali
4181,Holm One,holm-one,https://datadubai.ae/projects/holm-one/,Active,6.85,2028-03-30,2025-11-15,2025-11-17,Holm Avenue Real Estate Development L.L.C,2428,holm-avenue-real-estate-development-l-l-c,Emirates Nbd Bank  (P.J.S.C),218,11195.06,,,,"Holm One, Al Satwa",178,181,ok,1068562.5,2220.12,993346.5,1412497.25,100.0,Jumeirah Garden City
3778,California Residences,california-residences,https://datadubai.ae/projects/california-residences/,Active,1.74,2028-04-01,2025-06-01,2025-06-04,Gfh Real Estate L.L.C,1199,gfh-real-estate-l-l-c,Mashreq Bank Psc,372,39309.29,,,,"California Residences, Wadi Al Safa 4",177,189,ok,1580057.0,1435.13,1163193.0,1726701.0,100.0,
2372,Peninsula Three,peninsula-three,https://datadubai.ae/projects/peninsula-three/,Finished,100.0,2025-06-01,2022-06-01,2022-03-09,Select Global Development L.L.C,972,select-global-development-l-l-c,Dubai Islamic Bank (Public Joint Stock Company),859,53389.15,,,,"Peninsula Three, Business Bay",175,1271,ok,1738630.0,2653.07,1500000.0,2000000.0,24.6,Business Bay
4149,Rosewell,rosewell,https://datadubai.ae/projects/rosewell/,Active,0.02,2028-12-31,2026-04-15,2025-10-31,Nshama Properties Owned By Nshmi Development One Person Company L.L.C,1162,nshama-properties-owned-by-nshmi-development-one-person-company-l-l-c,First Abu Dhabi Bank P.J.S.C.,217,18403.14,,,,"Rosewell, Al Yelayiss 2",174,175,ok,1569888.0,1782.46,1124888.0,1637638.0,100.0,TOWN SQUARE
3154,Vincitore Aqua Flora,vincitore-aqua-flora,https://datadubai.ae/projects/vincitore-aqua-flora/,Active,1.28,2028-06-30,2025-01-01,2024-09-23,Vincitore Luxury Real Estate Development L.L.C,1949,vincitore-luxury-real-estate-development-l-l-c,Mashreq Bank Psc,546,42124.74,,,,"Vincitore Aqua Flora, Al Barshaa South Second",173,402,ok,1343000.0,1772.3,840000.0,1456000.0,100.0,Dubai Science Park
2822,Azizi Venice 5,azizi-venice-5,https://datadubai.ae/projects/azizi-venice-5/,Active,63.48,2025-10-30,2023-10-13,2023-11-13,Azizi Developments L.L.C,1002,azizi-developments-l-l-c,Bank Of Sharjah,484,23054.76,,,,"Azizi Venice 5, Madinat Al Mataar",171,334,ok,640000.0,1659.69,589000.0,989000.0,100.0,Dubai World Central
1941,Tonino Lamborghini Residences,tonino-lamborghini-residences,https://datadubai.ae/projects/tonino-lamborghini-residences/,Active,53.9,2026-12-31,2017-10-01,2017-10-01,Gulf Land Property Developers L.L.C,987,gulf-land-property-developers-l-l-c,Commercial Bank International P.J.S.C,553,70788.02,,25.160965,55.326241,"Tonino Lamborghini Residences, Nad Al Shiba First",171,274,ok,3136098.0,2500.01,2474966.0,4081662.5,100.0,Meydan Racecourse Community
4051,Ivy At Park Five,ivy-at-park-five,https://datadubai.ae/projects/ivy-at-park-five/,Active,6.28,2027-12-31,2025-11-01,2025-10-02,Deyaar Development (P.J.S.C),15,deyaar-development-p-j-s-c,Abu Dhabi Commercial Bank,210,16606.08,,,,"Ivy At Park Five, Me'Aisem First",171,179,ok,1141321.0,1457.32,745825.5,1631161.0,100.0,International Media Production Zone
3688,Longford Residences By Devan Real Estate Development,longford-residences-by-devan-real-estate-development,https://datadubai.ae/projects/longford-residences-by-devan-real-estate-development/,Active,12.28,2028-05-01,2025-06-15,2025-06-03,Devan Real Estate Development L.L.C,2114,devan-real-estate-development-l-l-c,Abu Dhabi Islamic Bank,280,23088.27,,,,"Longford Residences By Devan Real Estate Development, Al Warsan First",171,174,ok,798702.0,1085.07,569336.0,873219.0,100.0,International City Phase 1
3796,Samana Hills South,samana-hills-south,https://datadubai.ae/projects/samana-hills-south/,Active,4.84,2028-05-15,2025-06-01,2025-06-25,Samana Signature Real Estate Developments L.L.C,1598,samana-signature-real-estate-developments-l-l-c,Abu Dhabi Commercial Bank,510,22630.34,,,,"Samana Hills South, Saih Shuaib 2",170,513,ok,746727.5,1490.02,584650.5,853763.25,100.0,
3343,Elm At Park Five,elm-at-park-five,https://datadubai.ae/projects/elm-at-park-five/,Active,16.18,2027-06-01,2025-04-01,2024-12-09,Deyaar Development (P.J.S.C),15,deyaar-development-p-j-s-c,Dubai Islamic Bank (Public Joint Stock Company),532,39473.65,,,,"Elm At Park Five, Me'Aisem First",169,531,ok,1071447.0,1333.01,992625.0,1133481.0,100.0,International Media Production Zone
4290,Nuve By Zoya,nuve-by-zoya,https://datadubai.ae/projects/nuve-by-zoya/,Active,0.79,2028-06-30,2026-04-15,2026-02-12,Zoya One Real Estate Developments L.L.C,1816,zoya-one-real-estate-developments-l-l-c,Emirates Nbd Bank  (P.J.S.C),234,11778.88,,,,"Nuve By Zoya, Wadi Al Safa 5",168,176,ok,706000.0,1598.14,667345.0,927000.0,100.0,Dubai Land Residence Complex
4230,Azizi Noura,azizi-noura,https://datadubai.ae/projects/azizi-noura/,Active,0.0,2028-07-04,2026-07-04,2026-07-13,Azizi Developments L.L.C,1002,azizi-developments-l-l-c,Ajman Bank /P.J.S.C,269,11589.53,,,,"Azizi Noura, Jabal Ali Industrial Second",168,174,ok,593005.0,1723.21,584095.0,604000.0,100.0,Down Town Jabal Ali
4150,Evelyn On The Park,evelyn-on-the-park,https://datadubai.ae/projects/evelyn-on-the-park/,Active,0.02,2029-02-28,2026-06-15,2025-12-31,Nshama Properties Owned By Nshmi Development One Person Company L.L.C,1162,nshama-properties-owned-by-nshmi-development-one-person-company-l-l-c,First Abu Dhabi Bank P.J.S.C.,259,20824.57,,,,"Evelyn On The Park, Al Yelayiss 2",168,168,ok,1540888.0,1842.95,1152388.0,1648888.0,100.0,TOWN SQUARE
4184,Boulevard Park 1,boulevard-park-1,https://datadubai.ae/projects/boulevard-park-1/,Active,0.0,2030-04-30,2026-04-30,2025-11-18,Jag Development L.L.C,1233,jag-development-l-l-c,Commercial Bank Of Dubai(Psc),717,87218.53,,,,"Boulevard Park 1, Jabal Ali First",167,181,ok,2148000.0,1732.65,1547000.0,2319500.0,100.0,Wasl Gate
4117,Golf Hills,golf-hills,https://datadubai.ae/projects/golf-hills/,Active,3.67,2029-09-30,2025-12-30,2025-10-14,Emaar Dubai South Dwc Llc,1155,emaar-dubai-south-dwc-llc,First Abu Dhabi Bank P.J.S.C.,204,20287.16,,,,"Golf Hills, Madinat Al Mataar",166,166,ok,1537388.0,1609.1,1186888.0,1695888.0,100.0,Dubai World Central
3735,Azizi Milan 9,azizi-milan-9,https://datadubai.ae/projects/azizi-milan-9/,Active,0.0,2027-05-30,2025-05-01,2025-05-12,Azizi Developments L.L.C,1002,azizi-developments-l-l-c,Abu Dhabi Commercial Bank,991,52704.11,,,,"Azizi Milan 9, Wadi Al Safa 4",163,172,ok,613500.0,1711.45,589000.0,931162.5,100.0,
4119,Golf Hills 2,golf-hills-2,https://datadubai.ae/projects/golf-hills-2/,Active,4.16,2029-09-30,2025-12-30,2025-10-16,Emaar Dubai South Dwc Llc,1155,emaar-dubai-south-dwc-llc,Abu Dhabi Commercial Bank,204,20287.16,,,,"Golf Hills 2, Madinat Al Mataar",161,161,ok,1528888.0,1586.92,1172888.0,1609888.0,100.0,Dubai World Central
3690,Damac Riverside - Olive,damac-riverside-olive,https://datadubai.ae/projects/damac-riverside-olive/,Active,5.46,2028-06-30,2025-10-01,2025-05-12,Damac Mry Investment L.L.C,1866,damac-mry-investment-l-l-c,Mashreq Bank Psc,208,35783.23,,,,"Damac Riverside - Olive, Dubai Investment Park Second",160,161,ok,2793000.0,1766.12,2703000.0,2837000.0,100.0,
4200,Grove Ridge,grove-ridge,https://datadubai.ae/projects/grove-ridge/,Active,0.0,2029-09-30,2026-04-30,2025-11-14,Emaar Dubai South Dwc Llc,1155,emaar-dubai-south-dwc-llc,Abu Dhabi Commercial Bank,193,22364.04,,,,"Grove Ridge, Madinat Al Mataar",160,160,ok,1999888.0,1625.06,1306888.0,2414888.0,100.0,Dubai World Central
3358,Laguna Residence,laguna-residence,https://datadubai.ae/projects/laguna-residence/,Active,5.72,2027-12-31,2024-12-31,2024-10-30,One International Real Estate Development L.L.C,2045,one-international-real-estate-development-l-l-c,First Abu Dhabi Bank P.J.S.C.,1628,136157.9,,,,"Laguna Residence, Wadi Al Safa 4",159,312,ok,798000.0,1652.67,722697.5,1348050.0,100.0,City Of Arabia
1912,Paradise View 1,paradise-view-1,https://datadubai.ae/projects/paradise-view-1/,Finished,100.0,2018-11-22,2016-12-15,2017-06-11,Al Maskan Al Hadeeth Real Estate Developmant L.L.C,1190,al-maskan-al-hadeeth-real-estate-developmant-l-l-c,Sharjah Islamic Bank,203,15177.22,,,,"Paradise View 1, Wadi Al Safa 3",159,200,ok,720000.0,895.77,572772.0,807500.0,0.0,Majan
4114,Evergrin House 2,evergrin-house-2,https://datadubai.ae/projects/evergrin-house-2/,Active,10.29,2026-12-30,2025-09-15,2025-10-15,Obj1 Real Estate Development L.L.C,1894,obj1-real-estate-development-l-l-c,Abu Dhabi Islamic Bank,193,9791.1,,,,"Evergrin House 2, Al Satwa",159,160,ok,1035475.0,2430.69,995367.5,1121702.5,100.0,Jumeirah Garden City
4201,Vista Ridge,vista-ridge,https://datadubai.ae/projects/vista-ridge/,Active,0.0,2029-09-30,2026-04-30,2025-11-14,Emaar Dubai South Dwc Llc,1155,emaar-dubai-south-dwc-llc,Abu Dhabi Commercial Bank,198,22729.82,,,,"Vista Ridge, Madinat Al Mataar",159,159,ok,2003888.0,1631.21,1305888.0,2328888.0,100.0,Dubai World Central
3017,Diamondz By Danube,diamondz-by-danube,https://datadubai.ae/projects/diamondz-by-danube/,Active,16.32,,2024-09-01,2024-05-03,Danube Properties Development L.L.C,1009,danube-properties-development-l-l-c,Ajman Bank /P.J.S.C,1225,84391.4,,,,"Diamondz By Danube , Al Thanyah Fifth",158,1135,ok,2061255.0,2448.71,1808632.5,2704000.0,100.0,Jumeirah Lakes Towers
2961,Binghatti Royale,binghatti-royale,https://datadubai.ae/projects/binghatti-royale/,Finished,100.0,,2024-01-14,2024-03-07,Binghatti Developers Fze,1051,binghatti-developers-fze,Dubai Islamic Bank (Public Joint Stock Company),370,33769.08,,,,"Binghatti Royale, Al Barsha South Fourth",158,426,ok,1962499.0,2388.33,1475000.0,2217499.0,15.8,Jumeirah Village Circle
1325,Living Legends Phase 6,living-legends-phase-6,https://datadubai.ae/projects/living-legends-phase-6/,Active,76.73,2026-07-16,2023-08-01,2023-08-01,Dawn Real Estate Development L.L.C,1500,dawn-real-estate-development-l-l-c,Sharjah Islamic Bank,652,82878.75,,25.087129,55.302588,"Living Legends Phase 6, Wadi Al Safa 3",158,395,ok,1700000.0,1106.38,1100404.25,2049489.5,93.0,Living Legends
3163,One Beverly,one-beverly,https://datadubai.ae/projects/one-beverly/,Active,72.94,2026-12-01,2024-12-01,2024-11-15,H M B Homes Real Estate Development,1220,h-m-b-homes-real-estate-development,Mashreq Bank Psc,389,21686.79,,,,"One Beverly, Al Barshaa South Third",158,275,ok,755000.0,1616.04,693000.0,1050000.0,100.0,Arjan
4029,Ashwood Estates,ashwood-estates,https://datadubai.ae/projects/ashwood-estates/,Active,0.05,2028-09-18,2025-08-20,2025-09-03,Jge Real Estate L.L.C,2249,jge-real-estate-l-l-c,Emirates Nbd Bank  (P.J.S.C),187,145944.24,,,,"Ashwood Estates, Me'Aisem First",158,159,ok,12814500.0,,12215250.0,18425000.0,0.0,Jumeirah Golf Estates - Phase B
4115,Aurea,aurea,https://datadubai.ae/projects/aurea/,Active,0.0,2030-06-30,2026-03-31,2025-09-26,Mina Rashid Properties L.L.C,1275,mina-rashid-properties-l-l-c,Abu Dhabi Commercial Bank,172,18298.19,,,,"Aurea, Madinat Dubai Almelaheyah",158,158,ok,2869388.0,2928.35,2364888.0,4353388.0,100.0,Mina Rashid
2862,Binghatti Azure,binghatti-azure,https://datadubai.ae/projects/binghatti-azure/,Finished,100.0,2024-12-31,2023-12-15,2023-12-27,Binghatti Developers Fze,1051,binghatti-developers-fze,Sharjah Islamic Bank,650,37760.6,,,,"Binghatti Azure, Al Barsha South Fourth",157,848,ok,760000.0,1645.72,643750.0,1085000.0,0.0,Jumeirah Village Circle
1853,Casa Flores And Eden Apartments,casa-flores-and-eden-apartments,https://datadubai.ae/projects/casa-flores-and-eden-apartments/,Finished,100.0,2019-06-30,2016-07-20,2017-01-22,National Properties Owned By National Bonds Corporation Sole Proprietorship Psc Sole Proprietorship L.L.C,1149,national-properties-owned-by-national-bonds-corporation-sole-proprietorship-psc-sole-proprietorship-l-l-c,Dubai Islamic Bank (Public Joint Stock Company),276,53255.03,,25.043915,55.234605,"Casa Flores And Eden Apartments, Al Hebiah First",157,480,ok,1175000.0,900.0,916597.0,1409823.0,0.0,Motor City
2917,Adeba Azizi,adeba-azizi,https://datadubai.ae/projects/adeba-azizi/,Active,75.47,,2024-01-02,2024-02-15,Azizi Developments L.L.C,1002,azizi-developments-l-l-c,First Abu Dhabi Bank P.J.S.C.,304,22693.88,,,,"Adeba Azizi , Al Jadaf",155,199,ok,1481400.0,2037.89,944474.0,1825136.5,100.0,Dubai Health Care City Phase 2
4227,Avarra By Palace,avarra-by-palace,https://datadubai.ae/projects/avarra-by-palace/,Active,0.08,2031-06-30,2026-05-15,2025-11-20,Emaar Development P.J.S.C.,1211,emaar-development-p-j-s-c,Emirates Nbd Bank  (P.J.S.C),694,83718.31,,,,"Avarra By Palace, Business Bay",154,156,ok,3161949.0,3490.38,2800388.0,4760408.5,100.0,Business Bay
3780,Mbl Signature,mbl-signature,https://datadubai.ae/projects/mbl-signature/,Active,60.1,2027-03-31,2025-05-02,2025-06-17,Mag 10 Property Development Dmcc,2159,mag-10-property-development-dmcc,Abu Dhabi Commercial Bank,463,37757.67,,,,"Mbl Signature, Al Thanyah Fifth",152,228,ok,1530319.0,2303.43,1305574.0,2076299.75,100.0,Jumeirah Islands
3680,Soul By Vision,soul-by-vision,https://datadubai.ae/projects/soul-by-vision/,Active,62.05,2026-12-31,2025-05-31,2025-05-06,Vision Platinum Real Estate Development L.L.C,1823,vision-platinum-real-estate-development-l-l-c,The National Bank Of Fujairah P S C,176,15776.28,,,,"Soul By Vision, Me'Aisem First",152,176,ok,944950.0,1171.87,644650.0,1523503.0,100.0,International Media Production Zone
3659,Burj Capital,burj-capital,https://datadubai.ae/projects/burj-capital/,Active,1.5,2028-12-22,2025-06-21,2025-06-03,Centurion Capital One Properties L.L.C,2213,centurion-capital-one-properties-l-l-c,Banque Misr (Dubai Br),296,32955.92,,,,"Burj Capital , Business Bay",152,173,ok,3991650.0,,3075689.75,5459300.0,100.0,Business Bay
4141,Azizi Lina,azizi-lina,https://datadubai.ae/projects/azizi-lina/,Active,2.0,2028-09-30,2026-02-03,2026-04-02,Azizi Developments L.L.C,1002,azizi-developments-l-l-c,Ajman Bank /P.J.S.C,242,10633.25,,,,"Azizi Lina, Jabal Ali Industrial Second",152,168,ok,592000.0,1764.76,574200.0,611000.0,100.0,Down Town Jabal Ali
4299,Binghatti Luxuria,binghatti-luxuria,https://datadubai.ae/projects/binghatti-luxuria/,Active,0.0,2027-07-30,2026-01-01,2026-01-08,Binghatti Developers Fze,1051,binghatti-developers-fze,Mashreq Bank Psc,469,25364.0,,,,"Binghatti Luxuria, Al Barsha South Fifth",150,164,ok,1125000.0,1937.27,784999.0,1351749.0,100.0,Jumeirah Village Triangle
4232,Azizi Gabriel,azizi-gabriel,https://datadubai.ae/projects/azizi-gabriel/,Active,0.0,2028-07-04,2026-07-04,2026-07-22,Azizi Developments L.L.C,1002,azizi-developments-l-l-c,Ajman Bank /P.J.S.C,234,9844.66,,,,"Azizi Gabriel, Jabal Ali Industrial Second",150,156,ok,596000.0,1715.77,584325.0,847750.0,100.0,Down Town Jabal Ali
4106,Celesto Tower,celesto-tower,https://datadubai.ae/projects/celesto-tower/,Active,3.89,2027-12-31,2025-11-01,2025-10-08,Tarrad Development L.L.C,1921,tarrad-development-l-l-c,Mashreq Bank Psc,271,12754.98,,,,"Celesto Tower, Wadi Al Safa 5",150,154,ok,606346.0,1422.43,564232.0,823912.5,100.0,Dubai Land Residence Complex
3187,The Autograph-I Series,the-autograph-i-series,https://datadubai.ae/projects/the-autograph-i-series/,Active,3.97,2028-08-31,2025-03-31,2025-03-20,Green Properties Development Co. L.L.C,1198,green-properties-development-co-l-l-c,Mashreq Bank Psc,272,20764.84,,,,"The Autograph-I Series, Al Barsha South Fourth",149,271,ok,1394850.0,1657.22,1202850.0,1485850.0,100.0,Jumeirah Village Circle
3108,Taormina Village 1,taormina-village-1,https://datadubai.ae/projects/taormina-village-1/,Active,20.4,2027-12-20,2024-12-21,2024-09-24,Reportage Prime Properties L.L.C,1277,reportage-prime-properties-l-l-c,Commercial Bank Of Dubai(Psc),530,50591.88,,,,"Taormina Village 1 , Wadi Al Safa 3",149,269,ok,2075360.0,2362.58,1907777.0,2761704.0,100.0,
4274,City Walk Crestlane 5,city-walk-crestlane-5,https://datadubai.ae/projects/city-walk-crestlane-5/,Active,0.01,2030-04-25,2026-02-25,2025-12-10,Citywalk Residential 1 L.L.C,1109,citywalk-residential-1-l-l-c,Abu Dhabi Commercial Bank,161,22078.92,,,,"City Walk Crestlane 5, Al Wasl",149,150,ok,3591500.0,3406.52,2838750.0,4925000.0,100.0,City Walk
3212,Montage,montage,https://datadubai.ae/projects/montage/,Active,30.57,2027-08-31,2024-09-01,2025-01-27,Key Mavens Montage Real Estate Development L.L.C,1771,key-mavens-montage-real-estate-development-l-l-c,Arab Bank For Investment & Foreign Trade Almasref P.J.S.C.,251,18109.14,,,,"Montage, Al Jadaf",148,245,ok,1325357.5,1868.01,1202289.5,1716038.25,100.0,Jaddaf Waterfront
2861,The Central Downtown,the-central-downtown,https://datadubai.ae/projects/the-central-downtown/,Active,10.48,2028-03-31,2023-11-01,2024-01-19,Aqua Properties Fz -Llc,1331,aqua-properties-fz-llc,First Abu Dhabi Bank P.J.S.C.,1254,111543.29,,,,"The Central Downtown , Al Barshaa South Third",147,984,ok,1081888.0,1410.14,792388.0,1445722.0,100.0,Arjan
3303,Verdana Residence 3,verdana-residence-3,https://datadubai.ae/projects/verdana-residence-3/,Active,0.04,2028-09-30,2025-09-30,2026-02-03,Reportage Plus A Real Estate Development L.L.C,1936,reportage-plus-a-real-estate-development-l-l-c,Commercial Bank Of Dubai(Psc),278,20384.85,,,,"Verdana Residence 3, Dubai Investment Park First",147,166,ok,702104.0,1092.37,634349.0,882184.0,100.0,Dubai Investment Park First
3256,Binghatti Pinnacle,binghatti-pinnacle,https://datadubai.ae/projects/binghatti-pinnacle/,Finished,100.0,2025-12-31,2024-09-01,2024-11-14,Binghatti Developers Fze,1051,binghatti-developers-fze,Emirates Nbd Bank  (P.J.S.C),178,19130.78,,,,"Binghatti Pinnacle, Al Jadaf",147,155,ok,2389999.0,2129.9,1592499.0,2754999.0,100.0,Dubai Health Care City Phase 2
4259,Artistry One Residences,artistry-one-residences,https://datadubai.ae/projects/artistry-one-residences/,Active,0.0,2029-02-09,2026-02-09,2026-01-15,Select Global Development L.L.C,972,select-global-development-l-l-c,Emirates Nbd Bank  (P.J.S.C),232,31193.81,,,,"Artistry One Residences, Zaabeel Second",147,149,ok,3416000.0,3133.15,2481762.5,5192840.0,100.0,Business Park
443,Damac Towers By Paramount,damac-towers-by-paramount,https://datadubai.ae/projects/damac-towers-by-paramount/,Finished,100.0,2018-10-23,2008-03-27,2008-11-08,Damac Star Properties (L L C),907,damac-star-properties-l-l-c,Abu Dhabi Islamic Bank,2041,195258.72,,25.185952,55.291762,"Damac Towers By Paramount, Business Bay",146,2773,ok,1583376.0,1452.33,1300000.0,2055487.75,0.0,Business Bay
3719,Chelsea Residences By Damac,chelsea-residences-by-damac,https://datadubai.ae/projects/chelsea-residences-by-damac/,Active,5.19,2029-12-31,2025-07-19,2025-04-30,Damac Crest Development L.L.C,2117,damac-crest-development-l-l-c,Dubai Islamic Bank (Public Joint Stock Company),703,63603.74,,,,"Chelsea Residences By Damac, Madinat Dubai Almelaheyah",146,317,ok,3300500.0,2978.11,2374670.0,4591250.0,100.0,Dubai Maritime City
3829,Samana Barari Avenue,samana-barari-avenue,https://datadubai.ae/projects/samana-barari-avenue/,Active,4.57,2028-10-31,2025-06-01,2025-07-02,Samana Signature Real Estate Developments L.L.C,1598,samana-signature-real-estate-developments-l-l-c,Dubai Islamic Bank (Public Joint Stock Company),349,33692.45,,,,"Samana Barari Avenue, Wadi Al Safa 3",146,230,ok,1818186.0,,1547337.0,2051203.0,100.0,Majan
3717,Floarea Skies,floarea-skies,https://datadubai.ae/projects/floarea-skies/,Active,4.53,2028-12-31,2025-08-01,2025-06-19,Mashriq Elite Real Estate Development L.L.C,1542,mashriq-elite-real-estate-development-l-l-c,Abu Dhabi Commercial Bank,195,13699.48,,,,"Floarea Skies, Al Barsha South Fourth",146,159,ok,1148205.0,1492.84,795250.0,1239000.0,100.0,Jumeirah Village Circle
1620,Damac Hills - Carson,damac-hills-carson,https://datadubai.ae/projects/damac-hills-carson/,Finished,100.0,2022-03-29,2015-03-01,2014-12-29,Damac Crescent Properties,954,damac-crescent-properties,Abu Dhabi Commercial Bank,1575,80256.51,,25.024648,55.24345,"Damac Hills - Carson , Al Hebiah Third",145,2224,ok,570000.0,1362.68,545000.0,650000.0,0.0,DAMAC HILLS
3767,Beverly Grande,beverly-grande,https://datadubai.ae/projects/beverly-grande/,Active,0.47,2027-12-31,2025-08-15,2025-05-28,H M B Homes Real Estate Development,1220,h-m-b-homes-real-estate-development,Mashreq Bank Psc,296,21885.82,,,,"Beverly Grande, Al Hebiah First",144,145,ok,1147252.5,1550.37,799750.0,1554500.0,100.0,Motor City
4221,Bararigate By Ade,bararigate-by-ade,https://datadubai.ae/projects/bararigate-by-ade/,Active,0.0,2028-12-31,2026-01-13,2026-01-05,A D E Properties L.L.C,1551,a-d-e-properties-l-l-c,Emirates Nbd Bank  (P.J.S.C),282,21909.39,,,,"Bararigate By Ade, Wadi Al Safa 3",144,145,ok,732000.0,1601.18,723000.0,1231175.0,100.0,Majan
2965,Eleve By Deyaar,eleve-by-deyaar,https://datadubai.ae/projects/eleve-by-deyaar/,Active,15.7,,2024-10-31,2024-02-27,Deyaar Development (P.J.S.C),15,deyaar-development-p-j-s-c,Emirates Nbd Bank  (P.J.S.C),818,74732.92,,,,"Eleve By Deyaar, Jabal Ali Industrial Second",143,782,ok,1554983.0,1342.92,1462932.75,1647883.25,100.0,Down Town Jabal Ali
3669,Damac Riverside Views - Royal 3&4,damac-riverside-views-royal-3-and-4,https://datadubai.ae/projects/damac-riverside-views-royal-3-and-4/,Active,5.39,2029-03-31,2025-08-11,2025-05-12,Damac Mry Investment L.L.C,1866,damac-mry-investment-l-l-c,Mashreq Bank Psc,466,38935.2,,,,"Damac Riverside Views - Royal 3&4, Dubai Investment Park Second",143,447,ok,1214000.0,1474.01,1097000.0,1301500.0,100.0,
3020,Azizi Jewel,azizi-jewel,https://datadubai.ae/projects/azizi-jewel/,Active,26.58,,2024-03-21,2024-06-04,Azizi Developments L.L.C,1002,azizi-developments-l-l-c,First Abu Dhabi Bank P.J.S.C.,280,12441.62,,,,"Azizi Jewel , Jabal Ali First",143,228,ok,544500.0,1518.72,535000.0,571500.0,100.0,Al Furjan
4076,Azizi Wares,azizi-wares,https://datadubai.ae/projects/azizi-wares/,Active,2.0,2028-03-04,2026-03-04,2026-04-02,Azizi Developments L.L.C,1002,azizi-developments-l-l-c,Ajman Bank /P.J.S.C,336,14195.25,,,,"Azizi Wares, Jabal Ali Industrial Second",143,157,ok,591030.0,1720.17,575720.0,797000.0,100.0,Down Town Jabal Ali
4148,Vincitore Wellness Estate,vincitore-wellness-estate,https://datadubai.ae/projects/vincitore-wellness-estate/,Active,0.0,2030-02-15,2025-12-15,2025-12-15,Vincitore Premium Real Estate Development L.L.C,1473,vincitore-premium-real-estate-development-l-l-c,Mashreq Bank Psc,1475,116487.75,,,,"Vincitore Wellness Estate, Wadi Al Safa 3",143,151,ok,1253000.0,1859.05,896000.0,1413900.0,100.0,Majan
4278,Verdana 4,verdana-4,https://datadubai.ae/projects/verdana-4/,Active,0.13,2028-09-30,2025-09-30,2026-02-03,Reportage Plus A Real Estate Development L.L.C,1936,reportage-plus-a-real-estate-development-l-l-c,Commercial Bank Of Dubai(Psc),306,33936.14,,,,"Verdana 4, Dubai Investment Park First",143,146,ok,1356043.0,1262.63,1264104.5,1599881.0,100.0,Dubai Investment Park First
4485,The Woods,the-woods,https://datadubai.ae/projects/the-woods/,Active,0.0,2030-12-30,2026-12-30,2026-07-17,Sobha L.L.C,966,sobha-l-l-c,Dubai Islamic Bank (Public Joint Stock Company),1267,83633.85,,,,"The Woods, Al Yufrah 1",142,201,ok,1033348.0,1875.0,1010988.0,1052993.25,100.0,
4460,Enchante By Grid,enchante-by-grid,https://datadubai.ae/projects/enchante-by-grid/,Active,0.0,2028-12-15,2026-05-25,2026-04-30,Grid Viv Real Estate Development L.L.C,2634,grid-viv-real-estate-development-l-l-c,Sharjah Islamic Bank,286,17976.24,,,,"Enchante By Grid, Al Barshaa South Third",142,148,ok,693000.0,1767.13,586000.0,1125500.0,100.0,Arjan
3612,Reem By Vision,reem-by-vision,https://datadubai.ae/projects/reem-by-vision/,Active,53.14,2026-12-31,2025-05-31,2025-04-30,Clear Vision Real Estate Development L.L.C,1806,clear-vision-real-estate-development-l-l-c,The National Bank Of Fujairah P S C,200,16726.67,,,,"Reem By Vision, Wadi Al Safa 2",141,192,ok,889000.0,1133.77,740600.0,1340200.0,100.0,Liwan1
3472,Bellavion By Sunrise,bellavion-by-sunrise,https://datadubai.ae/projects/bellavion-by-sunrise/,Active,10.3,2027-12-01,2025-05-01,2025-03-20,Sunrise Capital Real Estate Development L.L.C,1481,sunrise-capital-real-estate-development-l-l-c,Mashreq Bank Psc,275,28556.56,,,,"Bellavion By Sunrise, Jabal Ali First",141,161,ok,1160000.0,1403.75,1057875.0,1685600.0,100.0,Wasl Gate
4136,Greencrest,greencrest,https://datadubai.ae/projects/greencrest/,Active,1.2,2029-06-30,2025-11-22,2025-10-10,Dubai Hills Estate L.L.C,984,dubai-hills-estate-l-l-c,Mashreq Bank Psc,195,22339.61,,,,"Greencrest, Hadaeq Sheikh Mohammed Bin Rashid",141,141,ok,1803888.0,2138.24,1623888.0,3416532.0,100.0,Dubai Hills Estate
3810,Hayat 3,hayat-3,https://datadubai.ae/projects/hayat-3/,Active,0.0,2028-05-30,2026-01-30,2025-06-17,Dubai South Properties Dwc Llc,1142,dubai-south-properties-dwc-llc,Emirates Nbd Bank  (P.J.S.C),144,43853.44,,,,"Hayat 3 , Madinat Al Mataar",140,141,ok,4332935.0,1352.71,3712117.0,4747335.75,100.0,Dubai World Central
2259,Aura,aura,https://datadubai.ae/projects/aura/,Finished,100.0,2024-08-31,2021-11-06,2021-06-10,Majid Al Futtaim Tilal Al Ghaf Phase A L.L.C,1228,majid-al-futtaim-tilal-al-ghaf-phase-a-l-l-c,Emirates Nbd Bank  (P.J.S.C),540,101195.64,,,,"Aura, Al Hebiah Fourth",138,1420,ok,4999000.0,2565.76,4200000.0,6337500.0,0.0,TILAL AL GHAF
4264,Verdana Residence 5,verdana-residence-5,https://datadubai.ae/projects/verdana-residence-5/,Active,0.0,2028-09-30,2025-09-30,2026-01-30,Reportage Plus A Real Estate Development L.L.C,1936,reportage-plus-a-real-estate-development-l-l-c,Commercial Bank Of Dubai(Psc),392,30812.43,,,,"Verdana Residence 5, Dubai Investment Park First",138,153,ok,865000.0,1240.19,634937.5,1168900.0,100.0,Dubai Investment Park First
4074,Samana Hills South 3,samana-hills-south-3,https://datadubai.ae/projects/samana-hills-south-3/,Active,4.6,2028-08-31,2025-09-01,2025-12-08,Samana Signature Real Estate Developments L.L.C,1598,samana-signature-real-estate-developments-l-l-c,Emirates Nbd Bank  (P.J.S.C),147,8791.25,,,,"Samana Hills South 3, Saih Shuaib 2",138,142,ok,916752.5,1500.9,830030.25,995364.0,100.0,
3809,Hayat 2,hayat-2,https://datadubai.ae/projects/hayat-2/,Active,0.0,2028-05-31,2026-01-10,2025-06-17,Dubai South Properties Dwc Llc,1142,dubai-south-properties-dwc-llc,Emirates Nbd Bank  (P.J.S.C),142,43638.3,,,,"Hayat 2, Madinat Al Mataar",138,139,ok,4384909.0,1425.72,3857466.0,5237308.75,100.0,Dubai World Central
1527,Al Khail Heights,al-khail-heights,https://datadubai.ae/projects/al-khail-heights/,Finished,100.0,2017-01-21,2013-11-15,2014-05-29,Al Khail Heights L.L.C,1008,al-khail-heights-l-l-c,Dubai Islamic Bank (Public Joint Stock Company),392,140109.37,,25.155375,55.253401,"Al Khail Heights, Al Goze Fourth",137,3023,ok,960000.0,884.4,700000.0,1350000.0,0.0,Al Khail Towers
3428,The Boulevard By Prestige One,the-boulevard-by-prestige-one,https://datadubai.ae/projects/the-boulevard-by-prestige-one/,Active,4.82,2027-11-30,2025-07-01,2025-01-31,Prestige The Boulevard Real Estate Development L.L.C,2083,prestige-the-boulevard-real-estate-development-l-l-c,Emirates Nbd Bank  (P.J.S.C),387,23616.9,,,,"The Boulevard By Prestige One , Wadi Al Safa 5",137,376,ok,698400.0,1384.86,595000.0,740520.0,100.0,Dubai Land Residence Complex
4330,Oxford Cove,oxford-cove,https://datadubai.ae/projects/oxford-cove/,Active,0.0,2029-03-30,2026-05-10,2026-05-08,Iman Developers L.L.C,1178,iman-developers-l-l-c,Dubai Islamic Bank (Public Joint Stock Company),253,16601.36,,,,"Oxford Cove, Al Barsha South Fourth",137,143,ok,1086489.0,1564.07,754142.0,1222636.0,100.0,Jumeirah Village Circle
2789,Red Square,red-square,https://datadubai.ae/projects/red-square/,Active,26.71,,2024-01-01,2024-02-23,Tiger Properties,581,tiger-properties,First Abu Dhabi Bank P.J.S.C.,835,41252.16,,,,"Red Square, Al Barsha South Fifth",136,736,ok,917418.5,1705.36,665553.0,1126360.25,100.0,Jumeirah Village Triangle
3375,Damac Riverside Views - Marine 4,damac-riverside-views-marine-4,https://datadubai.ae/projects/damac-riverside-views-marine-4/,Active,21.17,2028-05-31,2025-01-29,2024-11-22,Damac Mry Investment L.L.C,1866,damac-mry-investment-l-l-c,First Abu Dhabi Bank P.J.S.C.,276,22421.49,,,,"Damac Riverside Views - Marine 4, Dubai Investment Park Second",135,258,ok,1176000.0,1444.0,1077500.0,1304500.0,100.0,
1637,Town Square Zahra,town-square-zahra,https://datadubai.ae/projects/town-square-zahra/,Finished,100.0,2019-08-30,2015-06-01,2015-03-02,Nshmi Development L.L.C,1063,nshmi-development-l-l-c,Dubai Islamic Bank (Public Joint Stock Company),1518,227500.03,,25.007846,55.292874,"Town Square Zahra, Al Yelayiss 2",134,2549,ok,1200000.0,1244.54,1092500.0,1887500.0,0.0,TOWN SQUARE
4369,Damac Islands 2 - Antigua 1,damac-islands-2-antigua-1,https://datadubai.ae/projects/damac-islands-2-antigua-1/,Active,0.32,2030-12-31,2026-07-15,2026-03-25,Damac Prime Development L.L.C,2464,damac-prime-development-l-l-c,Mashreq Bank Psc,468,83137.75,,,,"Damac Islands 2 - Antigua 1, Al Yelayiss 1",134,151,ok,2994000.0,1931.61,2874240.0,4591750.0,100.0,
4005,Weybridge Gardens 5,weybridge-gardens-5,https://datadubai.ae/projects/weybridge-gardens-5/,Active,0.04,2027-09-15,2025-09-01,2025-09-04,Leos Development L.L.C,1494,leos-development-l-l-c,Abu Dhabi Commercial Bank,168,13867.43,,,,"Weybridge Gardens 5, Wadi Al Safa 5",134,134,ok,816921.5,1529.89,754526.25,1212614.25,100.0,Dubai Land Residence Complex
1816,"The St. Regis Residences, Downtown Dubai",the-st-regis-residences-downtown-dubai,https://datadubai.ae/projects/the-st-regis-residences-downtown-dubai/,Active,76.05,2026-12-25,2017-02-28,2016-10-03,Emaar Development P.J.S.C.,1211,emaar-development-p-j-s-c,Dubai Islamic Bank (Public Joint Stock Company),1108,563676.34,,25.194267,55.270759,"The St. Regis Residences, Downtown Dubai, Burj Khalifa",133,1564,ok,3750000.0,3071.79,2737500.0,4200000.0,100.0,DownTown Dubai
3745,Akala Hotels And Residences,akala-hotels-and-residences,https://datadubai.ae/projects/akala-hotels-and-residences/,Active,0.1,2029-10-31,2026-05-01,2025-05-20,Arada Developments L.L.C S.O.C,1409,arada-developments-l-l-c-s-o-c,Commercial Bank Of Dubai(Psc),546,126324.2,,,,"Akala Hotels And Residences, Zaabeel Second",133,186,ok,6240000.0,4182.88,3905000.0,8710000.0,100.0,Dubai International Financial Center
4133,Wynwood Horizon By Imtiaz,wynwood-horizon-by-imtiaz,https://datadubai.ae/projects/wynwood-horizon-by-imtiaz/,Active,9.59,2028-10-30,2025-11-15,2025-10-31,Imtiaz Gi Real Estate Development L.L.C,2323,imtiaz-gi-real-estate-development-l-l-c,Ajman Bank /P.J.S.C,165,17763.06,,,,"Wynwood Horizon By Imtiaz, Bukadra",133,134,ok,2223821.0,2317.32,2001813.0,2978111.0,100.0,
3749,Olbia,olbia,https://datadubai.ae/projects/olbia/,Active,0.0,2028-05-31,2026-01-30,2025-05-28,Nshama Properties Owned By Nshmi Development One Person Company L.L.C,1162,nshama-properties-owned-by-nshmi-development-one-person-company-l-l-c,First Abu Dhabi Bank P.J.S.C.,156,13083.85,,,,"Olbia, Al Yelayiss 2",133,133,ok,1374888.0,1603.27,1035888.0,1508888.0,100.0,TOWN SQUARE
2611,The Edge,the-edge,https://datadubai.ae/projects/the-edge/,Finished,100.0,2026-10-11,2023-06-09,2023-05-01,Select Global Development L.L.C,972,select-global-development-l-l-c,Emirates Nbd Bank  (P.J.S.C),1030,65564.27,,,,"The Edge, Business Bay",132,1300,ok,1525000.0,2444.94,1380000.0,1996250.0,100.0,Business Bay
3534,Vida Residences Hillside,vida-residences-hillside,https://datadubai.ae/projects/vida-residences-hillside/,Active,10.0,2029-05-31,2025-06-30,2025-02-11,Dubai Hills Estate L.L.C,984,dubai-hills-estate-l-l-c,Emirates Islamic Bank P.J.S.C.,500,49683.63,,,,"Vida Residences Hillside, Hadaeq Sheikh Mohammed Bin Rashid",132,436,ok,2063388.0,2514.72,1935888.0,3276388.0,100.0,Dubai Hills Estate
3058,Skyhills Iii By Hre,skyhills-iii-by-hre,https://datadubai.ae/projects/skyhills-iii-by-hre/,Active,75.66,2026-06-01,2024-06-01,2024-05-15,Hre Real Estate Development L.L.C,1669,hre-real-estate-development-l-l-c,Sharjah Islamic Bank,516,39705.67,,,,"Skyhills Iii By Hre, Al Barsha South Fourth",132,429,ok,1431012.0,1609.33,1074549.25,1756654.0,100.0,Jumeirah Village Circle
3540,The Element At Sobha One,the-element-at-sobha-one,https://datadubai.ae/projects/the-element-at-sobha-one/,Active,11.12,2029-12-31,2025-05-01,2025-03-17,Sobha L.L.C,966,sobha-l-l-c,First Abu Dhabi Bank P.J.S.C.,401,54133.22,,,,"The Element At Sobha One, Ras Al Khor Industrial First",132,274,ok,3166393.0,2590.0,1903875.0,4741473.0,100.0,
1612,The Fields At D11 - Mbrmc,the-fields-at-d11-mbrmc,https://datadubai.ae/projects/the-fields-at-d11-mbrmc/,Finished,100.0,2023-05-31,2014-12-01,2014-11-17,G&Co Real Estate Development Llc - Fz,946,g-and-co-real-estate-development-llc-fz,Bank Of Sharjah,1028,231594.9,,25.118543,55.342785,"The Fields At D11 - Mbrmc, Wadi Al Safa 3",131,1492,ok,3800000.0,1612.99,3500000.0,4275000.0,0.8,Mohammed Bin Rashid AL Maktoum District 11
3828,Avenew888 - Modo,avenew888-modo,https://datadubai.ae/projects/avenew888-modo/,Active,15.48,2028-03-15,2025-11-15,2025-07-04,Avenew Real Estate Development L.L.C,1511,avenew-real-estate-development-l-l-c,Dubai Islamic Bank (Public Joint Stock Company),224,23328.88,,,,"Avenew888 - Modo, Madinat Al Mataar",131,182,ok,1378000.0,1327.04,1279000.0,1527000.0,100.0,Dubai South Residential District
3344,Ember At Park Five,ember-at-park-five,https://datadubai.ae/projects/ember-at-park-five/,Active,18.24,2027-06-01,2025-04-01,2024-12-16,Deyaar Development (P.J.S.C),15,deyaar-development-p-j-s-c,Dubai Islamic Bank (Public Joint Stock Company),205,19010.44,,,,"Ember At Park Five, Me'Aisem First",130,199,ok,1099612.5,1338.67,1023352.5,1194956.5,100.0,International Media Production Zone
4096,Azizi David,azizi-david,https://datadubai.ae/projects/azizi-david/,Active,2.0,2028-09-30,2026-02-03,2026-02-18,Azizi Developments L.L.C,1002,azizi-developments-l-l-c,Ajman Bank /P.J.S.C,256,10934.03,,,,"Azizi David, Al Jadaf",130,138,ok,837720.0,2362.42,793725.0,1313707.5,100.0,Sama Al Jadaf
3875,Grand Polo - Selvara 4,grand-polo-selvara-4,https://datadubai.ae/projects/grand-polo-selvara-4/,Active,2.88,2029-05-31,2025-11-02,2025-07-21,Emaar Development P.J.S.C.,1211,emaar-development-p-j-s-c,Abu Dhabi Commercial Bank,173,56180.97,,,,"Grand Polo - Selvara 4, Dubai Investment Park Second",130,130,ok,6862888.0,,6702429.0,7015888.0,0.0,
4025,Samana Hills South 2,samana-hills-south-2,https://datadubai.ae/projects/samana-hills-south-2/,Active,5.26,2028-08-31,2025-09-01,2025-09-04,Samana Signature Real Estate Developments L.L.C,1598,samana-signature-real-estate-developments-l-l-c,Abu Dhabi Commercial Bank,140,7210.23,,,,"Samana Hills South 2, Saih Shuaib 2",130,130,ok,852051.0,1554.48,645007.5,933750.0,100.0,
4158,Mirdad,mirdad,https://datadubai.ae/projects/mirdad/,Active,2.83,2028-12-31,2025-08-01,2025-10-29,Mirdad Real Estate Development L.L.C,2342,mirdad-real-estate-development-l-l-c,Dubai Islamic Bank (Public Joint Stock Company),1114,104480.78,,25.048591,55.228861,"Mirdad, Al Hebiah First",129,135,ok,1437514.0,1880.55,1312026.0,1602140.0,100.0,Motor City
3784,Wynwood Residences By Imtiaz,wynwood-residences-by-imtiaz,https://datadubai.ae/projects/wynwood-residences-by-imtiaz/,Active,16.0,2027-09-30,2025-06-15,2025-07-01,Imtiaz Gi Real Estate Development L.L.C,2323,imtiaz-gi-real-estate-development-l-l-c,Ajman Bank /P.J.S.C,146,17623.11,,,,"Wynwood Residences By Imtiaz, Palm Deira",127,140,ok,2482810.0,2333.36,2239482.5,2923013.5,100.0,Palm Deira
4090,Lumena Alta By Omniyat,lumena-alta-by-omniyat,https://datadubai.ae/projects/lumena-alta-by-omniyat/,Active,0.0,2031-04-30,2026-06-30,2026-03-30,Azure Horizon Real Estate Developments L.L.C,2493,azure-horizon-real-estate-developments-l-l-c,Mashreq Bank Psc,186,111146.49,,,,"Lumena Alta By Omniyat, Business Bay",127,136,ok,23171000.0,,15317000.0,29613000.0,100.0,Business Bay
1462,Burj Khalifa Towers,burj-khalifa-towers,https://datadubai.ae/projects/burj-khalifa-towers/,Finished,100.0,2012-01-01,2004-01-01,2014-01-26,Emaar Properties (P.J.S.C),555,emaar-properties-p-j-s-c,,1080,332636.57,,25.197282,55.273968,"Burj Khalifa Towers, Burj Khalifa",126,2362,ok,4700000.0,2916.77,3150000.0,6150000.0,0.0,DownTown Dubai
3611,Sparklz By Danube,sparklz-by-danube,https://datadubai.ae/projects/sparklz-by-danube/,Active,7.75,2028-05-31,2025-06-01,2025-04-14,Danube Properties Development L.L.C,1009,danube-properties-development-l-l-c,Ajman Bank /P.J.S.C,358,32082.34,,,,"Sparklz By Danube , Jabal Ali First",126,322,ok,1824363.0,1676.7,1650330.0,1880000.0,99.2,Al Furjan
3801,City Walk Crestlane 1,city-walk-crestlane-1,https://datadubai.ae/projects/city-walk-crestlane-1/,Active,0.19,2029-09-30,2025-09-08,2025-06-12,Citywalk Residential 1 L.L.C,1109,citywalk-residential-1-l-l-c,National Bank Of Ras Al- Khaimah (P.S.C),202,26271.26,,,,"City Walk Crestlane 1, Al Wasl",125,198,ok,3069500.0,3262.49,2676000.0,4330250.0,100.0,City Walk
3317,W Residences At Dubai Harbour,w-residences-at-dubai-harbour,https://datadubai.ae/projects/w-residences-at-dubai-harbour/,Active,2.04,2028-12-31,2025-06-15,2024-10-18,Arada Developments L.L.C S.O.C,1409,arada-developments-l-l-c-s-o-c,National Bank Of Ras Al- Khaimah (P.S.C),494,104554.13,,,,"W Residences At Dubai Harbour, Marsa Dubai",124,337,ok,7336500.0,4688.54,5079000.0,7800000.0,100.0,Dubai Harbour
3792,Avant Garde Residences Ii By Skyline,avant-garde-residences-ii-by-skyline,https://datadubai.ae/projects/avant-garde-residences-ii-by-skyline/,Active,7.33,2028-09-30,2025-10-01,2025-07-25,Skyline Builders Real Estate L.L.C,1603,skyline-builders-real-estate-l-l-c,First Abu Dhabi Bank P.J.S.C.,223,16490.57,,,,"Avant Garde Residences Ii By Skyline, Al Barsha South Fourth",124,126,ok,1141181.5,1459.99,750720.25,1184613.0,100.0,Jumeirah Village Circle
2066,Sobha Creek Vistas,sobha-creek-vistas,https://datadubai.ae/projects/sobha-creek-vistas/,Finished,100.0,2022-01-17,2018-08-16,2018-05-15,Sobha L.L.C,966,sobha-l-l-c,Dubai Islamic Bank (Public Joint Stock Company),784,46753.44,,,,"Sobha Creek Vistas, Al Merkadh",123,1241,ok,1180000.0,1927.96,995766.0,1511250.0,0.0,SOBHA HARTLAND
2194,The Haven,the-haven,https://datadubai.ae/projects/the-haven/,Finished,100.0,2025-07-12,2023-03-01,2023-08-21,Meraki Real Estate Development L.L.C,1230,meraki-real-estate-development-l-l-c,Dubai Islamic Bank (Public Joint Stock Company),326,22949.4,,,,"The Haven, Wadi Al Safa 3",122,471,ok,1012500.0,1432.33,712750.0,1128750.0,0.0,Majan
3808,Silena Residences,silena-residences,https://datadubai.ae/projects/silena-residences/,Active,3.83,2028-05-30,2025-12-01,2025-08-27,Avenew Real Estate Development L.L.C,1511,avenew-real-estate-development-l-l-c,Dubai Islamic Bank (Public Joint Stock Company),137,21512.47,,,,"Silena Residences, Palm Deira",122,122,ok,3243000.0,3567.49,2781500.0,4927000.0,100.0,Palm Deira
4125,Sky Line By Peace Homes,sky-line-by-peace-homes,https://datadubai.ae/projects/sky-line-by-peace-homes/,Active,0.0,2030-05-30,2026-05-01,2026-01-13,Peace Homes Real Estate L.L.C,1983,peace-homes-real-estate-l-l-c,Abu Dhabi Commercial Bank,565,36073.05,,,,"Sky Line By Peace Homes, Wadi Al Safa 5",121,139,ok,753849.0,1502.01,719000.0,1000000.0,100.0,Dubai Land Residence Complex
4024,Azizi Abraham,azizi-abraham,https://datadubai.ae/projects/azizi-abraham/,Active,2.0,2027-08-04,2026-07-04,2026-08-04,Azizi Developments L.L.C,1002,azizi-developments-l-l-c,Ajman Bank /P.J.S.C,420,27686.92,,,,"Azizi Abraham, Jabal Ali Industrial Second",120,183,ok,551000.0,1547.91,541765.0,875440.0,100.0,Down Town Jabal Ali
2356,Damac Lagoons - Portofino,damac-lagoons-portofino,https://datadubai.ae/projects/damac-lagoons-portofino/,Active,97.14,2025-06-29,2022-04-24,2022-01-31,Island Oasis Properties,921,island-oasis-properties,Emirates Nbd Bank  (P.J.S.C),867,169471.2,,,,"Damac Lagoons - Portofino, Al Hebiah Fifth",119,1333,ok,2775000.0,,2500000.0,3400000.0,0.0,DAMAC Lagoons
1619,Seventh Heaven - Ashjar,seventh-heaven-ashjar,https://datadubai.ae/projects/seventh-heaven-ashjar/,Finished,100.0,2022-12-30,2014-12-01,2014-12-28,Abwab Real Estate Limited Co (L.L.C),670,abwab-real-estate-limited-co-l-l-c,Commercial Bank Of Dubai(Psc),302,53461.16,,25.100156,55.315728,"Seventh Heaven - Ashjar, Wadi Al Safa 3",119,528,ok,2200000.0,1738.23,1633026.0,2596788.0,0.0,Al Barari
3203,Azizi Neila,azizi-neila,https://datadubai.ae/projects/azizi-neila/,Active,17.05,2027-07-30,2024-07-23,2024-09-02,Azizi Developments L.L.C,1002,azizi-developments-l-l-c,First Abu Dhabi Bank P.J.S.C.,274,12511.78,,,,"Azizi Neila, Jabal Ali First",119,206,ok,575000.0,1596.37,562000.0,927455.0,100.0,Al Furjan
4258,The Cape,the-cape,https://datadubai.ae/projects/the-cape/,Active,0.71,2028-12-31,2026-01-15,2026-01-27,Barari Three Real Estate Development L.L.C,1740,barari-three-real-estate-development-l-l-c,National Bank Of Ras Al- Khaimah (P.S.C),286,50890.47,,,,"The Cape, Wadi Al Safa 3",119,123,ok,5648534.5,2943.53,4418750.0,6728550.0,100.0,Al Barari
2065,Seven City Jlt,seven-city-jlt,https://datadubai.ae/projects/seven-city-jlt/,Active,28.37,2025-11-24,2018-07-01,2018-05-24,Seven Tides Real Estate Development L.L.C,1179,seven-tides-real-estate-development-l-l-c,Dubai Islamic Bank (Public Joint Stock Company),2666,165767.02,,,,"Seven City Jlt, Al Thanyah Fifth",118,3575,ok,672308.5,1263.43,547500.0,950000.0,100.0,Jumeirah Islands
2379,Torino By Oro24,torino-by-oro24,https://datadubai.ae/projects/torino-by-oro24/,Finished,100.0,2024-07-08,2022-07-08,2022-03-16,Oro24 Real Estate Development L.L.C,1369,oro24-real-estate-development-l-l-c,Mashreq Bank Psc,625,29532.9,,,,"Torino By Oro24, Al Barshaa South Third",118,819,ok,800000.0,1639.26,621250.0,941250.0,4.2,Arjan
2490,Maha Townhouses,maha-townhouses,https://datadubai.ae/projects/maha-townhouses/,Finished,100.0,2025-08-31,2023-03-01,2022-11-14,Nshama Properties Owned By Nshmi Development One Person Company L.L.C,1162,nshama-properties-owned-by-nshmi-development-one-person-company-l-l-c,First Abu Dhabi Bank P.J.S.C.,501,174515.89,,,,"Maha Townhouses , Al Yelayiss 2",118,793,ok,3000000.0,1494.71,2876250.0,3337500.0,0.0,TOWN SQUARE
3513,Sola Residences,sola-residences,https://datadubai.ae/projects/sola-residences/,Active,23.58,2027-09-15,2025-03-15,2025-02-05,Sola Residences Real Estate Development L.L.C,2135,sola-residences-real-estate-development-l-l-c,Emirates Islamic Bank P.J.S.C.,260,23813.43,,,,"Sola Residences, Jabal Ali First",118,239,ok,1322905.0,1361.18,1119672.5,1443378.0,100.0,Wasl Gate
4067,Grand Polo - Chevalia Estate 2,grand-polo-chevalia-estate-2,https://datadubai.ae/projects/grand-polo-chevalia-estate-2/,Active,4.09,2029-06-30,2026-02-16,2025-09-10,Emaar Development P.J.S.C.,1211,emaar-development-p-j-s-c,Dubai Islamic Bank (Public Joint Stock Company),124,74844.62,,,,"Grand Polo - Chevalia Estate 2, Dubai Investment Park Second",118,118,ok,8086888.0,,7921138.0,10073666.0,0.0,
1538,The Polo Residence,the-polo-residence,https://datadubai.ae/projects/the-polo-residence/,Finished,100.0,2017-05-17,2014-10-05,2014-06-15,Igo Property Development L.L.C - Fz,992,igo-property-development-l-l-c-fz,Emirates Nbd Bank  (P.J.S.C),840,104701.08,,25.151141,55.296287,"The Polo Residence, Nad Al Shiba First",117,1592,ok,2200000.0,1544.95,1188003.0,2524500.0,0.0,Meydan Racecourse Community
2745,The First Collection At Dubai Sports City,the-first-collection-at-dubai-sports-city,https://datadubai.ae/projects/the-first-collection-at-dubai-sports-city/,Active,59.39,2027-11-30,2023-11-01,2024-03-06,Tfg International Real Estate Development L.L.C,1670,tfg-international-real-estate-development-l-l-c,Arab Bank Plc,478,16232.39,,,,"The First Collection At Dubai Sports City, Al Hebiah Fourth",117,565,ok,1075000.0,,1075000.0,1135000.0,100.0,Dubai Sports City
3665,Damac Riverside Views - Indigo 1,damac-riverside-views-indigo-1,https://datadubai.ae/projects/damac-riverside-views-indigo-1/,Active,6.19,2029-03-31,2025-08-11,2025-05-11,Damac Mry Investment L.L.C,1866,damac-mry-investment-l-l-c,Mashreq Bank Psc,493,42828.5,,,,"Damac Riverside Views - Indigo 1, Dubai Investment Park Second",117,436,ok,1221000.0,1524.21,1113000.0,1696000.0,100.0,
3562,Al Haseen Residence 4,al-haseen-residence-4,https://datadubai.ae/projects/al-haseen-residence-4/,Active,11.76,2026-12-30,2025-06-29,2025-04-04,Dugasta Properties Development L.L.C,1157,dugasta-properties-development-l-l-c,Emirates Nbd Bank  (P.J.S.C),248,9553.54,,,,"Al Haseen Residence 4, Saih Shuaib 2",117,146,ok,573418.0,1455.01,550941.0,593631.5,100.0,
3057,Skyhills Ii By Hre,skyhills-ii-by-hre,https://datadubai.ae/projects/skyhills-ii-by-hre/,Active,95.0,2026-06-01,2024-06-01,2024-05-15,Hre Real Estate Development L.L.C,1669,hre-real-estate-development-l-l-c,Sharjah Islamic Bank,529,38988.89,,,,"Skyhills Ii By Hre , Al Barsha South Fourth",116,499,ok,1246548.0,1569.2,766304.75,1724644.25,100.0,Jumeirah Village Circle
3382,Eden House The Park,eden-house-the-park,https://datadubai.ae/projects/eden-house-the-park/,Active,63.56,2027-02-25,2024-11-07,2024-11-28,H & H Development L.L.C,1751,h-and-h-development-l-l-c,Emirates Nbd Bank  (P.J.S.C),466,90907.19,,,,"Eden House The Park, Al Wasl",116,312,ok,7528905.5,4005.99,4337839.75,9062215.5,100.0,Dubai Water Canal
3289,Allura Residences By Citi Developers,allura-residences-by-citi-developers,https://datadubai.ae/projects/allura-residences-by-citi-developers/,Active,7.79,2027-07-27,2024-12-15,2025-02-18,Citi Developers Real Estate Development L.L.C,1610,citi-developers-real-estate-development-l-l-c,The National Bank Of Fujairah P S C,264,18799.18,,,,"Allura Residences By Citi Developers, Al Barsha South Fourth",116,221,ok,1087091.5,1465.2,706054.75,1494348.0,100.0,Jumeirah Village Circle
3555,Leven Residences,leven-residences,https://datadubai.ae/projects/leven-residences/,Active,23.29,2027-11-15,2025-04-01,2025-04-29,Metrical Real Estate Development L.L.C,1283,metrical-real-estate-development-l-l-c,Abu Dhabi Commercial Bank,228,17226.9,,,,"Leven Residences, Al Barsha South Fifth",116,198,ok,1165410.5,1580.99,1062179.5,1346020.75,100.0,Jumeirah Village Triangle
2033,Mag Eye Phase 1,mag-eye-phase-1,https://datadubai.ae/projects/mag-eye-phase-1/,Finished,100.0,2024-08-16,2018-05-01,2018-03-25,Mag Eye Real Estate Development - Fz,1225,mag-eye-real-estate-development-fz,Emirates Nbd Bank  (P.J.S.C),128,5780.29,,25.142225,55.283762,"Mag Eye Phase 1, Hadaeq Sheikh Mohammed Bin Rashid",115,2373,ok,1265000.0,1850.33,780000.0,2943750.0,0.0,HADAEQ SHEIKH MOHAMMED BIN RASHID - DISRICT 7
336,Hera Tower,hera-tower,https://datadubai.ae/projects/hera-tower/,Finished,100.0,2022-02-07,2015-12-01,2015-08-24,Titans Real Estate Developers L.L.C,1096,titans-real-estate-developers-l-l-c,Commercial Bank International P.J.S.C,531,32658.11,,25.040466,55.222347,"Hera Tower, Al Hebiah Fourth",115,762,ok,642000.0,975.84,395000.0,900000.0,0.0,Dubai Sports City
3545,Bliss Tower,bliss-tower,https://datadubai.ae/projects/bliss-tower/,Active,64.82,2026-12-15,2024-08-15,2025-06-17,Pure Bliss Development L.L.C,2180,pure-bliss-development-l-l-c,The National Bank Of Fujairah P S C,131,12149.74,,,,"Bliss Tower , Wadi Al Safa 5",115,115,ok,1072518.0,1239.14,1002707.5,1381153.5,100.0,Dubai Land Residence Complex
3362,The Community - Sports Arena,the-community-sports-arena,https://datadubai.ae/projects/the-community-sports-arena/,Active,22.42,2027-10-31,2024-10-01,2024-11-29,Aqua Properties Fz -Llc,1331,aqua-properties-fz-llc,Mashreq Bank Psc,396,42433.32,,,,"The Community - Sports Arena, Al Hebiah Fourth",114,204,ok,1484807.0,1278.09,1129138.0,1978388.0,100.0,Dubai Sports City
3705,Cove Edition Residence 5 By Imtiaz,cove-edition-residence-5-by-imtiaz,https://datadubai.ae/projects/cove-edition-residence-5-by-imtiaz/,Active,26.32,2027-05-20,2025-05-20,2025-05-22,Imtiaz Real Estate Investment & Development L.L.C,1129,imtiaz-real-estate-investment-and-development-l-l-c,Dubai Islamic Bank (Public Joint Stock Company),198,10534.37,,,,"Cove Edition Residence 5 By Imtiaz, Wadi Al Safa 5",114,197,ok,687335.0,1685.36,679112.0,750480.0,100.0,Dubai Land Residence Complex
4266,Verdana Residence 7,verdana-residence-7,https://datadubai.ae/projects/verdana-residence-7/,Active,0.0,2028-12-31,2025-12-31,2026-02-02,Reportage Plus A Real Estate Development L.L.C,1936,reportage-plus-a-real-estate-development-l-l-c,Commercial Bank Of Dubai(Psc),392,31020.52,,,,"Verdana Residence 7 , Dubai Investment Park First",114,120,ok,864400.0,1236.87,812400.0,1201600.0,100.0,Dubai Investment Park First
2871,Laya Courtyard,laya-courtyard,https://datadubai.ae/projects/laya-courtyard/,Active,50.57,2026-12-26,2023-10-01,2024-06-05,Laya Developers L.L.C,1138,laya-developers-l-l-c,Emirates Nbd Bank  (P.J.S.C),289,17898.73,,,,"Laya Courtyard, Al Hebiah Second",113,157,ok,1062643.0,1499.27,1013324.0,1089022.0,100.0,Dubai Studio City
4183,31 Above By Beyond,31-above-by-beyond,https://datadubai.ae/projects/31-above-by-beyond/,Active,0.51,2028-12-30,2026-04-30,2025-11-05,Beyond Vespera Real Estate Development L.L.C,2416,beyond-vespera-real-estate-development-l-l-c,Emirates Nbd Bank  (P.J.S.C),118,33745.54,,,,"31 Above By Beyond, Madinat Dubai Almelaheyah",113,115,ok,10503000.0,,9562000.0,13490000.0,100.0,Dubai Maritime City
4046,Rise By Athlon 3,rise-by-athlon-3,https://datadubai.ae/projects/rise-by-athlon-3/,Active,0.48,2030-01-30,2026-01-15,2025-09-09,Aurora Spv 3 L.L.C,1657,aurora-spv-3-l-l-c,First Abu Dhabi Bank P.J.S.C.,120,17235.44,,,,"Rise By Athlon 3, Wadi Al Safa 5",113,113,ok,2206476.0,1524.13,1937600.0,3001500.0,100.0,
1280,Bay Square,bay-square,https://datadubai.ae/projects/bay-square/,Finished,100.0,2014-08-24,2007-07-17,2007-07-17,Business Bay (L.L.C),898,business-bay-l-l-c,Mashreq Bank Psc,1035,210709.65,,25.18552,55.280269,"Bay Square, Business Bay",112,2150,ok,4354981.5,1518.02,1815036.75,6756516.5,0.0,Business Bay
1726,Aykon City,aykon-city,https://datadubai.ae/projects/aykon-city/,Finished,100.0,2023-08-30,2016-07-01,2016-02-15,Damac Canal One Property Development L.L.C,1119,damac-canal-one-property-development-l-l-c,Emirates Nbd Bank  (P.J.S.C),1231,133058.02,,25.18132,55.252787,"Aykon City , Business Bay",112,1510,ok,912000.0,1649.58,699590.0,1185000.0,0.0,
4336,Enre Residence By Imtiaz,enre-residence-by-imtiaz,https://datadubai.ae/projects/enre-residence-by-imtiaz/,Active,14.63,2028-08-15,2026-02-15,2026-02-23,Imtiaz South Real Estate Development L.L.C,2579,imtiaz-south-real-estate-development-l-l-c,United Bank Limited (Management Office),170,15615.26,,,,"Enre Residence By Imtiaz, Madinat Al Mataar",112,117,ok,1355687.5,1556.0,1199327.0,1746319.75,100.0,Dubai South Residential District
4032,Sera 2,sera-2,https://datadubai.ae/projects/sera-2/,Active,0.04,2029-11-30,2026-02-26,2025-08-14,Mina Rashid Properties L.L.C,1275,mina-rashid-properties-l-l-c,Abu Dhabi Commercial Bank,183,19537.5,,,,"Sera 2, Madinat Dubai Almelaheyah",112,112,ok,2305888.0,2791.41,2153888.0,3227888.0,100.0,Mina Rashid
1288,International City Emarati,international-city-emarati,https://datadubai.ae/projects/international-city-emarati/,Finished,100.0,2012-01-30,2010-09-27,2007-10-22,International City ( L.L.C ),122,international-city-l-l-c,Mashreq Bank Psc,1594,88071.8,,25.161959,55.422537,"International City Emarati, Al Warsan First",111,4549,ok,372316.0,640.6,334500.0,440000.0,0.0,International City Phase 1
2316,Damac Lagoons - Santorini (1),damac-lagoons-santorini-1,https://datadubai.ae/projects/damac-lagoons-santorini-1/,Finished,100.0,2025-07-29,2022-01-06,2021-10-27,Island Oasis Properties,921,island-oasis-properties,Emirates Nbd Bank  (P.J.S.C),459,76424.28,,,,"Damac Lagoons - Santorini (1), Al Hebiah Fifth",111,813,ok,3200000.0,,2920000.0,3885000.0,0.0,DAMAC Lagoons
3691,Trump Tower,trump-tower,https://datadubai.ae/projects/trump-tower/,Active,3.8,2031-12-31,2026-01-15,2025-04-29,Dar Global Luxury Property Development L.L.C S.O.C,2305,dar-global-luxury-property-development-l-l-c-s-o-c,Emirates Nbd Bank  (P.J.S.C),574,64308.41,,,,"Trump Tower, Trade Center First",111,383,ok,3814498.0,3689.16,2883334.0,4618615.0,100.0,
4265,Verdana Residence 6,verdana-residence-6,https://datadubai.ae/projects/verdana-residence-6/,Active,0.0,2028-12-30,2025-12-30,2026-02-05,Reportage Plus A Real Estate Development L.L.C,1936,reportage-plus-a-real-estate-development-l-l-c,Commercial Bank Of Dubai(Psc),363,29190.97,,,,"Verdana Residence 6, Dubai Investment Park First",111,122,ok,885700.0,1242.1,770500.0,1216000.0,100.0,Dubai Investment Park First
3708,Zenith Residences,zenith-residences,https://datadubai.ae/projects/zenith-residences/,Active,11.2,2028-03-01,2025-03-01,2025-07-23,Art Of Amber Real Estate Development L.L.C,2301,art-of-amber-real-estate-development-l-l-c,Mashreq Bank Psc,267,21381.94,,,,"Zenith Residences, Warsan Fourth",111,118,ok,857550.0,1059.96,807376.5,951362.5,100.0,International City Phase 3
3009,Binghatti Phoenix,binghatti-phoenix,https://datadubai.ae/projects/binghatti-phoenix/,Finished,100.0,,2024-02-01,2024-05-16,Binghatti Developers Fze,1051,binghatti-developers-fze,Dubai Islamic Bank (Public Joint Stock Company),464,34944.74,,,,"Binghatti Phoenix, Al Barsha South Fourth",110,601,ok,1172500.0,1502.27,1060000.0,1303750.0,13.6,Jumeirah Village Circle
2297,Azizi Riviera Beachfront,azizi-riviera-beachfront,https://datadubai.ae/projects/azizi-riviera-beachfront/,Finished,100.0,2025-12-30,2021-04-01,2021-10-04,Azizi Developments L.L.C,1002,azizi-developments-l-l-c,Ajman Bank /P.J.S.C,609,34772.38,,,,"Azizi Riviera Beachfront, Al Merkadh",110,557,ok,839040.0,2117.07,729600.0,1381225.0,30.9,Meydan One Community
3281,Maison Elysee Iii By Pantheon,maison-elysee-iii-by-pantheon,https://datadubai.ae/projects/maison-elysee-iii-by-pantheon/,Active,4.39,2027-10-31,2024-11-01,2025-01-21,Pantheon Elysee Real Estate Development L.L.C,1364,pantheon-elysee-real-estate-development-l-l-c,Commercial Bank Of Dubai(Psc),379,20954.62,,,,"Maison Elysee Iii By Pantheon, Al Barsha South Fourth",110,260,ok,752301.0,1681.45,694189.75,1031989.75,100.0,Jumeirah Village Circle
3496,Neem At Park Five,neem-at-park-five,https://datadubai.ae/projects/neem-at-park-five/,Active,15.22,2027-12-01,2025-07-01,2025-04-18,Deyaar Development (P.J.S.C),15,deyaar-development-p-j-s-c,Dubai Islamic Bank (Public Joint Stock Company),145,14982.56,,,,"Neem At Park Five , Me'Aisem First",110,130,ok,1132103.0,1325.51,1038486.5,1515158.0,100.0,International Media Production Zone
2778,Empire Estates,empire-estates,https://datadubai.ae/projects/empire-estates/,Active,60.0,2026-12-31,2024-01-01,2024-03-04,Empire Real Estate Developments L.L.C,1794,empire-real-estate-developments-l-l-c,Mashreq Bank Psc,344,26983.72,,,,"Empire Estates , Al Barshaa South Third",109,324,ok,1253275.0,1712.64,861627.0,1650000.0,100.0,Arjan
4028,Fiori,fiori,https://datadubai.ae/projects/fiori/,Active,0.0,2028-06-30,2026-03-16,2025-09-18,Nshama Properties Owned By Nshmi Development One Person Company L.L.C,1162,nshama-properties-owned-by-nshmi-development-one-person-company-l-l-c,First Abu Dhabi Bank P.J.S.C.,146,12085.2,,,,"Fiori, Al Yelayiss 2",109,111,ok,1361888.0,1683.57,1095888.0,1569888.0,100.0,TOWN SQUARE
4023,Belle Vie By Zimaya,belle-vie-by-zimaya,https://datadubai.ae/projects/belle-vie-by-zimaya/,Active,11.0,2028-03-31,2025-10-15,2025-08-18,Zimaya Properties L.L.C,1718,zimaya-properties-l-l-c,Mashreq Bank Psc,116,12235.82,,,,"Belle Vie By Zimaya, Nadd Hessa",109,109,ok,1499550.0,1323.35,716151.0,1725000.0,100.0,Silicon Oasis
3372,Damac Riverside Views - Marine 1,damac-riverside-views-marine-1,https://datadubai.ae/projects/damac-riverside-views-marine-1/,Active,11.8,2028-05-31,2025-01-29,2024-11-19,Damac Mry Investment L.L.C,1866,damac-mry-investment-l-l-c,First Abu Dhabi Bank P.J.S.C.,358,31387.16,,,,"Damac Riverside Views - Marine 1 , Dubai Investment Park Second",108,272,ok,1268000.0,1513.33,1162250.0,1461830.0,100.0,
3839,Camden,camden,https://datadubai.ae/projects/camden/,Active,7.24,2028-03-31,2025-12-20,2025-06-25,Nshama Properties Owned By Nshmi Development One Person Company L.L.C,1162,nshama-properties-owned-by-nshmi-development-one-person-company-l-l-c,First Abu Dhabi Bank P.J.S.C.,168,14785.52,,,,"Camden, Al Yelayiss 2",108,124,ok,1604388.0,1733.32,1207388.0,1666888.0,100.0,TOWN SQUARE
4176,368 Park Ln,368-park-ln,https://datadubai.ae/projects/368-park-ln/,Active,0.0,2028-08-31,2026-02-28,2026-01-13,Tabeer Real Estate Development L.L.C,1062,tabeer-real-estate-development-l-l-c,First Abu Dhabi Bank P.J.S.C.,213,14517.14,,,,"368 Park Ln, Al Barsha South Fourth",108,110,ok,1087500.0,1388.71,725000.0,1129250.0,100.0,Jumeirah Village Circle
3881,Ocean Bay By Samana Developers,ocean-bay-by-samana-developers,https://datadubai.ae/projects/ocean-bay-by-samana-developers/,Active,1.51,2028-06-30,2025-09-01,2025-10-21,Samana Platinum Real Estate Development L.L.C,2072,samana-platinum-real-estate-development-l-l-c,Emirates Nbd Bank  (P.J.S.C),143,17480.74,,,,"Ocean Bay By Samana Developers , Palm Deira",108,109,ok,2600376.0,2363.72,2058734.0,3354168.75,100.0,Palm Deira
4053,Hayat 5,hayat-5,https://datadubai.ae/projects/hayat-5/,Active,0.0,2028-07-30,2026-03-30,2025-09-10,Dubai South Properties Dwc Llc,1142,dubai-south-properties-dwc-llc,Emirates Nbd Bank  (P.J.S.C),112,44361.56,,,,"Hayat 5, Madinat Al Mataar",108,109,ok,5630000.0,1282.79,4620000.0,5985000.0,100.0,Dubai World Central
3639,Essenlife Residence,essenlife-residence,https://datadubai.ae/projects/essenlife-residence/,Active,7.21,2028-03-30,2025-05-30,2025-05-06,Object One Real Estate Development L.L.C,1579,object-one-real-estate-development-l-l-c,Abu Dhabi Islamic Bank,357,24985.06,,,,"Essenlife Residence, Al Barsha South Fifth",107,289,ok,1132867.0,1549.67,815594.0,1296734.5,100.0,Jumeirah Village Triangle
3747,Arlington Park By Majid,arlington-park-by-majid,https://datadubai.ae/projects/arlington-park-by-majid/,Active,5.7,2027-12-31,2025-10-01,2025-06-27,Majid Developments L.L.C,1655,majid-developments-l-l-c,Emirates Nbd Bank  (P.J.S.C),140,7879.55,,,,"Arlington Park By Majid, Wadi Al Safa 5",107,129,ok,709773.0,1568.96,663399.5,998533.0,100.0,Dubai Land Residence Complex
3724,Beach Walk Grand 2 By Imtiaz,beach-walk-grand-2-by-imtiaz,https://datadubai.ae/projects/beach-walk-grand-2-by-imtiaz/,Active,23.53,2027-12-15,2025-07-01,2025-07-11,Imtiaz Ghd Real Estate Development L.L.C,1641,imtiaz-ghd-real-estate-development-l-l-c,First Abu Dhabi Bank P.J.S.C.,108,12906.3,,,,"Beach Walk Grand 2 By Imtiaz, Palm Deira",107,108,ok,2646410.0,2576.03,2379283.0,3594667.0,100.0,Palm Deira
2717,Sobha Creek Vistas Heights,sobha-creek-vistas-heights,https://datadubai.ae/projects/sobha-creek-vistas-heights/,Active,91.53,,2023-03-14,2023-07-19,Sobha L.L.C,966,sobha-l-l-c,Dubai Islamic Bank (Public Joint Stock Company),1354,119163.91,,,,"Sobha Creek Vistas Heights, Al Merkadh",106,1565,ok,1940468.5,2050.67,1408684.75,2381079.0,100.0,SOBHA HARTLAND
3330,Forest City Tower,forest-city-tower,https://datadubai.ae/projects/forest-city-tower/,Active,70.08,2027-04-09,2024-10-10,2024-11-27,Al Helal Al Zahaby Real Estate Development L.L.C,1124,al-helal-al-zahaby-real-estate-development-l-l-c,Emirates Islamic Bank P.J.S.C.,253,22686.66,,,,"Forest City Tower, Wadi Al Safa 3",106,234,ok,1245546.5,1227.35,948854.25,1678659.0,100.0,Majan
4422,Hayat 1,hayat-1,https://datadubai.ae/projects/hayat-1/,Active,0.0,2029-03-30,2026-06-30,2026-04-07,Dubai South Properties Dwc Llc,1142,dubai-south-properties-dwc-llc,Emirates Nbd Bank  (P.J.S.C),122,39241.57,,,,"Hayat 1 , Madinat Al Mataar",106,113,ok,4850000.0,1486.5,4112500.0,6287500.0,100.0,Dubai World Central
3605,Tomorrow Commercial Tower,tomorrow-commercial-tower,https://datadubai.ae/projects/tomorrow-commercial-tower/,Active,33.21,2026-07-31,2024-10-01,2025-08-07,Tomorrow World Real Estate Development L.L.C,1977,tomorrow-world-real-estate-development-l-l-c,Abu Dhabi Islamic Bank,133,16644.71,,,,"Tomorrow Commercial Tower, Al Warsan First",106,107,ok,1816371.0,,1663550.0,2052445.0,100.0,International City Phase 1
1673,Mag 5 Boulevard,mag-5-boulevard,https://datadubai.ae/projects/mag-5-boulevard/,Finished,100.0,2020-02-06,2015-11-01,2015-08-16,Mag 5 Property Development L.L.C,1079,mag-5-property-development-l-l-c,Emirates Nbd Bank  (P.J.S.C),1452,78439.68,,24.949131,55.230888,"Mag 5 Boulevard, Madinat Al Mataar",105,2079,ok,650000.0,1115.06,500000.0,730000.0,0.0,Dubai South Residential District
3543,Verdania 1,verdania-1,https://datadubai.ae/projects/verdania-1/,Active,16.67,2027-03-30,2025-03-25,2025-06-04,Obj1 Real Estate Development L.L.C,1894,obj1-real-estate-development-l-l-c,Abu Dhabi Islamic Bank,208,12906.42,,,,"Verdania 1, Wadi Al Safa 5",105,171,ok,719276.5,1385.01,666474.0,930296.0,100.0,Dubai Land Residence Complex
3249,Enso Jade,enso-jade,https://datadubai.ae/projects/enso-jade/,Active,42.13,2026-06-30,2024-09-01,2024-10-23,Enso Development L.L.C,1801,enso-development-l-l-c,Mashreq Bank Psc,105,8206.01,,,,"Enso Jade, Al Satwa",105,107,ok,1623250.0,2153.39,1591000.0,1859750.0,100.0,Jumeirah Garden City
2899,Bay Villas - Dubai Islands,bay-villas-dubai-islands,https://datadubai.ae/projects/bay-villas-dubai-islands/,Active,22.76,2027-05-02,2024-07-26,2024-02-15,Dubai Islands L.L.C,105,dubai-islands-l-l-c,Dubai Islamic Bank (Public Joint Stock Company),636,345487.34,,,,"Bay Villas - Dubai Islands, Palm Deira",104,772,ok,9672000.0,,6607700.0,10900000.0,0.0,Palm Deira
4377,The Wilds Residences,the-wilds-residences,https://datadubai.ae/projects/the-wilds-residences/,Active,0.0,2030-06-30,2026-06-01,2026-03-06,Aurora Spv 2 L.L.C,1656,aurora-spv-2-l-l-c,First Abu Dhabi Bank P.J.S.C.,747,95636.51,,,,"The Wilds Residences, Wadi Al Safa 3",104,104,ok,1770824.0,1805.11,1632150.0,3099598.5,100.0,
1679,Damac Hills (2) - Mulberry,damac-hills-2-mulberry,https://datadubai.ae/projects/damac-hills-2-mulberry/,Finished,100.0,2022-12-31,2016-01-01,2015-08-30,Front Line Investment Management L.L.C,1021,front-line-investment-management-l-l-c,Abu Dhabi Islamic Bank,110,22354.45,,24.989991,55.394217,"Damac Hills (2) - Mulberry , Madinat Hind 4",103,452,ok,815900.0,,685000.0,947500.0,0.0,DAMAC HILLS 2
3373,Damac Riverside Views - Marine 2,damac-riverside-views-marine-2,https://datadubai.ae/projects/damac-riverside-views-marine-2/,Active,12.02,2028-05-31,2025-01-29,2024-11-19,Damac Mry Investment L.L.C,1866,damac-mry-investment-l-l-c,First Abu Dhabi Bank P.J.S.C.,358,31387.16,,,,"Damac Riverside Views - Marine 2, Dubai Investment Park Second",103,275,ok,1291000.0,1520.54,1196000.0,1384500.0,100.0,
3272,Parkway By Prestige One,parkway-by-prestige-one,https://datadubai.ae/projects/parkway-by-prestige-one/,Active,10.89,2028-01-31,2025-02-01,2024-10-30,Prestige The Parkway Real Estate Development L.L.C,2020,prestige-the-parkway-real-estate-development-l-l-c,Emirates Nbd Bank  (P.J.S.C),274,25691.68,,,,"Parkway By Prestige One , Bukadra",103,259,ok,1702260.0,1932.0,1504817.5,2265740.0,100.0,
3823,Grand Polo - Selvara 2,grand-polo-selvara-2,https://datadubai.ae/projects/grand-polo-selvara-2/,Active,4.04,2029-04-30,2025-11-02,2025-06-13,Emaar Development P.J.S.C.,1211,emaar-development-p-j-s-c,National Bank Of Ras Al- Khaimah (P.S.C),246,83090.88,,,,"Grand Polo - Selvara 2, Dubai Investment Park Second",102,227,ok,6708388.0,,6565138.0,6876328.5,0.0,
3348,Treppan Tower,treppan-tower,https://datadubai.ae/projects/treppan-tower/,Active,11.92,2027-04-01,2025-01-01,2024-12-24,Fakhruddin Properties Development L.L.C,1415,fakhruddin-properties-development-l-l-c,Emirates Nbd Bank  (P.J.S.C),264,17897.47,,,,"Treppan Tower, Al Barsha South Fifth",102,144,ok,1147500.0,1776.31,1090000.0,1303000.0,100.0,Jumeirah Village Triangle
4246,Empire Gardens,empire-gardens,https://datadubai.ae/projects/empire-gardens/,Active,0.04,2028-12-31,2026-04-25,2026-01-30,Empire Gardens Real Estate Development L.L.C,2542,empire-gardens-real-estate-development-l-l-c,Emirates Nbd Bank  (P.J.S.C),221,15170.51,,,,"Empire Gardens, Wadi Al Safa 5",102,105,ok,1222277.0,1627.55,821194.25,1314777.0,100.0,Dubai Land Residence Complex
3790,Avana Residences By Deca Real Estate Development,avana-residences-by-deca-real-estate-development,https://datadubai.ae/projects/avana-residences-by-deca-real-estate-development/,Active,3.0,2027-11-30,2025-05-31,2025-08-26,Deca Real Estate Development L.L.C,2149,deca-real-estate-development-l-l-c,Ajman Bank /P.J.S.C,167,8171.87,,,,"Avana Residences By Deca Real Estate Development, Al Barsha South Fourth",102,104,ok,780940.5,1889.62,753397.5,1124471.75,100.0,Jumeirah Village Circle
2650,Azizi Vista,azizi-vista,https://datadubai.ae/projects/azizi-vista/,Finished,100.0,2025-04-30,2023-04-27,2023-06-01,Azizi Developments L.L.C,1002,azizi-developments-l-l-c,Abu Dhabi Commercial Bank,163,9702.25,,,,"Azizi Vista , Al Hebiah Second",101,191,ok,692000.0,1372.89,618280.0,1151390.0,46.5,Dubai Studio City
3816,Velos Residence,velos-residence,https://datadubai.ae/projects/velos-residence/,Active,6.6,2028-10-31,2025-09-01,2025-09-25,City View Urban Real Estate Development L.L.C,2370,city-view-urban-real-estate-development-l-l-c,United Bank Limited (Management Office),413,24766.75,,,,"Velos Residence, Al Hebiah First",101,107,ok,1249143.0,2044.37,845288.0,1360021.0,100.0,Motor City
3775,Antalya By Karma,antalya-by-karma,https://datadubai.ae/projects/antalya-by-karma/,Active,0.06,2028-09-30,2025-10-01,2025-07-23,Karma D S C Developers L.L.C,2271,karma-d-s-c-developers-l-l-c,First Abu Dhabi Bank P.J.S.C.,192,15823.83,,,,"Antalya By Karma, Al Hebiah Fourth",101,105,ok,1168976.0,1495.43,763270.0,1564263.0,100.0,Dubai Sports City
4191,Liv Oceanside,liv-oceanside,https://datadubai.ae/projects/liv-oceanside/,Active,7.42,2027-11-30,2025-10-01,2025-11-18,Liv Island Real Estate Development L.L.C,2523,liv-island-real-estate-development-l-l-c,Dubai Islamic Bank (Public Joint Stock Company),118,15563.47,,,,"Liv Oceanside, Palm Deira",101,105,ok,3959548.0,3155.74,2819548.0,4315048.0,100.0,Palm Deira
2555,Creek Beach - Canopy - Moor,creek-beach-canopy-moor,https://datadubai.ae/projects/creek-beach-canopy-moor/,Finished,100.0,2026-11-30,2023-05-27,2023-03-24,Dubai Creek Harbour L.L.C,1224,dubai-creek-harbour-l-l-c,Mashreq Bank Psc,444,309598.95,,,,"Creek Beach - Canopy - Moor, Al Khairan First",100,336,ok,2390613.0,2301.72,1786862.0,2400000.0,1.0,Dubai Creek Harbour
4455,Sera Gardens By Vision,sera-gardens-by-vision,https://datadubai.ae/projects/sera-gardens-by-vision/,Active,0.0,2028-04-01,2026-08-01,2026-05-06,Clear Vision Real Estate Development L.L.C,1806,clear-vision-real-estate-development-l-l-c,The National Bank Of Fujairah P S C,246,18778.5,,,,"Sera Gardens By Vision, Me'Aisem First",99,129,ok,960300.0,1503.51,664200.0,1251000.0,100.0,International Media Production Zone
3818,Aum 99 Residences,aum-99-residences,https://datadubai.ae/projects/aum-99-residences/,Active,0.0,2029-03-31,2026-03-31,2026-02-24,Aum 99 Home Real Estate Developments L.L.C,2250,aum-99-home-real-estate-developments-l-l-c,Emirates Nbd Bank  (P.J.S.C),186,9194.59,,,,"Aum 99 Residences, Wadi Al Safa 5",99,105,ok,526355.0,1525.0,512968.0,566972.0,100.0,Dubai Land Residence Complex
4350,South Lofts By Premier Choice,south-lofts-by-premier-choice,https://datadubai.ae/projects/south-lofts-by-premier-choice/,Active,0.04,2029-01-30,2026-01-15,2026-03-25,P C I Real Estate Developers L.L.C,1397,p-c-i-real-estate-developers-l-l-c,Emirates Nbd Bank  (P.J.S.C),149,5320.87,,,,"South Lofts By Premier Choice, Saih Shuaib 2",99,103,ok,499000.0,1322.07,475000.0,540075.0,100.0,
1371,Prive By Damac,prive-by-damac,https://datadubai.ae/projects/prive-by-damac/,Finished,100.0,2019-09-25,2013-12-21,2013-09-03,Namaa Properties Development L.L.C,965,namaa-properties-development-l-l-c,Abu Dhabi Islamic Bank,1056,59991.32,,25.184369,55.275552,"Prive By Damac, Business Bay",98,1661,ok,1050000.0,2304.62,928750.0,1150000.0,0.0,Business Bay
2313,Skyz By Danube,skyz-by-danube,https://datadubai.ae/projects/skyz-by-danube/,Finished,100.0,2024-11-01,2021-10-18,2021-10-20,Danube Properties Development L.L.C,1009,danube-properties-development-l-l-c,The National Bank Of Fujairah P S C,827,38632.19,,,,"Skyz By Danube, Al Barshaa South Third",98,1078,ok,770000.0,1500.78,590000.0,835000.0,13.3,Arjan
2929,One River Point,one-river-point,https://datadubai.ae/projects/one-river-point/,Active,35.43,2027-06-09,2023-10-24,2024-01-25,Dutco Ellington Canal Front Real Estate L.L.C,1647,dutco-ellington-canal-front-real-estate-l-l-c,Emirates Nbd Bank  (P.J.S.C),298,41828.15,,,,"One River Point, Business Bay",98,286,ok,3662828.0,2641.84,2980328.0,4766578.0,100.0,Business Bay
4281,Serenia District - East,serenia-district-east,https://datadubai.ae/projects/serenia-district-east/,Active,1.12,2030-06-30,2026-01-02,2026-01-22,Palma Homes Real Estate Development L.L.C,1068,palma-homes-real-estate-development-l-l-c,Sharjah Islamic Bank,813,128235.61,,,,"Serenia District - East, Al Thanyah Fifth",98,108,ok,3716150.0,2587.2,2024250.0,4182225.0,100.0,Jumeirah Islands
1849,Downtown Views Ii,downtown-views-ii,https://datadubai.ae/projects/downtown-views-ii/,Finished,100.0,2022-08-31,2017-05-06,2017-01-10,Emaar Development P.J.S.C.,1211,emaar-development-p-j-s-c,Dubai Islamic Bank (Public Joint Stock Company),1515,172434.81,,25.202291,55.280852,"Downtown Views Ii, Zaabeel Second",97,2538,ok,3065000.0,2763.39,2200000.0,3800000.0,0.0,
2400,Damac Lagoons - Malta (1),damac-lagoons-malta-1,https://datadubai.ae/projects/damac-lagoons-malta-1/,Finished,100.0,2025-09-29,2022-08-23,2022-05-26,Island Oasis Properties,921,island-oasis-properties,First Abu Dhabi Bank P.J.S.C.,760,135694.6,,,,"Damac Lagoons - Malta (1), Al Hebiah Fifth",97,1115,ok,2600000.0,,2500000.0,3011000.0,0.0,
2329,Damac Lagoons - Costa Brava (1),damac-lagoons-costa-brava-1,https://datadubai.ae/projects/damac-lagoons-costa-brava-1/,Finished,100.0,2025-07-29,2022-02-28,2021-12-06,Island Oasis Properties,921,island-oasis-properties,Emirates Nbd Bank  (P.J.S.C),555,105148.81,,,,"Damac Lagoons - Costa Brava (1), Al Hebiah Fifth",97,844,ok,3000000.0,,2660000.0,3650000.0,0.0,DAMAC Lagoons
1393,"Qasr Sabah I , Ii ,Iii",qasr-sabah-i-ii-iii,https://datadubai.ae/projects/qasr-sabah-i-ii-iii/,Finished,100.0,2015-08-06,2013-11-10,2013-11-17,Rs Realty Fz - L.L.C,973,rs-realty-fz-l-l-c,Emirates Nbd Bank  (P.J.S.C),406,23507.39,,25.032905,55.194021,"Qasr Sabah I , Ii ,Iii , Me'Aisem First",97,490,ok,453630.0,733.59,426570.0,499067.0,0.0,International Media Production Zone
3731,Waada - Cascada 1,waada-cascada-1,https://datadubai.ae/projects/waada-cascada-1/,Active,1.58,2028-10-31,2025-11-01,2025-05-15,Bt Properties Dwc Llc,2254,bt-properties-dwc-llc,The National Bank Of Fujairah P S C,249,27335.17,,,,"Waada - Cascada 1, Madinat Al Mataar",97,178,ok,1282000.0,1140.82,868000.0,1447000.0,100.0,Dubai World Central
2486,Damac Lagoons - Ibiza,damac-lagoons-ibiza,https://datadubai.ae/projects/damac-lagoons-ibiza/,Active,74.86,2025-12-31,2022-02-12,2022-10-21,Island Oasis Properties,921,island-oasis-properties,Emirates Nbd Bank  (P.J.S.C),823,139628.62,,,,"Damac Lagoons - Ibiza, Al Hebiah Fifth",96,1022,ok,2632500.0,,2500000.0,3114000.0,0.0,
3430,The Valley - Farm Grove,the-valley-farm-grove,https://datadubai.ae/projects/the-valley-farm-grove/,Active,10.0,2028-12-31,2025-02-28,2024-12-04,Emaar Development P.J.S.C.,1211,emaar-development-p-j-s-c,First Abu Dhabi Bank P.J.S.C.,482,199567.83,,,,"The Valley - Farm Grove, Al Yufrah 1",96,498,ok,5069888.0,1338.05,5000000.0,5166518.5,16.7,The Valley
2800,Azizi Venice 4,azizi-venice-4,https://datadubai.ae/projects/azizi-venice-4/,Active,62.16,2025-12-30,2023-09-27,2023-10-26,Azizi Developments L.L.C,1002,azizi-developments-l-l-c,Emirates Nbd Bank  (P.J.S.C),389,26900.65,,,,"Azizi Venice 4, Madinat Al Mataar",96,306,ok,945500.0,1659.78,606000.0,1073280.0,100.0,Dubai World Central
872,Selicon Star 2,selicon-star-2,https://datadubai.ae/projects/selicon-star-2/,Finished,100.0,2012-12-31,2008-05-07,2008-11-08,Adel Mohammad Saleh Ali Naqi Al Zarooni,720,adel-mohammad-saleh-ali-naqi-al-zarooni,Emirates Nbd Bank  (P.J.S.C),119,11173.72,,25.120509,55.397093,"Selicon Star 2, Nadd Hessa",95,125,ok,861300.0,945.38,821490.0,959541.0,0.0,Silicon Oasis
3706,Damac Hills - Ivory,damac-hills-ivory,https://datadubai.ae/projects/damac-hills-ivory/,Active,0.56,2028-06-30,2025-09-01,2025-07-03,Damac Crescent Properties,954,damac-crescent-properties,Abu Dhabi Commercial Bank,103,16006.76,,,,"Damac Hills - Ivory, Al Hebiah Third",95,95,ok,2859000.0,,2789000.0,2911000.0,0.0,DAMAC HILLS
4170,Celia Homes,celia-homes,https://datadubai.ae/projects/celia-homes/,Active,20.04,2027-11-01,2025-11-01,2025-12-04,Abou Eid Real Estate Development L.L.C,1363,abou-eid-real-estate-development-l-l-c,Emirates Nbd Bank  (P.J.S.C),207,13172.03,,,,"Celia Homes, Wadi Al Safa 5",95,95,ok,943710.0,1258.47,664251.0,1067503.0,100.0,Dubai Land Residence Complex
1178,Churchill Tower,churchill-tower,https://datadubai.ae/projects/churchill-tower/,Finished,100.0,2009-02-14,2007-01-28,2009-05-11,Emirates National Investment Co (L.L.C),232,emirates-national-investment-co-l-l-c,,1168,106438.01,,25.181003,55.262751,"Churchill Tower, Business Bay",94,3232,ok,1562113.0,1494.6,1300000.0,1800000.0,0.0,Business Bay
1795,Bluewaters Residences,bluewaters-residences,https://datadubai.ae/projects/bluewaters-residences/,Finished,100.0,2019-02-13,2015-01-04,2016-12-29,Blue Waters Residential L.L.C,1152,blue-waters-residential-l-l-c,Dubai Islamic Bank (Public Joint Stock Company),751,133054.12,,25.078352,55.121559,"Bluewaters Residences , Marsa Dubai",94,1472,ok,5812500.0,3656.31,4512500.0,6675000.0,0.0,Bluewaters Island
1675,Damac Hills (2) - Viridis,damac-hills-2-viridis,https://datadubai.ae/projects/damac-hills-2-viridis/,Finished,100.0,2022-08-26,2015-12-01,2015-08-18,Front Line Investment Management L.L.C,1021,front-line-investment-management-l-l-c,Abu Dhabi Commercial Bank,870,48142.08,,24.984701,55.393955,"Damac Hills (2) - Viridis , Madinat Hind 4",94,1176,ok,479814.0,1016.84,440000.0,660000.0,0.0,DAMAC HILLS 2
2619,Biltmore Sufouh,biltmore-sufouh,https://datadubai.ae/projects/biltmore-sufouh/,Active,87.62,2026-01-29,2022-06-01,2023-05-03,G J R E Real Estate L.L.C,1450,g-j-r-e-real-estate-l-l-c,Emirates Islamic Bank P.J.S.C.,477,50376.45,,,,"Biltmore Sufouh, Al Safouh First",94,348,ok,2894422.0,2603.13,2350376.25,3113099.5,100.0,Sufouh Gardens
4082,Ryah Living By Alyakka,ryah-living-by-alyakka,https://datadubai.ae/projects/ryah-living-by-alyakka/,Active,54.1,2026-07-30,2025-05-01,2025-10-23,Alyakka Developers L.L.C,2237,alyakka-developers-l-l-c,Emirates Nbd Bank  (P.J.S.C),128,8637.59,,,,"Ryah Living By Alyakka, Al Hebiah Second",94,97,ok,672620.0,1630.24,640473.75,1125375.0,100.0,Dubai Studio City
2904,The Corner,the-corner,https://datadubai.ae/projects/the-corner/,Active,37.69,2027-06-30,2024-09-01,2025-06-18,Arabian Gulf Properties,1013,arabian-gulf-properties,Mashreq Bank Psc,126,11785.84,,,,"The Corner, Wadi Al Safa 5",94,96,ok,1110871.5,1089.24,787153.5,1229760.25,100.0,Dubai Land Residence Complex
3695,Azizi Milan 53,azizi-milan-53,https://datadubai.ae/projects/azizi-milan-53/,Active,0.0,2027-04-30,2025-04-16,2025-08-18,Azizi Developments L.L.C,1002,azizi-developments-l-l-c,Abu Dhabi Commercial Bank,306,15101.2,,,,"Azizi Milan 53, Wadi Al Safa 4",94,95,ok,623000.0,1724.28,610785.0,637250.0,100.0,City Of Arabia
3793,Octa Isle Interiors By Missoni,octa-isle-interiors-by-missoni,https://datadubai.ae/projects/octa-isle-interiors-by-missoni/,Active,6.24,2027-09-30,2025-08-01,2025-08-28,Octa Di Development Co. L.L.C,2087,octa-di-development-co-l-l-c,Emirates Nbd Bank  (P.J.S.C),112,12997.71,,,,"Octa Isle Interiors By Missoni, Palm Deira",94,94,ok,2570632.0,2321.01,2392888.0,2795862.5,100.0,Palm Deira
2274,The Valley-Nara,the-valley-nara,https://datadubai.ae/projects/the-valley-nara/,Finished,100.0,2024-12-30,2021-12-01,2021-07-26,Emaar Development P.J.S.C.,1211,emaar-development-p-j-s-c,Commercial Bank Of Dubai(Psc),372,74255.75,,,,"The Valley-Nara, Al Yufrah 1",93,672,ok,2900000.0,1457.62,2800000.0,3400000.0,0.0,The Valley
3789,Capital One,capital-one-3789,https://datadubai.ae/projects/capital-one-3789/,Active,6.17,2028-07-08,2025-07-01,2025-06-10,Centurion Star Developers L.L.C,2234,centurion-star-developers-l-l-c,Banque Misr (Dubai Br),128,16427.35,,,,"Capital One, Al Barsha South Fourth",93,122,ok,2201850.0,,1981576.0,2572141.0,100.0,Jumeirah Village Circle
4217,Yigo26,yigo26,https://datadubai.ae/projects/yigo26/,Active,1.13,2027-12-31,2025-12-01,2025-12-11,Yangtze International Real Estate Developer L.L.C,2328,yangtze-international-real-estate-developer-l-l-c,Abu Dhabi Commercial Bank,190,13417.2,,,,"Yigo26, Al Warsan First",93,112,ok,873741.0,1180.27,800856.0,936429.0,100.0,International City Phase 1
3667,Damac Riverside Views - Royal 1,damac-riverside-views-royal-1,https://datadubai.ae/projects/damac-riverside-views-royal-1/,Active,5.39,2029-03-31,2025-08-11,2025-05-11,Damac Mry Investment L.L.C,1866,damac-mry-investment-l-l-c,Mashreq Bank Psc,335,30872.54,,,,"Damac Riverside Views - Royal 1, Dubai Investment Park Second",92,253,ok,1377000.0,1569.56,1291747.5,1895000.0,100.0,
3729,Gate Eleven Residences,gate-eleven-residences,https://datadubai.ae/projects/gate-eleven-residences/,Active,30.58,2028-03-31,2025-05-30,2025-05-22,Amwaj Alkhaleej Real Estate Development L.L.C,1710,amwaj-alkhaleej-real-estate-development-l-l-c,National Bank Of Ras Al- Khaimah (P.S.C),189,18330.09,,,,"Gate Eleven Residences , Wadi Al Safa 3",92,147,ok,1690696.5,1823.06,1442675.25,2110422.5,100.0,Mohammed Bin Rashid AL Maktoum District 11
3389,Mirdif Hills - Asayel Avenue,mirdif-hills-asayel-avenue,https://datadubai.ae/projects/mirdif-hills-asayel-avenue/,Active,33.08,2027-05-05,2025-05-05,2025-04-22,Dubai Investment Real Estate (L L C),278,dubai-investment-real-estate-l-l-c,Abu Dhabi Commercial Bank,193,27563.05,,,,"Mirdif Hills - Asayel Avenue, Mirdif",92,108,ok,2114259.5,1350.01,1889220.25,2384555.5,100.0,
1888,Bloom Towers,bloom-towers,https://datadubai.ae/projects/bloom-towers/,Finished,100.0,2020-08-07,2017-10-31,2017-04-06,Bloom Heights Properties L.L.C,1151,bloom-heights-properties-l-l-c,Abu Dhabi Commercial Bank,944,58848.44,,25.066974,55.203544,"Bloom Towers, Al Barsha South Fourth",91,1424,ok,920000.0,1470.86,645000.0,1000000.0,0.0,Jumeirah Village Circle
2444,Mudon Al Ranim 3,mudon-al-ranim-3,https://datadubai.ae/projects/mudon-al-ranim-3/,Finished,100.0,2026-01-31,2022-11-01,2022-08-29,Mdn Real Estate L.L.C,995,mdn-real-estate-l-l-c,First Abu Dhabi Bank P.J.S.C.,242,55127.12,,,,"Mudon Al Ranim 3, Al Hebiah Sixth",91,411,ok,3700000.0,1769.58,3442500.0,4500000.0,0.0,Mudon
3759,Divine Al Barari,divine-al-barari,https://datadubai.ae/projects/divine-al-barari/,Active,12.28,2028-03-31,2025-11-01,2025-09-25,Takmeel Real Estate Development L.L.C,1520,takmeel-real-estate-development-l-l-c,Abu Dhabi Commercial Bank,291,23955.78,,,,"Divine Al Barari, Wadi Al Safa 3",91,95,ok,1113000.0,1373.9,786970.5,1250150.0,100.0,Majan
3758,Lumena By Omniyat,lumena-by-omniyat,https://datadubai.ae/projects/lumena-by-omniyat/,Active,0.0,2029-12-30,2025-12-31,2025-07-16,Creek Views Real Estate Development L.L.C,1730,creek-views-real-estate-development-l-l-c,Dubai Islamic Bank (Public Joint Stock Company),98,58493.26,,,,"Lumena By Omniyat, Business Bay",91,93,ok,27886488.0,,25296715.0,34387384.0,100.0,Business Bay
1983,The Grand,the-grand,https://datadubai.ae/projects/the-grand/,Finished,100.0,2022-10-30,2018-01-14,2017-10-31,The Lagoons Phase One L.L.C,1038,the-lagoons-phase-one-l-l-c,Abu Dhabi Commercial Bank,574,66272.21,,25.207396,55.342559,"The Grand , Al Khairan First",90,927,ok,3150000.0,2731.31,2300000.0,3750000.0,0.0,Dubai Creek Harbour
2700,The Hamilton,the-hamilton,https://datadubai.ae/projects/the-hamilton/,Finished,100.0,2025-10-31,2023-10-01,2023-07-14,Nshama Properties Owned By Nshmi Development One Person Company L.L.C,1162,nshama-properties-owned-by-nshmi-development-one-person-company-l-l-c,First Abu Dhabi Bank P.J.S.C.,242,22929.35,,,,"The Hamilton, Al Yelayiss 2",89,357,ok,1435000.0,1362.08,975000.0,1600000.0,21.3,TOWN SQUARE
2526,Holland Gardens,holland-gardens,https://datadubai.ae/projects/holland-gardens/,Finished,100.0,2025-09-30,2024-09-15,2023-05-15,Nshama Properties Owned By Nshmi Development One Person Company L.L.C,1162,nshama-properties-owned-by-nshmi-development-one-person-company-l-l-c,First Abu Dhabi Bank P.J.S.C.,228,21463.92,,,,"Holland Gardens , Al Yelayiss 2",89,332,ok,1435000.0,1401.41,1000000.0,1590000.0,16.9,TOWN SQUARE
4215,The Caden By Prescott,the-caden-by-prescott,https://datadubai.ae/projects/the-caden-by-prescott/,Active,0.47,2028-05-15,2025-11-15,2025-11-17,Prescott Real Estate Development L.L.C,1207,prescott-real-estate-development-l-l-c,United Bank Limited (Management Office),229,25041.93,,,,"The Caden By Prescott, Bukadra",89,98,ok,1992000.0,2275.08,1841100.0,2952000.0,100.0,
3538,Tulip Oasis 11,tulip-oasis-11,https://datadubai.ae/projects/tulip-oasis-11/,Active,70.19,2026-06-30,2024-02-28,2025-03-26,A M E Real Estate Development L.L.C,2107,a-m-e-real-estate-development-l-l-c,Emirates Islamic Bank P.J.S.C.,108,10420.54,,,,"Tulip Oasis 11, Wadi Al Safa 3",89,92,ok,1180000.0,1277.56,1074000.0,1530000.0,100.0,Majan
2403,Tria By Deyaar,tria-by-deyaar,https://datadubai.ae/projects/tria-by-deyaar/,Active,94.11,2025-06-30,2022-08-01,2022-06-28,Deyaar Bay Real Estate Development L.L.C,1336,deyaar-bay-real-estate-development-l-l-c,Dubai Islamic Bank (Public Joint Stock Company),717,60176.39,,,,"Tria By Deyaar, Nadd Hessa",88,954,ok,997500.0,1321.12,670000.0,1205000.0,100.0,Silicon Oasis
2409,The Valley - Orania,the-valley-orania,https://datadubai.ae/projects/the-valley-orania/,Finished,100.0,2025-12-31,2022-09-22,2022-06-06,Emaar Development P.J.S.C.,1211,emaar-development-p-j-s-c,Commercial Bank Of Dubai(Psc),308,62223.14,,,,"The Valley - Orania, Al Yufrah 1",88,498,ok,2780000.0,1409.35,2650000.0,3187500.0,0.0,The Valley
2897,Samana Ibiza,samana-ibiza,https://datadubai.ae/projects/samana-ibiza/,Active,3.1,2028-02-28,2024-08-01,2024-09-11,Samana International Real Estate Development L.L.C,1229,samana-international-real-estate-development-l-l-c,Emirates Nbd Bank  (P.J.S.C),455,29113.76,,,,"Samana Ibiza, Wadi Al Safa 5",88,443,ok,864127.5,1433.14,749000.0,1178500.0,100.0,Dubai Land Residence Complex
3374,Damac Riverside Views - Marine 3,damac-riverside-views-marine-3,https://datadubai.ae/projects/damac-riverside-views-marine-3/,Active,18.22,2028-05-31,2025-01-29,2024-11-20,Damac Mry Investment L.L.C,1866,damac-mry-investment-l-l-c,First Abu Dhabi Bank P.J.S.C.,276,22421.74,,,,"Damac Riverside Views - Marine 3, Dubai Investment Park Second",88,266,ok,1177000.0,1419.83,1064500.0,1324750.0,100.0,
3529,Azizi Ruby,azizi-ruby,https://datadubai.ae/projects/azizi-ruby/,Active,3.0,2028-01-23,2025-01-23,2025-03-18,Azizi Developments L.L.C,1002,azizi-developments-l-l-c,Abu Dhabi Commercial Bank,264,15256.3,,,,"Azizi Ruby , Al Barsha South Fourth",88,102,ok,668500.0,1743.16,620750.0,1050235.0,100.0,Jumeirah Village Circle
4016,Sol Luxe,sol-luxe,https://datadubai.ae/projects/sol-luxe/,Active,1.99,2029-03-15,2025-10-15,2025-10-14,S O L Properties Development L.L.C,999,s-o-l-properties-development-l-l-c,Mashreq Bank Psc,370,55655.42,,,,"Sol Luxe, Trade Center First",88,89,ok,3000000.0,3331.64,2576795.25,4701600.0,100.0,
3537,Tulip Oasis 10,tulip-oasis-10,https://datadubai.ae/projects/tulip-oasis-10/,Finished,100.0,2026-06-30,2023-09-07,2025-03-26,A M E Real Estate Development L.L.C,2107,a-m-e-real-estate-development-l-l-c,Emirates Islamic Bank P.J.S.C.,130,14243.16,,,,"Tulip Oasis 10, Wadi Al Safa 3",87,130,ok,1260000.0,1264.32,1200000.0,1773594.0,86.2,Majan
2721,Azizi Central,azizi-central,https://datadubai.ae/projects/azizi-central/,Finished,100.0,,2023-08-03,2023-12-29,Azizi Developments L.L.C,1002,azizi-developments-l-l-c,Abu Dhabi Commercial Bank,97,12474.24,,,,"Azizi Central , Jabal Ali First",87,104,ok,1573350.0,1170.79,1457750.0,1686120.0,78.2,Al Furjan
3381,Terra Heights,terra-heights,https://datadubai.ae/projects/terra-heights/,Active,9.11,2029-03-31,2025-04-10,2024-11-14,Dwtc Emaar L.L.C,1237,dwtc-emaar-l-l-c,Dubai Islamic Bank (Public Joint Stock Company),1004,86795.38,,,,"Terra Heights, Madinat Al Mataar",86,1013,ok,2221388.0,2006.97,2139138.0,2275288.5,100.0,Dubai World Central
2548,Damac Hills (2) - Camelia,damac-hills-2-camelia,https://datadubai.ae/projects/damac-hills-2-camelia/,Finished,100.0,2025-06-30,2023-03-01,2023-02-16,Front Line Investment Management L.L.C,1021,front-line-investment-management-l-l-c,Abu Dhabi Commercial Bank,515,66448.18,,,,"Damac Hills (2) - Camelia, Madinat Hind 4",86,790,ok,1850000.0,,1685000.0,1968750.0,0.0,DAMAC HILLS 2
2367,The Pulse Beachfront 3,the-pulse-beachfront-3,https://datadubai.ae/projects/the-pulse-beachfront-3/,Finished,100.0,2025-04-30,2022-03-31,2022-03-29,Dubai South Properties Dwc Llc,1142,dubai-south-properties-dwc-llc,Abu Dhabi Commercial Bank,291,97905.72,,,,"The Pulse Beachfront 3 , Madinat Al Mataar",86,486,ok,4312500.0,1240.37,4000000.0,4500000.0,0.0,Dubai South Residential District
3264,Binghatti Ivory,binghatti-ivory,https://datadubai.ae/projects/binghatti-ivory/,Finished,100.0,2025-12-31,2024-10-01,2024-09-23,Binghatti Developers Fze,1051,binghatti-developers-fze,Emirates Nbd Bank  (P.J.S.C),332,26041.55,,,,"Binghatti Ivory, Al Jadaf",86,325,ok,1881249.0,2275.61,1690624.0,2700467.75,100.0,Dubai Health Care City Phase 2
3036,Waref Residences By Sido Development,waref-residences-by-sido-development,https://datadubai.ae/projects/waref-residences-by-sido-development/,Active,81.07,2026-05-01,2024-02-29,2024-10-29,Sido Development L.L.C,1758,sido-development-l-l-c,First Abu Dhabi Bank P.J.S.C.,228,17492.9,,,,"Waref Residences By Sido Development, Al Barsha South Fourth",86,111,ok,993272.5,1399.77,758925.0,1239100.0,100.0,Jumeirah Village Circle
3335,Azizi Zain,azizi-zain,https://datadubai.ae/projects/azizi-zain/,Active,66.21,2027-10-11,2024-10-11,2024-11-19,Azizi Developments L.L.C,1002,azizi-developments-l-l-c,Emirates Nbd Bank  (P.J.S.C),115,14132.85,,,,"Azizi Zain , Jabal Ali First",86,109,ok,1514920.0,1167.12,1476620.0,1709652.5,100.0,Al Furjan
4304,Golf Terrace Residences By Asak,golf-terrace-residences-by-asak,https://datadubai.ae/projects/golf-terrace-residences-by-asak/,Active,5.07,2027-10-02,2026-01-02,2025-12-31,Asak Real Estate Development L.L.C,1888,asak-real-estate-development-l-l-c,Commercial Bank Of Dubai(Psc),105,7812.72,,,,"Golf Terrace Residences By Asak, Me'Aisem First",86,86,ok,734520.0,1444.76,703000.0,1227615.0,100.0,International Media Production Zone
2553,Bianca,bianca,https://datadubai.ae/projects/bianca/,Active,56.13,2026-12-31,2023-09-30,2023-03-27,Reportage Prime Properties L.L.C,1277,reportage-prime-properties-l-l-c,Arab Bank For Investment & Foreign Trade Almasref P.J.S.C.,653,65049.41,,,,"Bianca , Wadi Al Safa 2",85,659,ok,1312500.0,1291.46,1200000.0,1466844.75,100.0,
3473,Oakyard Residences,oakyard-residences,https://datadubai.ae/projects/oakyard-residences/,Active,26.16,2027-02-15,2024-09-11,2025-02-04,One Yard Real Estate Development L.L.C,1626,one-yard-real-estate-development-l-l-c,Mashreq Bank Psc,191,14457.72,,,,"Oakyard Residences, Al Barsha South Fourth",85,108,ok,1008280.0,1445.34,886440.0,1080422.0,100.0,Jumeirah Village Circle
3185,Equiti Tower,equiti-tower,https://datadubai.ae/projects/equiti-tower/,Active,70.2,2025-08-30,2024-06-12,2025-03-11,B N H Real Estate Developer,1219,b-n-h-real-estate-developer,Abu Dhabi Commercial Bank,88,5715.87,,,,"Equiti Tower, Warsan Fourth",85,90,ok,814601.5,1085.97,759997.75,862513.0,100.0,International City Phase 3
1722,Terhab Hotel & Towers At Jumeirah Village Triangle,terhab-hotel-and-towers-at-jumeirah-village-triangle,https://datadubai.ae/projects/terhab-hotel-and-towers-at-jumeirah-village-triangle/,Finished,100.0,2021-11-25,2016-02-01,2016-02-08,Manazil Global Property Development L.L.C,1122,manazil-global-property-development-l-l-c,Dubai Islamic Bank (Public Joint Stock Company),943,50828.04,,25.041805,55.187537,"Terhab Hotel & Towers At Jumeirah Village Triangle , Al Barsha South Fifth",84,713,ok,850000.0,2252.0,586800.0,1050269.0,0.0,Jumeirah Village Triangle
2669,Vincitore Dolce Vita,vincitore-dolce-vita,https://datadubai.ae/projects/vincitore-dolce-vita/,Active,22.03,,2023-06-30,2023-09-19,Vincitore Premium Real Estate Development L.L.C,1473,vincitore-premium-real-estate-development-l-l-c,Mashreq Bank Psc,715,46865.79,,,,"Vincitore Dolce Vita, Al Barshaa South Third",84,436,ok,1136110.0,1615.88,711970.0,1358250.0,100.0,Arjan
3668,Damac Riverside Views - Royal 2,damac-riverside-views-royal-2,https://datadubai.ae/projects/damac-riverside-views-royal-2/,Active,5.25,2029-03-31,2025-08-11,2025-05-11,Damac Mry Investment L.L.C,1866,damac-mry-investment-l-l-c,Mashreq Bank Psc,335,30872.54,,,,"Damac Riverside Views - Royal 2, Dubai Investment Park Second",84,256,ok,1353000.0,1571.39,1264250.0,1822000.0,100.0,
3550,Lume Residences,lume-residences,https://datadubai.ae/projects/lume-residences/,Active,21.69,2027-09-30,2025-06-30,2025-04-23,S And S Real Estate Development L.L.C,1615,s-and-s-real-estate-development-l-l-c,Sharjah Islamic Bank,182,10307.57,,,,"Lume Residences, Al Barsha South Fourth",84,154,ok,998849.5,1673.5,958750.5,1056027.0,100.0,Jumeirah Village Circle
3845,Azizi Sikander,azizi-sikander,https://datadubai.ae/projects/azizi-sikander/,Active,2.0,2027-06-17,2025-06-17,2025-07-24,Azizi Developments L.L.C,1002,azizi-developments-l-l-c,Ajman Bank /P.J.S.C,226,8332.77,,,,"Azizi Sikander, Jabal Ali First",84,92,ok,578600.0,1773.07,566360.0,597227.5,100.0,Al Furjan
4219,The Valley - Ovelle,the-valley-ovelle,https://datadubai.ae/projects/the-valley-ovelle/,Active,2.36,2029-12-31,2026-02-13,2025-11-18,Emaar Development P.J.S.C.,1211,emaar-development-p-j-s-c,First Abu Dhabi Bank P.J.S.C.,133,88356.54,,,,"The Valley - Ovelle, Al Yufrah 1",84,84,ok,7294888.0,,7119388.0,8828231.0,0.0,
1487,Celestia,celestia,https://datadubai.ae/projects/celestia/,Finished,100.0,2019-08-07,2014-06-01,2014-02-16,Damac Development(L L C),192,damac-development-l-l-c,Emirates Nbd Bank  (P.J.S.C),974,58189.54,,24.947981,55.203272,"Celestia, Madinat Al Mataar",83,1422,ok,550000.0,1115.92,525000.0,881418.0,0.0,Dubai South Residential District
2284,Peninsula One,peninsula-one,https://datadubai.ae/projects/peninsula-one/,Finished,100.0,2024-04-01,2021-08-01,2021-09-28,Select Global Development L.L.C,972,select-global-development-l-l-c,Emirates Nbd Bank  (P.J.S.C),525,35132.76,,,,"Peninsula One, Business Bay",83,954,ok,1825000.0,2743.2,1347500.0,2525000.0,0.0,Business Bay
1570,Rukan,rukan,https://datadubai.ae/projects/rukan/,Finished,100.0,2023-01-18,2014-12-31,2014-09-15,Continental Investments Lmd L.L.C,958,continental-investments-lmd-l-l-c,Arab African International Bank,621,36338.3,,25.042296,55.289905,"Rukan, Wadi Al Safa 7",83,840,ok,653047.5,1097.28,524625.75,790000.0,0.0,Rukan
3488,Parkwood,parkwood,https://datadubai.ae/projects/parkwood/,Active,15.0,2029-01-31,2025-05-02,2025-01-22,Dubai Hills Estate L.L.C,984,dubai-hills-estate-l-l-c,First Abu Dhabi Bank P.J.S.C.,488,51835.1,,,,"Parkwood, Hadaeq Sheikh Mohammed Bin Rashid",83,403,ok,2819888.0,2417.92,1833110.0,3410888.0,100.0,Dubai Hills Estate
4248,Omya Residences,omya-residences,https://datadubai.ae/projects/omya-residences/,Active,0.0,2028-06-30,2026-03-01,2026-04-09,Pantheon Elysee Real Estate Development L.L.C,1364,pantheon-elysee-real-estate-development-l-l-c,Abu Dhabi Commercial Bank,416,19071.02,,,,"Omya Residences, Jabal Ali First",83,96,ok,689900.0,1685.25,638840.0,1013552.0,100.0,Wasl Gate
3866,Grand Polo - Selvara 3,grand-polo-selvara-3,https://datadubai.ae/projects/grand-polo-selvara-3/,Active,2.98,2029-05-31,2025-11-02,2025-07-15,Emaar Development P.J.S.C.,1211,emaar-development-p-j-s-c,Abu Dhabi Commercial Bank,138,47672.31,,,,"Grand Polo - Selvara 3, Dubai Investment Park Second",83,86,ok,6929888.0,,6820888.0,7315284.5,0.0,
4137,Sobha Skyparks,sobha-skyparks,https://datadubai.ae/projects/sobha-skyparks/,Active,0.0,2032-12-31,2026-04-01,2025-12-25,Sobha L.L.C,966,sobha-l-l-c,Abu Dhabi Islamic Bank,684,94083.79,,,,"Sobha Skyparks, Business Bay",83,83,ok,3326211.0,4250.03,2948015.75,6609685.5,100.0,
1282,Jumeirah Park,jumeirah-park,https://datadubai.ae/projects/jumeirah-park/,Finished,100.0,2014-02-26,2012-05-02,2010-09-27,Jumeirah Park (L.L.C),880,jumeirah-park-l-l-c,Mashreq Bank Psc,1,1535002.14,,,,"Jumeirah Park , Al Thanyah Fifth",82,3994,ok,8900000.0,,7650000.0,11275000.0,0.0,Jumeirah Park
1297,Marina Residence,marina-residence,https://datadubai.ae/projects/marina-residence/,Finished,100.0,2009-06-25,2010-10-20,2010-10-20,The Palm - Jumeirah Co. (L.L.C),103,the-palm-jumeirah-co-l-l-c,,980,228782.46,,25.113571,55.136431,"Marina Residence, Palm Jumeirah",82,2277,ok,4137500.0,2218.7,3762500.0,4986750.0,0.0,Palm Jumeirah
2330,Damac Lagoons - Costa Brava (2),damac-lagoons-costa-brava-2,https://datadubai.ae/projects/damac-lagoons-costa-brava-2/,Finished,100.0,2025-07-29,2022-02-28,2021-12-06,Island Oasis Properties,921,island-oasis-properties,Emirates Nbd Bank  (P.J.S.C),497,93195.46,,,,"Damac Lagoons - Costa Brava (2), Al Hebiah Fifth",82,779,ok,2800000.0,,2606250.0,3400000.0,0.0,DAMAC Lagoons
2492,Liva,liva,https://datadubai.ae/projects/liva/,Finished,100.0,2025-09-30,2023-02-28,2022-10-25,Nshama Properties Owned By Nshmi Development One Person Company L.L.C,1162,nshama-properties-owned-by-nshmi-development-one-person-company-l-l-c,First Abu Dhabi Bank P.J.S.C.,484,43342.63,,,,"Liva, Al Yelayiss 2",82,631,ok,762500.0,1639.18,650000.0,807500.0,0.0,TOWN SQUARE
3076,Serra,serra,https://datadubai.ae/projects/serra/,Active,42.05,,2024-12-27,2024-05-27,Majid Al Futtaim Ghaf Woods L.L.C,1441,majid-al-futtaim-ghaf-woods-l-l-c,Emirates Nbd Bank  (P.J.S.C),535,66141.01,,,,"Serra, Wadi Al Safa 4",82,551,ok,1369150.0,1888.01,1330000.0,2195425.0,100.0,
3750,Atelis At D3,atelis-at-d3,https://datadubai.ae/projects/atelis-at-d3/,Active,0.96,2029-08-14,2025-08-14,2025-06-18,Dhre 2 Bts L.L.C,1510,dhre-2-bts-l-l-c,National Bank Of Ras Al- Khaimah (P.S.C),280,38127.02,,,,"Atelis At D3, Zaabeel Second",82,280,ok,4279500.0,2914.53,2559750.0,5207000.0,100.0,Business Park
3817,Azizi Milan 28,azizi-milan-28,https://datadubai.ae/projects/azizi-milan-28/,Active,0.0,2027-06-03,2025-06-03,2025-07-04,Azizi Developments L.L.C,1002,azizi-developments-l-l-c,Commercial Bank Of Dubai(Psc),629,33054.08,,,,"Azizi Milan 28, Wadi Al Safa 4",82,96,ok,589000.0,1634.15,584080.0,635000.0,100.0,City Of Arabia
4004,Rivo,rivo,https://datadubai.ae/projects/rivo/,Active,7.03,2027-12-31,2025-11-01,2025-11-11,Grovy Homes Real Estate Development L.L.C,1429,grovy-homes-real-estate-development-l-l-c,Mashreq Bank Psc,133,12941.96,,,,"Rivo, Wadi Al Safa 5",82,82,ok,1016000.0,1226.76,952000.0,1148250.0,100.0,Dubai Land Residence Complex
4065,Elle Residences,elle-residences,https://datadubai.ae/projects/elle-residences/,Active,0.0,2027-09-01,2025-11-01,2025-09-25,Anax Developments L.L.C,1455,anax-developments-l-l-c,Emirates Nbd Bank  (P.J.S.C),98,11833.4,,,,"Elle Residences, Palm Deira",82,82,ok,3597777.0,3295.8,2967777.0,5346777.0,100.0,Palm Deira
439,Lago Vista,lago-vista,https://datadubai.ae/projects/lago-vista/,Finished,100.0,2011-01-27,2007-02-14,2008-11-08,Damac Properties Co (L.L.C),260,damac-properties-co-l-l-c,Abu Dhabi Commercial Bank,1018,68881.43,,25.034647,55.2019,"Lago Vista, Me'Aisem First",81,2376,ok,485000.0,819.19,425000.0,902500.0,0.0,International Media Production Zone
2551,Creek Beach - Savanna-Cedar-Mangrove,creek-beach-savanna-cedar-mangrove,https://datadubai.ae/projects/creek-beach-savanna-cedar-mangrove/,Finished,100.0,2026-07-31,2023-05-27,2023-03-01,Dubai Creek Harbour L.L.C,1224,dubai-creek-harbour-l-l-c,Dubai Islamic Bank (Public Joint Stock Company),595,336531.98,,,,"Creek Beach - Savanna-Cedar-Mangrove, Al Khairan First",81,712,ok,2180000.0,2239.71,1600000.0,2350000.0,19.8,Dubai Creek Harbour
181,Siraj Tower,siraj-tower,https://datadubai.ae/projects/siraj-tower/,Finished,100.0,2016-03-17,2008-10-14,2008-11-08,Al Madar Investment (L.L.C),79,al-madar-investment-l-l-c,Abu Dhabi Commercial Bank,374,28732.46,,25.056856,55.236343,"Siraj Tower, Al Barshaa South Third",81,319,ok,800000.0,1170.99,550000.0,950000.0,0.0,Arjan
3350,Condor Golf Links 18,condor-golf-links-18,https://datadubai.ae/projects/condor-golf-links-18/,Finished,100.0,2026-06-30,2024-09-01,2024-12-05,Condor Golf Links 18 Real Estate Development L.L.C,2032,condor-golf-links-18-real-estate-development-l-l-c,The National Bank Of Fujairah P S C,256,14562.77,,,,"Condor Golf Links 18, Al Hebiah Fourth",81,269,ok,897696.0,1869.81,760739.0,1471098.0,45.7,Dubai Sports City
4531,The Greens At Sobha Sanctuary,the-greens-at-sobha-sanctuary,https://datadubai.ae/projects/the-greens-at-sobha-sanctuary/,Active,0.0,2030-08-31,2027-01-01,2026-07-30,Sobha L.L.C,966,sobha-l-l-c,Dubai Islamic Bank (Public Joint Stock Company),375,77826.26,,,,"The Greens At Sobha Sanctuary, Al Yufrah 1",81,134,ok,4170870.0,,4072118.0,5690155.0,0.0,
3671,Cotier House 2 By Imtiaz,cotier-house-2-by-imtiaz,https://datadubai.ae/projects/cotier-house-2-by-imtiaz/,Active,16.06,2027-04-15,2025-04-15,2025-04-24,Imtiaz Ug Real Estate Development L.L.C,2212,imtiaz-ug-real-estate-development-l-l-c,First Abu Dhabi Bank P.J.S.C.,128,16499.61,,,,"Cotier House 2 By Imtiaz , Palm Deira",81,111,ok,2689531.0,2602.5,2213384.0,3935652.0,100.0,Palm Deira
3868,Sunset Bay Grand By Imtiaz,sunset-bay-grand-by-imtiaz,https://datadubai.ae/projects/sunset-bay-grand-by-imtiaz/,Active,16.29,2028-02-15,2025-10-15,2025-09-30,Imtiaz Ghd Real Estate Development L.L.C,1641,imtiaz-ghd-real-estate-development-l-l-c,First Abu Dhabi Bank P.J.S.C.,98,11738.67,,,,"Sunset Bay Grand By Imtiaz, Palm Deira",81,81,ok,2398000.0,2315.31,2288683.0,3242632.0,100.0,Palm Deira
1670,Al Habtoor City,al-habtoor-city,https://datadubai.ae/projects/al-habtoor-city/,Finished,100.0,2022-02-17,2014-07-01,2015-08-02,Al Habtoor City Real Estate Development (Br. Of Dubai National Investment Co L.L.C),1094,al-habtoor-city-real-estate-development-br-of-dubai-national-investment-co-l-l-c,First Abu Dhabi Bank P.J.S.C.,1485,984098.66,,25.18299,55.254626,"Al Habtoor City, Business Bay",80,1703,ok,2412500.0,1828.78,1781250.0,2750000.0,0.0,
2270,Regalia,regalia,https://datadubai.ae/projects/regalia/,Finished,100.0,2024-12-31,2021-08-01,2021-07-18,Deyaar Development (P.J.S.C),15,deyaar-development-p-j-s-c,Abu Dhabi Commercial Bank,913,68321.77,,,,"Regalia, Business Bay",80,1375,ok,1255000.0,1782.8,923750.0,1400000.0,100.0,Business Bay
3143,Athlon By Al Dar 1,athlon-by-al-dar-1,https://datadubai.ae/projects/athlon-by-al-dar-1/,Active,18.22,2028-05-31,2024-07-16,2024-07-17,Aurora Spv 3 L.L.C,1657,aurora-spv-3-l-l-c,First Abu Dhabi Bank P.J.S.C.,893,278205.48,,,,"Athlon By Al Dar 1, Wadi Al Safa 5",80,933,ok,4287500.0,1553.62,3193724.75,10165979.75,55.0,
3608,Altan,altan,https://datadubai.ae/projects/altan/,Active,11.06,2029-07-31,2025-06-10,2025-03-24,Dubai Creek Harbour L.L.C,1224,dubai-creek-harbour-l-l-c,Emirates Nbd Bank  (P.J.S.C),479,53111.17,,,,"Altan, Al Khairan First",80,452,ok,3306888.0,2313.44,2715638.0,4143888.0,100.0,Dubai Creek Harbour
3150,One Residence,one-residence,https://datadubai.ae/projects/one-residence/,Active,6.33,2027-03-31,2024-10-01,2024-07-11,Ginco Properties L.L.C,1485,ginco-properties-l-l-c,Emirates Islamic Bank P.J.S.C.,458,36664.97,,,,"One Residence, Burj Khalifa",80,367,ok,2289500.0,2929.59,1548500.0,2842100.0,100.0,DownTown Dubai
3681,Provenza Residences,provenza-residences,https://datadubai.ae/projects/provenza-residences/,Active,20.31,2027-09-30,2025-07-01,2025-05-16,I K R Real Estate Development L.L.C,1803,i-k-r-real-estate-development-l-l-c,Mashreq Bank Psc,188,13739.03,,,,"Provenza Residences , Al Barsha South Fourth",80,108,ok,1044050.0,1349.68,743750.0,1090100.0,100.0,Jumeirah Village Circle
3812,Samana Business Park,samana-business-park,https://datadubai.ae/projects/samana-business-park/,Active,5.61,2028-09-30,2025-06-01,2025-06-23,Samana Signature Real Estate Developments L.L.C,1598,samana-signature-real-estate-developments-l-l-c,Dubai Islamic Bank (Public Joint Stock Company),103,10815.65,,,,"Samana Business Park, Wadi Al Safa 3",80,92,ok,1780762.0,,1624188.25,2200397.0,100.0,Majan
447,The Crescent,the-crescent,https://datadubai.ae/projects/the-crescent/,Finished,100.0,2008-12-25,2006-07-11,2008-11-08,Damac Properties Co (L.L.C),260,damac-properties-co-l-l-c,Abu Dhabi Commercial Bank,863,56252.75,,25.033414,55.202483,"The Crescent, Me'Aisem First",79,1743,ok,450000.0,830.64,415000.0,801301.5,0.0,International Media Production Zone
1607,Elite 10 Sports Residence,elite-10-sports-residence,https://datadubai.ae/projects/elite-10-sports-residence/,Finished,100.0,2017-12-25,2014-10-13,2014-11-13,Range 4 Developments L.L.C,1046,range-4-developments-l-l-c,Mashreq Bank Psc,800,52625.81,,25.036232,55.206221,"Elite 10 Sports Residence, Al Hebiah Fourth",79,1186,ok,620000.0,933.41,575000.0,750000.0,0.0,Dubai Sports City
1781,"No.17, No.18a,No.18b And No.19 Citywalk Residential",no-17-no-18a-no-18b-and-no-19-citywalk-residential,https://datadubai.ae/projects/no-17-no-18a-no-18b-and-no-19-citywalk-residential/,Finished,100.0,2017-01-15,2014-05-01,2016-08-16,Citywalk Residential 1 L.L.C,1109,citywalk-residential-1-l-l-c,Noor Bank P.J.S.C,196,35234.45,,25.201706,55.263707,"No.17, No.18a,No.18b And No.19 Citywalk Residential , Al Wasl",79,452,ok,4799968.5,2668.61,4399955.0,6499934.0,0.0,City Walk
2434,Azizi Riviera Reve,azizi-riviera-reve,https://datadubai.ae/projects/azizi-riviera-reve/,Active,76.57,2025-02-05,2022-07-01,2022-08-26,Azizi Developments L.L.C,1002,azizi-developments-l-l-c,Abu Dhabi Commercial Bank,455,44823.84,,,,"Azizi Riviera Reve, Al Merkadh",79,340,ok,3057150.0,2965.69,2421850.0,4842120.0,100.0,Meydan One Community
2851,Saba 4,saba-4,https://datadubai.ae/projects/saba-4/,Active,30.35,2027-06-01,2024-02-01,2024-05-29,Saba 4 Fzco,1702,saba-4-fzco,Emirates Nbd Bank  (P.J.S.C),547,67792.0,,,,"Saba 4, Al Thanyah Fifth",79,262,ok,3139400.0,2449.83,2354888.5,3808500.0,100.0,Jumeirah Lakes Towers
2318,Peninsula Two,peninsula-two,https://datadubai.ae/projects/peninsula-two/,Finished,100.0,2024-09-01,2021-11-01,2021-11-03,Select Global Development L.L.C,972,select-global-development-l-l-c,Emirates Nbd Bank  (P.J.S.C),462,30405.64,,,,"Peninsula Two, Business Bay",78,783,ok,1635000.0,2585.12,1206250.0,2165000.0,67.9,Business Bay
3422,Samana Barari Lagoons,samana-barari-lagoons,https://datadubai.ae/projects/samana-barari-lagoons/,Active,11.84,2028-03-31,2025-04-01,2024-12-16,Samana Signature Real Estate Developments L.L.C,1598,samana-signature-real-estate-developments-l-l-c,The National Bank Of Fujairah P S C,601,40560.1,,,,"Samana Barari Lagoons, Wadi Al Safa 3",78,599,ok,1200113.5,1589.57,968297.75,1322105.0,100.0,Majan
2303,The Valley - Talia,the-valley-talia,https://datadubai.ae/projects/the-valley-talia/,Finished,100.0,2025-03-31,2022-02-20,2021-10-06,Emaar Development P.J.S.C.,1211,emaar-development-p-j-s-c,Emirates Nbd Bank  (P.J.S.C),330,66349.12,,,,"The Valley - Talia, Al Yufrah 1",78,569,ok,2970000.0,1458.3,2800000.0,3450000.0,0.0,The Valley
3209,Lazord By Lapis,lazord-by-lapis,https://datadubai.ae/projects/lazord-by-lapis/,Active,27.64,2026-12-31,2025-01-01,2024-09-03,Lapis Properties L.L.C,1927,lapis-properties-l-l-c,Mashreq Bank Psc,313,17422.57,,,,"Lazord By Lapis, Wadi Al Safa 3",78,249,ok,739606.5,1480.32,613623.75,1224419.25,100.0,Majan
3041,Urban Life,urban-life,https://datadubai.ae/projects/urban-life/,Active,71.34,2026-06-15,2024-01-08,2024-08-13,Urban Properties Development L.L.C,1633,urban-properties-development-l-l-c,Sharjah Islamic Bank,147,12320.37,,,,"Urban Life, Business Bay",78,110,ok,1983772.0,2186.33,1548480.75,2567669.5,100.0,Business Bay
3720,Villea West,villea-west,https://datadubai.ae/projects/villea-west/,Active,0.02,2027-11-01,2025-08-01,2025-07-03,Palmridge Real Estate Development L.L.C,2050,palmridge-real-estate-development-l-l-c,Emirates Islamic Bank P.J.S.C.,229,12390.46,,,,"Villea West, Al Satwa",78,79,ok,1213070.5,2376.02,1194814.5,1672964.25,100.0,Jumeirah Garden City
2221,Harmony,harmony,https://datadubai.ae/projects/harmony/,Finished,100.0,2024-06-30,2021-06-30,2020-11-23,Majid Al Futtaim Tilal Al Ghaf Phase A L.L.C,1228,majid-al-futtaim-tilal-al-ghaf-phase-a-l-l-c,Abu Dhabi Commercial Bank,757,537506.49,,,,"Harmony, Al Hebiah Fourth",77,1193,ok,10850000.0,,9100000.0,13650000.0,0.0,TILAL AL GHAF
2536,Elvira,elvira,https://datadubai.ae/projects/elvira/,Finished,100.0,2026-12-31,2023-04-28,2023-01-23,Dubai Hills Estate L.L.C,984,dubai-hills-estate-l-l-c,First Abu Dhabi Bank P.J.S.C.,902,94047.74,,,,"Elvira, Hadaeq Sheikh Mohammed Bin Rashid",77,1126,ok,2400000.0,2468.37,1740000.0,3750000.0,92.2,Dubai Hills Estate
2450,The Cove Ll,the-cove-ll,https://datadubai.ae/projects/the-cove-ll/,Finished,100.0,2026-12-31,2023-02-10,2022-10-28,The Lagoons Phase One L.L.C,1038,the-lagoons-phase-one-l-l-c,Dubai Islamic Bank (Public Joint Stock Company),806,143217.95,,,,"The Cove Ll, Al Khairan First",77,1010,ok,2900000.0,2405.77,2228000.0,4458944.0,66.2,Dubai Creek Harbour
2562,Palace Residences - North,palace-residences-north,https://datadubai.ae/projects/palace-residences-north/,Finished,100.0,2027-06-30,2023-07-02,2023-02-09,The Lagoons Phase One L.L.C,1038,the-lagoons-phase-one-l-l-c,First Abu Dhabi Bank P.J.S.C.,340,33559.61,,,,"Palace Residences - North, Al Khairan First",77,471,ok,2550000.0,2647.25,1750000.0,3000000.0,2.6,Dubai Creek Harbour
3165,Binghatti Aurora,binghatti-aurora,https://datadubai.ae/projects/binghatti-aurora/,Finished,100.0,2025-12-31,2024-08-01,2024-10-29,Binghatti Developers Fze,1051,binghatti-developers-fze,Abu Dhabi Islamic Bank,275,18442.3,,,,"Binghatti Aurora, Al Barsha South Fourth",77,323,ok,1150000.0,1575.62,1025000.0,1487498.0,14.3,Jumeirah Village Circle
3602,Elwood Estates,elwood-estates,https://datadubai.ae/projects/elwood-estates/,Active,14.35,2028-06-30,2025-07-15,2025-04-29,Sobha L.L.C,966,sobha-l-l-c,First Abu Dhabi Bank P.J.S.C.,305,184671.13,,,,"Elwood Estates , Al Yufrah 1",77,257,ok,9915280.0,,8198405.0,11508944.0,0.0,
3400,999 Residences By Reef Luxury Development,999-residences-by-reef-luxury-development,https://datadubai.ae/projects/999-residences-by-reef-luxury-development/,Active,13.21,2027-06-30,2025-04-01,2025-01-07,Reef Luxury Development L.L.C,1944,reef-luxury-development-l-l-c,First Abu Dhabi Bank P.J.S.C.,148,15959.83,,,,"999 Residences By Reef Luxury Development, Jabal Ali First",77,139,ok,1391898.0,1509.84,1182460.0,1936511.0,100.0,Al Furjan
4134,The Residences At The Dubai Beach Edition,the-residences-at-the-dubai-beach-edition,https://datadubai.ae/projects/the-residences-at-the-dubai-beach-edition/,Active,0.15,2029-11-30,2026-02-28,2025-12-12,Ed Residences L.L.C,2503,ed-residences-l-l-c,Emirates Nbd Bank  (P.J.S.C),169,43936.21,,,,"The Residences At The Dubai Beach Edition, Marsa Dubai",77,78,ok,9126558.0,4312.5,8574301.75,9956819.5,100.0,Dubai Harbour
4314,Rabdan Gardens,rabdan-gardens,https://datadubai.ae/projects/rabdan-gardens/,Active,0.02,2028-03-01,2026-03-01,2026-02-03,Rabdan Gardens Real Estate Developments L.L.C,2568,rabdan-gardens-real-estate-developments-l-l-c,Dubai Islamic Bank (Public Joint Stock Company),90,5900.44,,,,"Rabdan Gardens, Al Satwa",77,78,ok,1053690.0,2217.42,961800.0,1627500.0,100.0,Jumeirah Garden City
4245,Ahs Tower,ahs-tower,https://datadubai.ae/projects/ahs-tower/,Active,67.43,2027-01-31,2025-10-15,2025-12-19,Ahs Tower Holding Development L.L.C S.O.C,2539,ahs-tower-holding-development-l-l-c-s-o-c,Abu Dhabi Commercial Bank,82,35810.53,,,,"Ahs Tower, Trade Center Second",77,77,ok,22285000.0,,14742086.0,29058741.0,100.0,
1962,Seven Hotel And Apartments The Palm,seven-hotel-and-apartments-the-palm,https://datadubai.ae/projects/seven-hotel-and-apartments-the-palm/,Finished,100.0,2022-10-31,2017-09-01,2017-09-12,Seven Tides Real Estate Development L.L.C,1179,seven-tides-real-estate-development-l-l-c,Dubai Islamic Bank (Public Joint Stock Company),1124,59714.38,,25.111519,55.138626,"Seven Hotel And Apartments The Palm, Palm Jumeirah",76,1689,ok,1465000.0,3033.0,1137500.0,2100000.0,0.0,Palm Jumeirah
1660,Forte,forte,https://datadubai.ae/projects/forte/,Finished,100.0,2022-11-29,2016-09-01,2015-05-19,Emaar Development P.J.S.C.,1211,emaar-development-p-j-s-c,Dubai Islamic Bank (Public Joint Stock Company),927,108197.58,,25.195828,55.269087,"Forte, Burj Khalifa",76,1537,ok,3270000.0,2856.1,2950000.0,4975000.0,0.0,DownTown Dubai
1695,The Address Dubai Opera,the-address-dubai-opera,https://datadubai.ae/projects/the-address-dubai-opera/,Finished,100.0,2023-03-30,2017-04-02,2015-11-30,Emaar Development P.J.S.C.,1211,emaar-development-p-j-s-c,First Abu Dhabi Bank P.J.S.C.,873,587980.18,,25.196862,55.271895,"The Address Dubai Opera, Burj Khalifa",76,1490,ok,4100000.0,3359.97,3700000.0,5300000.0,0.0,DownTown Dubai
3666,Damac Riverside Views - Indigo 2,damac-riverside-views-indigo-2,https://datadubai.ae/projects/damac-riverside-views-indigo-2/,Active,5.61,2029-03-31,2025-08-11,2025-05-11,Damac Mry Investment L.L.C,1866,damac-mry-investment-l-l-c,Mashreq Bank Psc,388,32262.51,,,,"Damac Riverside Views - Indigo 2, Dubai Investment Park Second",76,345,ok,1225960.0,1542.64,1127250.0,1798000.0,100.0,
3294,Viera Residences,viera-residences,https://datadubai.ae/projects/viera-residences/,Finished,100.0,2025-12-31,2024-03-01,2024-12-18,Vantage Ventures Real Estate Development L.L.C,1911,vantage-ventures-real-estate-development-l-l-c,Commercial Bank International P.J.S.C,144,12061.45,,,,"Viera Residences, Me'Aisem First",76,144,ok,1167476.5,1371.54,1059756.0,1492839.75,75.0,International Media Production Zone
1276,29 Boulevard,29-boulevard,https://datadubai.ae/projects/29-boulevard/,Finished,100.0,2013-04-10,2008-08-26,2010-07-07,Emaar Properties (P.J.S.C),555,emaar-properties-p-j-s-c,Mashreq Bank Psc,756,75211.32,,25.191929,55.272497,"29 Boulevard, Burj Khalifa",75,2228,ok,2250000.0,2370.58,1949944.0,2910000.0,0.0,DownTown Dubai
774,Silicon Gate 1,silicon-gate-1,https://datadubai.ae/projects/silicon-gate-1/,Finished,100.0,2014-01-06,2007-05-24,2008-11-08,Time Properties,527,time-properties,Emirates Islamic Bank P.J.S.C.,888,66053.27,,25.116881,55.391503,"Silicon Gate 1, Nadd Hessa",75,1738,ok,545000.0,875.39,440000.0,680000.0,0.0,Silicon Oasis
1836,Rawda Apartments,rawda-apartments,https://datadubai.ae/projects/rawda-apartments/,Finished,100.0,2020-02-20,2017-06-01,2017-05-01,Nshama Properties Owned By Nshmi Development One Person Company L.L.C,1162,nshama-properties-owned-by-nshmi-development-one-person-company-l-l-c,Dubai Islamic Bank (Public Joint Stock Company),748,76053.91,,25.002856,55.291628,"Rawda Apartments, Al Yelayiss 2",75,1015,ok,1220000.0,1280.94,940000.0,1420000.0,0.0,TOWN SQUARE
2212,Cloud Tower,cloud-tower,https://datadubai.ae/projects/cloud-tower/,Finished,100.0,2025-02-28,2022-03-01,2022-03-11,Tiger Properties,581,tiger-properties,Abu Dhabi Commercial Bank,456,30176.14,,,,"Cloud Tower , Al Barsha South Fifth",75,479,ok,900000.0,1438.97,664948.0,1071767.5,21.3,Jumeirah Village Triangle
1458,Park Islands,park-islands,https://datadubai.ae/projects/park-islands/,Finished,100.0,2010-03-01,2006-07-01,2014-01-26,Emaar Properties (P.J.S.C),555,emaar-properties-p-j-s-c,,752,82225.96,,25.082054,55.141984,"Park Islands, Marsa Dubai",74,2304,ok,2062500.0,2020.59,1815000.0,2537500.0,0.0,Dubai Marina
2788,330 Riverside Crescent,330-riverside-crescent,https://datadubai.ae/projects/330-riverside-crescent/,Active,60.37,,2023-10-12,2024-01-03,Sobha L.L.C,966,sobha-l-l-c,Emirates Islamic Bank P.J.S.C.,767,58020.13,,,,"330 Riverside Crescent, Bukadra",74,829,ok,1839593.5,2280.01,1557889.25,1974499.0,100.0,
2610,Binghatti Onyx,binghatti-onyx,https://datadubai.ae/projects/binghatti-onyx/,Finished,100.0,2024-10-01,2023-03-23,2023-04-12,Binghatti Developers Fze,1051,binghatti-developers-fze,Sharjah Islamic Bank,507,46745.1,,,,"Binghatti Onyx, Al Barsha South Fourth",74,705,ok,1120000.0,1490.86,1003385.0,1781250.0,0.0,Jumeirah Village Circle
3145,Athlon By Al Dar 2,athlon-by-al-dar-2,https://datadubai.ae/projects/athlon-by-al-dar-2/,Active,12.31,2028-09-30,2024-07-16,2024-07-19,Aurora Spv 3 L.L.C,1657,aurora-spv-3-l-l-c,First Abu Dhabi Bank P.J.S.C.,599,205510.61,,,,"Athlon By Al Dar 2, Wadi Al Safa 5",74,606,ok,4984338.5,1569.35,3300000.0,10620358.5,41.9,
3314,Binghatti Grove,binghatti-grove,https://datadubai.ae/projects/binghatti-grove/,Active,84.0,2026-03-31,2024-10-01,2024-11-28,Binghatti Developers Fze,1051,binghatti-developers-fze,United Arab Bank,404,37752.06,,,,"Binghatti Grove, Al Barsha South Fourth",74,366,ok,1637499.0,1872.16,1350000.0,1746874.0,100.0,Jumeirah Village Circle
3052,Onda By Kasco,onda-by-kasco,https://datadubai.ae/projects/onda-by-kasco/,Active,61.1,2027-08-31,2024-09-01,2024-08-08,Kasco Real Estate Development L.L.C,1764,kasco-real-estate-development-l-l-c,Emirates Nbd Bank  (P.J.S.C),352,29170.89,,,,"Onda By Kasco, Business Bay",74,301,ok,2282199.0,1838.29,2001683.0,2449945.0,100.0,Business Bay
3484,Al Haseen Residence 3,al-haseen-residence-3,https://datadubai.ae/projects/al-haseen-residence-3/,Active,10.08,2027-05-15,2025-04-15,2025-02-07,Dugasta Properties Development L.L.C,1157,dugasta-properties-development-l-l-c,Abu Dhabi Commercial Bank,180,7525.08,,,,"Al Haseen Residence 3, Saih Shuaib 2",74,149,ok,584800.5,1475.0,551495.5,621582.0,100.0,
3193,Mag 777,mag-777,https://datadubai.ae/projects/mag-777/,Active,67.37,2026-01-15,2024-11-01,2024-10-04,Dng Property Development L.L.C,1950,dng-property-development-l-l-c,Emirates Nbd Bank  (P.J.S.C),266,18906.96,,,,"Mag 777, Al Hebiah Fourth",74,142,ok,844270.0,1590.87,775674.25,1289680.0,100.0,Dubai Sports City
2976,Verdana Residence 2,verdana-residence-2,https://datadubai.ae/projects/verdana-residence-2/,Active,20.01,2026-04-30,2024-10-01,2024-08-20,Reportage Prime Properties L.L.C,1277,reportage-prime-properties-l-l-c,Arab Bank For Investment & Foreign Trade Almasref P.J.S.C.,239,11894.64,,,,"Verdana Residence 2 , Dubai Investment Park First",74,139,ok,606608.0,1233.95,578425.0,678149.75,100.0,Dubai Investment Park First
3732,Waada - Cascada 2,waada-cascada-2,https://datadubai.ae/projects/waada-cascada-2/,Active,0.0,2029-03-17,2026-03-18,2025-12-10,Bt Properties Dwc Llc,2254,bt-properties-dwc-llc,Zand Bank P.J.S.C,249,27331.65,,,,"Waada - Cascada 2, Madinat Al Mataar",74,83,ok,870500.0,1137.76,862000.0,960000.0,100.0,Dubai World Central
3302,Verdana 3,verdana-3,https://datadubai.ae/projects/verdana-3/,Active,0.11,2028-09-30,2025-09-30,2026-02-03,Reportage Plus A Real Estate Development L.L.C,1936,reportage-plus-a-real-estate-development-l-l-c,Commercial Bank Of Dubai(Psc),131,15093.95,,,,"Verdana 3, Dubai Investment Park First",74,82,ok,1318481.0,1175.42,1216130.5,1658882.0,100.0,Dubai Investment Park First
3613,Azizi Riviera 49,azizi-riviera-49,https://datadubai.ae/projects/azizi-riviera-49/,Active,54.4,2027-03-13,2025-03-13,2025-09-19,Azizi Developments L.L.C,1002,azizi-developments-l-l-c,Commercial Bank Of Dubai(Psc),234,16606.52,,,,"Azizi Riviera 49, Al Merkadh",74,75,ok,1119450.0,2313.99,984770.0,1852012.5,100.0,Meydan One Community
4268,Verdana Residence 10,verdana-residence-10,https://datadubai.ae/projects/verdana-residence-10/,Active,0.0,2029-03-31,2026-03-31,2026-02-05,Reportage Plus A Real Estate Development L.L.C,1936,reportage-plus-a-real-estate-development-l-l-c,Commercial Bank Of Dubai(Psc),191,13593.8,,,,"Verdana Residence 10, Dubai Investment Park First",74,75,ok,812400.0,1195.92,596500.0,943150.0,100.0,Dubai Investment Park First
618,Oxbridge Gardens,oxbridge-gardens,https://datadubai.ae/projects/oxbridge-gardens/,Cancelled,0.0,,2008-01-17,2008-11-08,Moonjiz Properties Limited,390,moonjiz-properties-limited,,74,5663.25,,,,"Oxbridge Gardens, Al Barsha South Fourth",74,74,ok,750000.0,890.3,600000.0,826841.25,0.0,Jumeirah Village Circle
2317,Damac Lagoons - Santorini (2),damac-lagoons-santorini-2,https://datadubai.ae/projects/damac-lagoons-santorini-2/,Finished,100.0,2025-07-29,2022-01-06,2021-10-31,Island Oasis Properties,921,island-oasis-properties,Emirates Nbd Bank  (P.J.S.C),388,67031.03,,,,"Damac Lagoons - Santorini (2), Al Hebiah Fifth",73,636,ok,3250000.0,,2900000.0,3800000.0,0.0,DAMAC Lagoons
3179,One Sky Park By Iman,one-sky-park-by-iman,https://datadubai.ae/projects/one-sky-park-by-iman/,Active,9.04,2028-03-30,2024-10-01,2024-10-18,Iman Developers L.L.C,1178,iman-developers-l-l-c,Emirates Nbd Bank  (P.J.S.C),584,48190.93,,,,"One Sky Park By Iman, Al Barsha South Fourth",73,564,ok,1248367.0,1605.72,832201.0,1719014.0,100.0,Jumeirah Village Circle
3278,Terra Tower,terra-tower,https://datadubai.ae/projects/terra-tower/,Active,7.43,2027-04-30,2024-11-01,2024-10-10,Dugasta Properties Development L.L.C,1157,dugasta-properties-development-l-l-c,Mashreq Bank Psc,366,19688.99,,,,"Terra Tower, Wadi Al Safa 5",73,319,ok,952571.0,1568.01,623806.0,1183696.0,100.0,Dubai Land Residence Complex
3148,City View Dubai Hills Residences,city-view-dubai-hills-residences,https://datadubai.ae/projects/city-view-dubai-hills-residences/,Active,38.83,2027-03-31,2024-09-01,2024-09-10,City View Real Estate Development L.L.C,1805,city-view-real-estate-development-l-l-c,United Bank Limited (Management Office),239,24968.86,,,,"City View Dubai Hills Residences, Hadaeq Sheikh Mohammed Bin Rashid",73,233,ok,2512105.0,2788.36,2203788.0,3745341.0,100.0,Dubai Hills Estate
3230,Urban Park Residences,urban-park-residences,https://datadubai.ae/projects/urban-park-residences/,Active,67.62,2026-04-01,2024-10-01,2025-01-10,Urban Venture Real Estate Development L.L.C,1947,urban-venture-real-estate-development-l-l-c,United Bank Limited (Management Office),187,13484.33,,,,"Urban Park Residences, Al Hebiah Fourth",73,121,ok,1055389.0,1500.03,800000.0,1242570.0,100.0,Dubai Sports City
3832,Pinewood Estate Homes,pinewood-estate-homes,https://datadubai.ae/projects/pinewood-estate-homes/,Active,0.32,2028-11-17,2026-03-18,2025-06-18,Jge Real Estate L.L.C,2249,jge-real-estate-l-l-c,Emirates Nbd Bank  (P.J.S.C),247,75654.58,,,,"Pinewood Estate Homes, Me'Aisem First",73,74,ok,5978777.0,,5674777.0,8806777.0,0.0,Jumeirah Golf Estates - Phase B
1597,The Dubai Creek Residences,the-dubai-creek-residences,https://datadubai.ae/projects/the-dubai-creek-residences/,Finished,100.0,2019-01-15,2015-01-01,2014-10-26,The Lagoons Phase One L.L.C,1038,the-lagoons-phase-one-l-l-c,Dubai Islamic Bank (Public Joint Stock Company),924,140748.06,,25.205369,55.343372,"The Dubai Creek Residences, Al Khairan First",72,1376,ok,3475000.0,2180.34,2239062.25,4902633.0,0.0,Dubai Creek Harbour
2703,Oxford Gardens,oxford-gardens,https://datadubai.ae/projects/oxford-gardens/,Finished,100.0,2025-03-30,2023-07-11,2023-09-26,Iman Developers L.L.C,1178,iman-developers-l-l-c,Emirates Nbd Bank  (P.J.S.C),240,14638.08,,,,"Oxford Gardens, Al Barshaa South Third",72,382,ok,825000.0,1809.25,780000.0,1300000.0,8.3,Arjan
3181,Empire Livings,empire-livings,https://datadubai.ae/projects/empire-livings/,Active,13.34,2027-11-30,2024-11-30,2024-08-08,Empire Real Estate Developments L.L.C,1794,empire-real-estate-developments-l-l-c,Emirates Nbd Bank  (P.J.S.C),210,11734.57,,,,"Empire Livings, Al Barshaa South Second",72,201,ok,1100000.0,1654.91,851250.0,1142500.0,100.0,Dubai Science Park
3291,Park Lane 2 By Heilbronn,park-lane-2-by-heilbronn,https://datadubai.ae/projects/park-lane-2-by-heilbronn/,Finished,100.0,2026-03-31,2024-06-16,2025-04-25,Heilbronn Properties Development L.L.C,1747,heilbronn-properties-development-l-l-c,Commercial Bank International P.J.S.C,83,7762.26,,,,"Park Lane 2 By Heilbronn, Al Barsha South Fourth",72,82,ok,1390899.0,1607.82,1301448.75,1914416.0,81.9,Jumeirah Village Circle
3614,Azizi Riviera 50,azizi-riviera-50,https://datadubai.ae/projects/azizi-riviera-50/,Active,60.92,2027-03-13,2025-03-13,2025-09-22,Azizi Developments L.L.C,1002,azizi-developments-l-l-c,Abu Dhabi Commercial Bank,234,16547.35,,,,"Azizi Riviera 50, Al Merkadh",72,79,ok,1719998.0,2295.56,1036425.0,2126385.0,100.0,Meydan One Community
4036,Riverton House,riverton-house,https://datadubai.ae/projects/riverton-house/,Active,0.0,2027-12-31,2025-12-01,2026-07-02,Riverton House Development L.L.C,2563,riverton-house-development-l-l-c,Commercial Bank Of Dubai(Psc),151,14230.19,,,,"Riverton House, Bukadra",72,73,ok,2271828.0,2709.85,2119328.0,3406578.0,100.0,
2205,Elan,elan,https://datadubai.ae/projects/elan/,Finished,100.0,2023-11-03,2020-06-30,2020-02-04,Majid Al Futtaim Tilal Al Ghaf Phase A L.L.C,1228,majid-al-futtaim-tilal-al-ghaf-phase-a-l-l-c,Emirates Nbd Bank  (P.J.S.C),916,152221.38,,,,"Elan, Al Hebiah Fourth",71,1632,ok,4140312.0,2076.14,3850000.0,4493250.0,0.0,TILAL AL GHAF
1746,Aykon City 2,aykon-city-2,https://datadubai.ae/projects/aykon-city-2/,Finished,100.0,2023-10-12,2016-07-01,2016-04-19,Damac Canal Two Property Development L.L.C,1131,damac-canal-two-property-development-l-l-c,Abu Dhabi Commercial Bank,986,192361.01,,25.180818,55.252531,"Aykon City 2, Business Bay",71,1444,ok,1472500.0,1823.44,1216250.0,1645000.0,0.0,
2240,Palace Beach Residence,palace-beach-residence,https://datadubai.ae/projects/palace-beach-residence/,Finished,100.0,2025-10-31,2021-09-26,2021-04-04,Emaar Development P.J.S.C.,1211,emaar-development-p-j-s-c,Abu Dhabi Commercial Bank,552,58496.72,,,,"Palace Beach Residence, Marsa Dubai",71,1076,ok,3000000.0,3515.36,2625000.0,5100000.0,0.0,Dubai Harbour
2990,Mercer House,mercer-house,https://datadubai.ae/projects/mercer-house/,Active,18.11,2027-07-31,2024-03-01,2024-06-14,Eln Properties Development L.L.C,1466,eln-properties-development-l-l-c,Abu Dhabi Commercial Bank,610,81627.57,,,,"Mercer House, Al Thanyah Fifth",71,565,ok,3367828.0,2591.63,2238328.0,4565914.0,100.0,DMCC Master Community
1523,Damac Hills - Artesia,damac-hills-artesia,https://datadubai.ae/projects/damac-hills-artesia/,Finished,100.0,2021-01-10,2014-08-01,2014-05-26,Damac Crescent Properties,954,damac-crescent-properties,Abu Dhabi Commercial Bank,1246,81827.9,,25.019362,55.245202,"Damac Hills - Artesia, Al Hebiah Third",70,1511,ok,702000.0,1270.32,606250.0,1120481.75,0.0,DAMAC HILLS
1779,Oia Residence,oia-residence,https://datadubai.ae/projects/oia-residence/,Finished,100.0,2018-07-10,2016-04-05,2016-08-23,Union Properties (P.J.S.C),27,union-properties-p-j-s-c,Ajman Bank /P.J.S.C,269,43813.58,,25.04299,55.243133,"Oia Residence, Al Hebiah First",70,412,ok,2038500.0,1050.0,1688750.0,2466500.0,0.0,Motor City
3788,Aura Prestige,aura-prestige,https://datadubai.ae/projects/aura-prestige/,Active,20.65,2026-11-01,2025-06-01,2025-09-25,Aura Infinite Real Estate Development L.L.C,1676,aura-infinite-real-estate-development-l-l-c,Dubai Islamic Bank (Public Joint Stock Company),81,9592.02,,,,"Aura Prestige, Nadd Hessa",70,73,ok,1569362.5,1281.0,1488355.5,1829401.75,100.0,Silicon Oasis
4153,Khk 31,khk-31,https://datadubai.ae/projects/khk-31/,Active,25.84,2027-03-22,2025-09-22,2025-12-08,Khk Realestate Development L.L.C,2178,khk-realestate-development-l-l-c,Sharjah Islamic Bank,160,7651.36,,,,"Khk 31, Wadi Al Safa 5",70,71,ok,602750.0,1582.75,556500.0,850000.0,100.0,Dubai Land Residence Complex
1937,Park Ridge,park-ridge,https://datadubai.ae/projects/park-ridge/,Finished,100.0,2022-05-08,2017-11-01,2017-08-28,Dubai Hills Estate L.L.C,984,dubai-hills-estate-l-l-c,Commercial Bank Of Dubai(Psc),1056,92795.44,,25.111806,55.247831,"Park Ridge, Hadaeq Sheikh Mohammed Bin Rashid",69,1702,ok,2150000.0,2434.41,1625000.0,2690000.0,0.0,Dubai Hills Estate
3188,Verdes By Haven 1,verdes-by-haven-1,https://datadubai.ae/projects/verdes-by-haven-1/,Active,13.41,2028-05-31,2025-02-16,2024-09-10,Aurora Spv 1 L.L.C,1658,aurora-spv-1-l-l-c,First Abu Dhabi Bank P.J.S.C.,988,119956.8,,,,"Verdes By Haven 1, Wadi Al Safa 5",69,974,ok,2528800.0,1374.09,1913950.0,2787300.0,100.0,
2673,Binghatti Amber,binghatti-amber,https://datadubai.ae/projects/binghatti-amber/,Finished,100.0,2024-10-30,2023-06-01,2023-07-17,Binghatti Developers Fze,1051,binghatti-developers-fze,Sharjah Islamic Bank,658,48931.57,,,,"Binghatti Amber, Al Barsha South Fourth",69,914,ok,1015000.0,1401.4,960000.0,1145882.0,0.0,Jumeirah Village Circle
2335,Damac Lagoons - Nice 1,damac-lagoons-nice-1,https://datadubai.ae/projects/damac-lagoons-nice-1/,Active,93.71,2025-07-29,2022-02-28,2021-12-13,Island Oasis Properties,921,island-oasis-properties,Emirates Nbd Bank  (P.J.S.C),509,83375.88,,,,"Damac Lagoons - Nice 1, Al Hebiah Fifth",69,838,ok,2650000.0,,2480000.0,3250000.0,0.0,DAMAC Lagoons
3307,Ghaff Land Residence,ghaff-land-residence,https://datadubai.ae/projects/ghaff-land-residence/,Active,64.46,2026-06-30,2024-01-15,2025-01-13,Ghaff Land Real Estate Development L.L.C,2007,ghaff-land-real-estate-development-l-l-c,Mashreq Bank Psc,168,11602.21,,,,"Ghaff Land Residence, Al Hebiah Second",69,146,ok,829778.0,1244.8,635139.0,911263.0,100.0,Dubai Studio City
4279,Verdana 5,verdana-5,https://datadubai.ae/projects/verdana-5/,Active,0.1,2028-09-30,2025-09-30,2026-01-30,Reportage Plus A Real Estate Development L.L.C,1936,reportage-plus-a-real-estate-development-l-l-c,Commercial Bank Of Dubai(Psc),271,32306.94,,,,"Verdana 5, Dubai Investment Park First",69,79,ok,1413050.0,1214.19,1273100.0,1837750.0,100.0,Dubai Investment Park First
3768,Aurelia Residence,aurelia-residence,https://datadubai.ae/projects/aurelia-residence/,Active,4.46,2028-03-30,2025-07-21,2025-08-22,Object One Real Estate Development L.L.C,1579,object-one-real-estate-development-l-l-c,Abu Dhabi Islamic Bank,280,25814.79,,,,"Aurelia Residence, Al Hebiah Fourth",69,70,ok,1081940.0,1308.94,643556.0,1197846.0,100.0,Dubai Sports City
2073,Lawnz Residence By Danube,lawnz-residence-by-danube,https://datadubai.ae/projects/lawnz-residence-by-danube/,Finished,100.0,2022-02-01,2018-09-30,2018-06-13,Danube Properties Development L.L.C,1009,danube-properties-development-l-l-c,Abu Dhabi Islamic Bank,1063,116168.7,,,,"Lawnz Residence By Danube , Al Warsan First",68,1557,ok,542500.0,1180.02,491250.0,747500.0,0.0,International City Phase 1
1767,Damac Hills (2) - Vardon,damac-hills-2-vardon,https://datadubai.ae/projects/damac-hills-2-vardon/,Finished,100.0,2022-02-17,2016-11-01,2016-06-28,Front Line Investment Management L.L.C,1021,front-line-investment-management-l-l-c,Abu Dhabi Commercial Bank,692,90764.13,,24.991346,55.379076,"Damac Hills (2) - Vardon , Madinat Hind 4",68,1040,ok,1305000.0,,1270000.0,1400000.0,0.0,DAMAC HILLS 2
1909,Sky Bay Hotel,sky-bay-hotel,https://datadubai.ae/projects/sky-bay-hotel/,Finished,100.0,2021-03-01,2016-04-16,2017-06-22,T F G Real Estate L.L.C,29,t-f-g-real-estate-l-l-c,Abu Dhabi Islamic Bank,711,21359.01,,25.178179,55.267947,"Sky Bay Hotel, Business Bay",68,686,ok,405325.0,,398287.5,442300.0,0.0,Business Bay
2544,Neva Residences,neva-residences,https://datadubai.ae/projects/neva-residences/,Finished,100.0,2025-12-31,2023-01-01,2023-01-26,Tiger Properties,581,tiger-properties,Abu Dhabi Commercial Bank,409,35297.61,,,,"Neva Residences, Al Barsha South Fourth",68,452,ok,985379.0,1119.52,886163.25,1095000.0,38.2,Jumeirah Village Circle
1592,The Community,the-community,https://datadubai.ae/projects/the-community/,Finished,100.0,2024-09-18,2014-10-01,2014-10-08,Aqua Real Estate Development L.L.C,1027,aqua-real-estate-development-l-l-c,Dubai Islamic Bank (Public Joint Stock Company),379,15613.5,,25.040955,55.185585,"The Community, Al Barsha South Fifth",68,418,ok,599537.0,,497500.0,660222.0,0.0,Jumeirah Village Triangle
2651,Floarea Residence,floarea-residence,https://datadubai.ae/projects/floarea-residence/,Finished,100.0,2025-04-01,2023-03-24,2023-07-28,Mashriq Elite Real Estate Development L.L.C,1542,mashriq-elite-real-estate-development-l-l-c,Mashreq Bank Psc,206,13392.98,,,,"Floarea Residence, Al Barshaa South Third",68,292,ok,940000.0,1578.79,697500.0,1253750.0,0.0,Arjan
3407,Capital One,capital-one,https://datadubai.ae/projects/capital-one/,Active,11.09,2027-02-09,2024-12-01,2024-12-05,The Circuit Real Estate Development L.L.C,2075,the-circuit-real-estate-development-l-l-c,Abu Dhabi Commercial Bank,257,34754.87,,,,"Capital One, Al Hebiah First",68,282,ok,2507412.0,,1742548.0,3185125.5,100.0,Motor City
2439,Ellington House,ellington-house,https://datadubai.ae/projects/ellington-house/,Finished,100.0,2025-02-28,2022-07-07,2022-08-26,Epd Development L.L.C,1453,epd-development-l-l-c,Abu Dhabi Commercial Bank,150,16230.08,,,,"Ellington House , Hadaeq Sheikh Mohammed Bin Rashid",68,262,ok,2379470.0,2342.7,2000000.0,3800000.0,0.0,Dubai Hills Estate
4146,Peace Avenue By Peace Homes,peace-avenue-by-peace-homes,https://datadubai.ae/projects/peace-avenue-by-peace-homes/,Active,3.52,2029-01-31,2026-01-01,2026-01-13,Peace Homes Development L.L.C,1745,peace-homes-development-l-l-c,Bank Of Sharjah,266,16068.13,,,,"Peace Avenue By Peace Homes, Jabal Ali Industrial Second",68,72,ok,540000.0,1132.91,499000.0,707298.5,100.0,Down Town Jabal Ali
4030,Future Residence,future-residence,https://datadubai.ae/projects/future-residence/,Active,0.0,2027-06-30,2025-11-01,2025-10-16,True Future Real Estate Development L.L.C,1926,true-future-real-estate-development-l-l-c,The National Bank Of Fujairah P S C,152,12171.47,,,,"Future Residence, Bukadra",68,70,ok,1477544.5,1988.72,1390851.5,2109309.25,100.0,
4326,Cedarwood Estates,cedarwood-estates,https://datadubai.ae/projects/cedarwood-estates/,Active,0.0,2028-10-04,2026-02-28,2026-01-22,Jge Real Estate L.L.C,2249,jge-real-estate-l-l-c,Emirates Nbd Bank  (P.J.S.C),121,107464.57,,,,"Cedarwood Estates, Me'Aisem First",68,70,ok,17941000.0,,12925250.0,25063000.0,0.0,Jumeirah Golf Estates - Phase B
2152,Grand Bleu Tower Interiors By Elie Saab,grand-bleu-tower-interiors-by-elie-saab,https://datadubai.ae/projects/grand-bleu-tower-interiors-by-elie-saab/,Finished,100.0,2023-05-30,2019-09-10,2019-04-09,Emaar Development P.J.S.C.,1211,emaar-development-p-j-s-c,Abu Dhabi Commercial Bank,639,82856.51,,,,"Grand Bleu Tower Interiors By Elie Saab, Marsa Dubai",67,1115,ok,4500000.0,3462.23,2800000.0,5960000.0,0.0,Dubai Harbour
4442,Tresora By Wadan,tresora-by-wadan,https://datadubai.ae/projects/tresora-by-wadan/,Active,0.0,2028-03-30,2026-03-30,2026-05-13,Wadan Real Estate Development L.L.C,2166,wadan-real-estate-development-l-l-c,First Abu Dhabi Bank P.J.S.C.,160,12786.12,,,,"Tresora By Wadan, Al Barsha South Fourth",67,78,ok,923277.0,1477.79,776500.5,1161819.0,100.0,Jumeirah Village Circle
4089,"Solaya (1,2,3)",solaya-1-2-3,https://datadubai.ae/projects/solaya-1-2-3/,Active,0.0,2029-06-30,2026-01-30,2025-09-24,La Mer North Property Co. L.L.C,1824,la-mer-north-property-co-l-l-c,Commercial Bank Of Dubai(Psc),67,28158.34,,,,"Solaya (1,2,3), Jumeirah First",67,67,ok,,,,,100.0,LA MER
22,Tamani Arts Offices,tamani-arts-offices,https://datadubai.ae/projects/tamani-arts-offices/,Finished,100.0,2017-02-26,2008-10-29,2008-11-08,The Developer Properties L.L.C,974,the-developer-properties-l-l-c,Dubai Islamic Bank (Public Joint Stock Company),969,36868.0,,25.187434,55.281085,"Tamani Arts Offices, Business Bay",66,1548,ok,840000.0,,719500.0,920000.0,0.0,Business Bay
1505,Ghalia,ghalia,https://datadubai.ae/projects/ghalia/,Finished,100.0,2019-03-28,2014-06-01,2014-05-01,Damac Development(L L C),192,damac-development-l-l-c,Abu Dhabi Islamic Bank,743,43363.76,,25.052749,55.199173,"Ghalia, Al Barsha South Fourth",66,1173,ok,580000.0,1179.35,538500.0,818750.0,0.0,Jumeirah Village Circle
1672,Midtown - Afnan,midtown-afnan,https://datadubai.ae/projects/midtown-afnan/,Finished,100.0,2019-10-24,2016-05-01,2015-08-11,Deyaar Development (P.J.S.C),15,deyaar-development-p-j-s-c,Dubai Islamic Bank (Public Joint Stock Company),677,186221.36,,25.116112,55.12306,"Midtown - Afnan, Me'Aisem First",66,1003,ok,805000.0,1220.04,750000.0,863465.0,0.0,International Media Production Zone
2890,Helvetia Residences,helvetia-residences,https://datadubai.ae/projects/helvetia-residences/,Active,86.78,,2023-12-18,2024-02-06,D H G Property Development L.L.C,1619,d-h-g-property-development-l-l-c,Abu Dhabi Islamic Bank,432,41857.8,,,,"Helvetia Residences, Al Barsha South Fourth",66,364,ok,1648000.0,1370.84,1291240.5,1995800.0,100.0,Jumeirah Village Circle
3730,Waada - Rayhan 1,waada-rayhan-1,https://datadubai.ae/projects/waada-rayhan-1/,Active,1.64,2028-10-31,2025-11-01,2025-05-12,Bt Properties Dwc Llc,2254,bt-properties-dwc-llc,Commercial Bank Of Dubai(Psc),333,111861.8,,,,"Waada - Rayhan 1, Madinat Al Mataar",66,143,ok,2918000.0,1484.5,2799250.0,3220500.0,100.0,Dubai World Central
4372,Marquis Horizon,marquis-horizon,https://datadubai.ae/projects/marquis-horizon/,Active,0.0,2028-09-05,2026-07-01,2026-03-31,Marquis Home Developer L.L.C,1546,marquis-home-developer-l-l-c,The National Bank Of Fujairah P S C,174,15913.2,,,,"Marquis Horizon, Madinat Al Mataar",66,72,ok,1265000.0,1579.6,1185026.0,1513180.0,100.0,Dubai South Residential District
3468,Lilian Residences,lilian-residences,https://datadubai.ae/projects/lilian-residences/,Active,4.69,2028-04-01,2025-04-01,2025-05-16,London Gate Real Estate Development L.L.C,1596,london-gate-real-estate-development-l-l-c,Abu Dhabi Islamic Bank,66,5744.14,,,,"Lilian Residences, Madinat Al Mataar",66,70,ok,1156970.0,1249.59,996930.0,1313730.0,100.0,Dubai South Residential District
3459,Rome 3 By Sd,rome-3-by-sd,https://datadubai.ae/projects/rome-3-by-sd/,Active,2.4,2028-06-30,2025-07-01,2025-10-22,Samana Star Real Estate Development L.L.C,1688,samana-star-real-estate-development-l-l-c,Emirates Nbd Bank  (P.J.S.C),85,8950.91,,,,"Rome 3 By Sd , Wadi Al Safa 3",66,68,ok,1007136.5,1953.32,916177.25,1882500.0,100.0,Mohammed Bin Rashid AL Maktoum District 11
4052,Alder At Park Five,alder-at-park-five,https://datadubai.ae/projects/alder-at-park-five/,Active,0.0,2027-12-31,2026-03-01,2025-10-02,Deyaar Development (P.J.S.C),15,deyaar-development-p-j-s-c,Abu Dhabi Commercial Bank,75,8842.14,,,,"Alder At Park Five, Me'Aisem First",66,67,ok,1680253.0,1380.46,1615677.25,1754629.0,100.0,International Media Production Zone
2957,Address Residences Zabeel,address-residences-zabeel,https://datadubai.ae/projects/address-residences-zabeel/,Active,14.7,,2024-05-02,2024-02-08,Zabeel Square L.L.C,1212,zabeel-square-l-l-c,Dubai Islamic Bank (Public Joint Stock Company),1754,200532.67,,,,"Address Residences Zabeel, Zaabeel First",65,1837,ok,3190000.0,2914.36,2259416.0,4038152.25,100.0,
2200,Aykon City 3,aykon-city-3,https://datadubai.ae/projects/aykon-city-3/,Active,31.35,2027-12-30,2019-12-10,2019-12-19,Damac Canal One Property Development L.L.C,1119,damac-canal-one-property-development-l-l-c,Emirates Nbd Bank  (P.J.S.C),1300,194369.18,,,,"Aykon City 3, Business Bay",65,1375,ok,2907000.0,2550.77,1833000.0,4181000.0,100.0,
1677,Town Square Jenna And Warda,town-square-jenna-and-warda,https://datadubai.ae/projects/town-square-jenna-and-warda/,Finished,100.0,2019-09-05,2015-12-15,2015-08-25,Nshmi Development L.L.C,1063,nshmi-development-l-l-c,Dubai Islamic Bank (Public Joint Stock Company),729,77125.67,,25.004271,55.293143,"Town Square Jenna And Warda, Al Yelayiss 2",65,1068,ok,1320000.0,1345.54,990000.0,1475000.0,0.0,TOWN SQUARE
288,Plaza Residences,plaza-residences,https://datadubai.ae/projects/plaza-residences/,Finished,100.0,2017-09-28,2008-10-21,2008-11-08,Sky Overseas Real Estate Development L.L.C,961,sky-overseas-real-estate-development-l-l-c,Emirates Nbd Bank  (P.J.S.C),545,53351.24,,25.052836,55.207836,"Plaza Residences, Al Barsha South Fourth",65,1029,ok,1100000.0,994.71,730000.0,1330000.0,0.0,Jumeirah Village Circle
2286,Beach Mansion,beach-mansion,https://datadubai.ae/projects/beach-mansion/,Finished,100.0,2025-12-30,2022-02-28,2021-09-28,Emaar Development P.J.S.C.,1211,emaar-development-p-j-s-c,Abu Dhabi Commercial Bank,495,65085.6,,,,"Beach Mansion, Marsa Dubai",65,808,ok,4000000.0,3252.44,2585000.0,5487500.0,26.2,Dubai Harbour
1854,Mag 330,mag-330,https://datadubai.ae/projects/mag-330/,Finished,100.0,2026-02-01,2023-03-01,2023-03-01,Mag Property Development L.L.C,1164,mag-property-development-l-l-c,First Abu Dhabi Bank P.J.S.C.,653,52916.87,,25.089928,55.32784,"Mag 330, Wadi Al Safa 4",65,680,ok,1495935.0,1200.12,836070.0,1865440.0,76.9,City Of Arabia
615,Schon Business Park,schon-business-park,https://datadubai.ae/projects/schon-business-park/,Finished,100.0,2015-12-16,2010-10-12,2010-10-12,Schon Investments Limited,384,schon-investments-limited,Abu Dhabi Commercial Bank,379,51213.17,,24.984878,55.175742,"Schon Business Park, Dubai Investment Park First",65,612,ok,740000.0,,508892.75,1069949.75,0.0,Dubai Investment Park First
2684,Uh West By Ellington,uh-west-by-ellington,https://datadubai.ae/projects/uh-west-by-ellington/,Active,71.29,2026-03-03,2023-05-26,2023-08-08,Ellington Properties Development L.L.C,1117,ellington-properties-development-l-l-c,First Abu Dhabi Bank P.J.S.C.,381,36320.14,,,,"Uh West By Ellington, Al Thanyah Fifth",65,463,ok,2150000.0,1941.4,1650000.0,2600000.0,100.0,Jumeirah Lakes Towers
3137,Discovery Dunes,discovery-dunes,https://datadubai.ae/projects/discovery-dunes/,Active,70.0,2023-12-01,2023-04-01,2024-11-07,Dlc Ds Developer,1660,dlc-ds-developer,Mashreq Bank Psc,130,2399967.76,,,,"Discovery Dunes , Madinat Al Mataar",65,188,ok,23060625.0,,1362542.75,33052500.0,0.0,Dubai World Central
4523,Golf Trails,golf-trails,https://datadubai.ae/projects/golf-trails/,Active,0.0,2030-10-31,2026-11-09,2026-07-07,Emaar Dubai South Dwc Llc,1155,emaar-dubai-south-dwc-llc,First Abu Dhabi Bank P.J.S.C.,161,16592.75,,,,"Golf Trails, Madinat Al Mataar",65,86,ok,1277888.0,1707.83,1258888.0,1802110.0,100.0,Dubai World Central
4423,Hayat 6,hayat-6,https://datadubai.ae/projects/hayat-6/,Active,0.0,2029-03-30,2026-06-30,2026-04-07,Dubai South Properties Dwc Llc,1142,dubai-south-properties-dwc-llc,Emirates Nbd Bank  (P.J.S.C),104,39539.05,,,,"Hayat 6, Madinat Al Mataar",65,80,ok,5100000.0,1395.93,4850000.0,6350000.0,100.0,Dubai World Central
3632,Marquis Vista,marquis-vista,https://datadubai.ae/projects/marquis-vista/,Active,0.64,2027-12-31,2025-06-01,2025-07-14,Marquis Home Developer L.L.C,1546,marquis-home-developer-l-l-c,The National Bank Of Fujairah P S C,129,9278.59,,,,"Marquis Vista, Wadi Al Safa 5",65,76,ok,1034541.0,1402.03,745812.0,1184499.0,100.0,Dubai Land Residence Complex
3776,Solanki One,solanki-one,https://datadubai.ae/projects/solanki-one/,Active,35.17,2028-05-30,2025-05-30,2025-08-28,Solanki Real Estate Development L.L.C,1953,solanki-real-estate-development-l-l-c,Emirates Nbd Bank  (P.J.S.C),133,9947.22,,,,"Solanki One, Wadi Al Safa 5",65,65,ok,803880.0,1042.58,756000.0,886900.0,100.0,Dubai Land Residence Complex
2053,Grande,grande,https://datadubai.ae/projects/grande/,Finished,100.0,2022-06-30,2017-10-24,2018-04-09,Emaar Development P.J.S.C.,1211,emaar-development-p-j-s-c,Abu Dhabi Commercial Bank,912,566707.83,,,,"Grande, Burj Khalifa",64,1512,ok,4525000.0,3231.85,2933750.0,6400000.0,0.0,DownTown Dubai
3019,The Acres,the-acres,https://datadubai.ae/projects/the-acres/,Active,25.15,,2024-09-10,2024-04-02,Dhre 2 Bts L.L.C,1510,dhre-2-bts-l-l-c,Dubai Islamic Bank (Public Joint Stock Company),642,350061.49,,,,"The Acres, Wadi Al Safa 7",64,732,ok,8450000.0,,7252102.5,10115500.0,0.0,
3456,La Tilia At Villanova Phase 2,la-tilia-at-villanova-phase-2,https://datadubai.ae/projects/la-tilia-at-villanova-phase-2/,Active,5.35,2028-08-21,2025-01-21,2024-12-23,North Dubailand Projects L.L.C,1039,north-dubailand-projects-l-l-c,First Abu Dhabi Bank P.J.S.C.,440,101040.7,,,,"La Tilia At Villanova Phase 2, Wadi Al Safa 5",64,467,ok,3400000.0,1536.71,3158000.0,3643500.0,100.0,
635,Hanover Square,hanover-square,https://datadubai.ae/projects/hanover-square/,Finished,100.0,2015-12-27,2009-04-14,2008-11-08,Acw Holding Ltd,414,acw-holding-ltd,Dubai Islamic Bank (Public Joint Stock Company),419,21019.58,,25.06825,55.204841,"Hanover Square, Al Barsha South Fourth",64,412,ok,430000.0,902.21,400000.0,545000.0,0.0,Jumeirah Village Circle
2525,The Regent,the-regent,https://datadubai.ae/projects/the-regent/,Finished,100.0,2025-07-31,2023-07-01,2023-03-21,Nshama Properties Owned By Nshmi Development One Person Company L.L.C,1162,nshama-properties-owned-by-nshmi-development-one-person-company-l-l-c,First Abu Dhabi Bank P.J.S.C.,238,21949.27,,,,"The Regent , Al Yelayiss 2",64,341,ok,1415000.0,1419.17,930000.0,1550000.0,0.0,TOWN SQUARE
591,Amal Tower,amal-tower,https://datadubai.ae/projects/amal-tower/,Finished,100.0,2025-01-07,2015-08-30,2015-07-12,Consolidated Urban Real Estate Development Co. L.L.C,1060,consolidated-urban-real-estate-development-co-l-l-c,Dubai Islamic Bank (Public Joint Stock Company),358,30199.02,,25.040051,55.217439,"Amal Tower, Al Hebiah Fourth",64,321,ok,838000.0,1000.0,486346.5,1120025.0,0.0,Dubai Sports City
4288,Verdana 6,verdana-6,https://datadubai.ae/projects/verdana-6/,Active,0.14,2028-12-31,2025-12-31,2026-02-03,Reportage Plus A Real Estate Development L.L.C,1936,reportage-plus-a-real-estate-development-l-l-c,Commercial Bank Of Dubai(Psc),280,32759.42,,,,"Verdana 6, Dubai Investment Park First",64,71,ok,1552950.0,1226.91,1273237.5,1927720.0,100.0,Dubai Investment Park First
2806,Hilton Residences Dubai Jumeirah Lakes Towers,hilton-residences-dubai-jumeirah-lakes-towers,https://datadubai.ae/projects/hilton-residences-dubai-jumeirah-lakes-towers/,Active,62.97,,2023-09-01,2024-01-04,Emirates Mezna For Real Estate Development L L C - Dubai Branch,1667,emirates-mezna-for-real-estate-development-l-l-c-dubai-branch,Emirates Nbd Bank  (P.J.S.C),401,33443.63,,,,"Hilton Residences Dubai Jumeirah Lakes Towers, Al Thanyah Fifth",64,65,ok,1272921.0,3102.5,1173488.75,1377985.5,100.0,DMCC Master Community
2478,Binghatti Corner,binghatti-corner,https://datadubai.ae/projects/binghatti-corner/,Finished,100.0,2024-03-31,2022-10-01,2022-12-06,Binghatti Developers Fze,1051,binghatti-developers-fze,Sharjah Islamic Bank,727,55146.37,,,,"Binghatti Corner, Al Barsha South Fourth",63,1113,ok,990000.0,1393.69,947500.0,1085000.0,0.0,Jumeirah Village Circle
1850,Creek Rise,creek-rise,https://datadubai.ae/projects/creek-rise/,Finished,100.0,2022-06-30,2017-04-17,2017-01-19,The Lagoons Phase One L.L.C,1038,the-lagoons-phase-one-l-l-c,Emirates Nbd Bank  (P.J.S.C),547,59431.44,,25.208728,55.34594,"Creek Rise , Al Khairan First",63,844,ok,2450000.0,2177.13,1826641.5,2650000.0,0.0,Dubai Creek Harbour
1811,Imperial  Avenue,imperial-avenue,https://datadubai.ae/projects/imperial-avenue/,Finished,100.0,2023-10-30,2016-09-21,2016-10-13,Sp International Property Developers L.L.C,1150,sp-international-property-developers-l-l-c,Abu Dhabi Commercial Bank,431,74128.95,,25.18826,55.274056,"Imperial  Avenue, Burj Khalifa",63,791,ok,3150000.0,2391.63,2463157.5,4282625.0,0.0,DownTown Dubai
2756,Oceanz 2 By Danube,oceanz-2-by-danube,https://datadubai.ae/projects/oceanz-2-by-danube/,Active,42.03,,2024-03-01,2023-11-16,Danube Properties Development L.L.C,1009,danube-properties-development-l-l-c,First Abu Dhabi Bank P.J.S.C.,781,53034.29,,,,"Oceanz 2 By Danube , Madinat Dubai Almelaheyah",63,758,ok,2000000.0,2632.66,1842720.0,2037500.0,100.0,Dubai Maritime City
2164,Upside Living,upside-living,https://datadubai.ae/projects/upside-living/,Finished,100.0,2023-02-28,2018-12-31,2019-06-12,Srg Real Estate Developer L.L.C,1104,srg-real-estate-developer-l-l-c,Abu Dhabi Commercial Bank,527,25602.67,,,,"Upside Living, Business Bay",63,581,ok,1536888.0,3158.32,1407888.0,1712888.0,0.0,Business Bay
2612,Expo City Mangrove Residences,expo-city-mangrove-residences,https://datadubai.ae/projects/expo-city-mangrove-residences/,Active,91.16,2026-01-31,2023-06-01,2023-04-04,Expo City Mangrove Residences Development Fzco,1574,expo-city-mangrove-residences-development-fzco,Dubai Islamic Bank (Public Joint Stock Company),470,60525.58,,24.958173,55.152327,"Expo City Mangrove Residences, Madinat Al Mataar",63,514,ok,2475000.0,1950.03,1980000.0,2747500.0,100.0,Dubai World Central
2354,La Violeta 2,la-violeta-2,https://datadubai.ae/projects/la-violeta-2/,Finished,100.0,2024-07-01,2022-04-20,2022-02-10,North Dubailand Projects L.L.C,1039,north-dubailand-projects-l-l-c,Abu Dhabi Commercial Bank,226,44839.04,,,,"La Violeta 2, Wadi Al Safa 5",63,385,ok,3150000.0,1657.26,3050000.0,3737500.0,0.0,
2419,Mudon Al Ranim 2,mudon-al-ranim-2,https://datadubai.ae/projects/mudon-al-ranim-2/,Finished,100.0,2025-05-28,2022-09-05,2022-06-23,Mdn Real Estate L.L.C,995,mdn-real-estate-l-l-c,Commercial Bank Of Dubai(Psc),176,38481.06,,,,"Mudon Al Ranim 2, Al Hebiah Sixth",63,304,ok,3550000.0,1761.17,3255000.0,4287500.0,0.0,Mudon
3567,Expo City Al Waha Residences 02,expo-city-al-waha-residences-02,https://datadubai.ae/projects/expo-city-al-waha-residences-02/,Active,61.38,2027-06-30,2025-07-01,2025-02-27,Expo City Al Waha Residences Development Fzco,2197,expo-city-al-waha-residences-development-fzco,Emirates Nbd Bank  (P.J.S.C),280,31489.34,,,,"Expo City Al Waha Residences 02, Madinat Al Mataar",63,273,ok,3652000.0,2550.86,3430500.0,4175000.0,100.0,Dubai World Central
2792,Royal Regency Suites,royal-regency-suites,https://datadubai.ae/projects/royal-regency-suites/,Active,56.18,2026-12-31,2023-10-01,2024-01-11,Alseeb Real Estate Development L.L.C,1014,alseeb-real-estate-development-l-l-c,Dubai Islamic Bank (Public Joint Stock Company),238,23540.62,,,,"Royal Regency Suites, Business Bay",63,129,ok,1561850.0,2137.6,1488362.5,1981650.5,100.0,Business Bay
3685,Alton,alton,https://datadubai.ae/projects/alton/,Active,5.15,2028-05-31,2025-11-01,2025-05-05,Nshama Properties Owned By Nshmi Development One Person Company L.L.C,1162,nshama-properties-owned-by-nshmi-development-one-person-company-l-l-c,First Abu Dhabi Bank P.J.S.C.,149,13784.59,,,,"Alton, Al Yelayiss 2",63,115,ok,1691888.0,1750.32,1215388.0,1886888.0,100.0,TOWN SQUARE
3563,Wasl By Azizi,wasl-by-azizi,https://datadubai.ae/projects/wasl-by-azizi/,Active,2.0,2028-02-12,2025-02-12,2025-04-08,Azizi Developments L.L.C,1002,azizi-developments-l-l-c,Commercial Bank Of Dubai(Psc),227,18218.47,,,,"Wasl By Azizi , Palm Deira",63,78,ok,1682660.0,3292.16,1156500.0,2097405.0,100.0,Palm Deira
3508,Raffi By Azizi,raffi-by-azizi,https://datadubai.ae/projects/raffi-by-azizi/,Active,2.0,2028-01-15,2025-01-15,2025-04-07,Azizi Developments L.L.C,1002,azizi-developments-l-l-c,Abu Dhabi Commercial Bank,171,9021.07,,,,"Raffi By Azizi, Jabal Ali First",63,74,ok,590730.0,1707.65,567840.0,665090.0,100.0,Al Furjan
3795,Azizi Riviera 68,azizi-riviera-68,https://datadubai.ae/projects/azizi-riviera-68/,Active,74.56,2027-05-30,2025-05-23,2025-06-25,Azizi Developments L.L.C,1002,azizi-developments-l-l-c,Abu Dhabi Commercial Bank,112,8911.88,,,,"Azizi Riviera 68 , Al Merkadh",63,71,ok,1539850.0,1982.87,1077147.5,1642885.0,100.0,Meydan One Community
3399,Mas Barsha Residency,mas-barsha-residency,https://datadubai.ae/projects/mas-barsha-residency/,Active,26.34,2026-11-21,2024-11-21,2025-11-26,M A S Real Estate Development L.L.C,1924,m-a-s-real-estate-development-l-l-c,Mashreq Bank Psc,242,32160.15,,,,"Mas Barsha Residency, Al Barsha First",63,64,ok,2801628.0,1800.0,1923453.0,3377844.0,100.0,
1870,Address Harbour Point,address-harbour-point,https://datadubai.ae/projects/address-harbour-point/,Finished,100.0,2023-01-12,2017-06-01,2017-03-19,The Lagoons Phase One L.L.C,1038,the-lagoons-phase-one-l-l-c,Emirates Nbd Bank  (P.J.S.C),814,131330.07,,25.209043,55.34362,"Address Harbour Point, Al Khairan First",62,1279,ok,4067500.0,3536.02,3121875.0,4787500.0,0.0,Dubai Creek Harbour
1621,Damac Hills (2) - Janusia,damac-hills-2-janusia,https://datadubai.ae/projects/damac-hills-2-janusia/,Finished,100.0,2021-05-30,2015-06-01,2014-12-29,Front Line Investment Management L.L.C,1021,front-line-investment-management-l-l-c,Abu Dhabi Commercial Bank,478,83170.4,,24.99728,55.380099,"Damac Hills (2) - Janusia , Madinat Hind 4",62,677,ok,1800000.0,,1662500.0,2007500.0,0.0,DAMAC HILLS 2
2696,Mohammed Bin Rashid Al Maktoum City District One West - Phase 1,mohammed-bin-rashid-al-maktoum-city-district-one-west-phase-1,https://datadubai.ae/projects/mohammed-bin-rashid-al-maktoum-city-district-one-west-phase-1/,Active,82.51,,2023-12-01,2023-06-21,Meydan Group (L.L.C),1181,meydan-group-l-l-c,Dubai Islamic Bank (Public Joint Stock Company),468,397734.4,,,,"Mohammed Bin Rashid Al Maktoum City District One West - Phase 1, Ghadeer Al Tair",62,655,ok,14300000.0,,13500000.0,18850000.0,0.0,
1789,Azizi Plaza Hotel Apartments,azizi-plaza-hotel-apartments,https://datadubai.ae/projects/azizi-plaza-hotel-apartments/,Finished,100.0,2020-05-31,2016-09-01,2016-08-28,Azizi Developments L.L.C,1002,azizi-developments-l-l-c,Abu Dhabi Commercial Bank,448,26061.14,,25.021785,55.138955,"Azizi Plaza Hotel Apartments, Jabal Ali First",62,589,ok,520000.0,1272.36,499000.0,853750.0,0.0,Al Furjan
102,Dubai Star,dubai-star,https://datadubai.ae/projects/dubai-star/,Finished,100.0,2018-11-01,2006-11-01,2008-11-08,Preatoni Real Estate Development L.L.C,1132,preatoni-real-estate-development-l-l-c,First Abu Dhabi Bank P.J.S.C.,569,44695.28,,25.065447,55.139404,"Dubai Star, Al Thanyah Fifth",62,581,ok,1150000.0,1434.32,1000000.0,1425000.0,0.0,Jumeirah Islands
2418,Lime Gardens,lime-gardens,https://datadubai.ae/projects/lime-gardens/,Finished,100.0,2026-03-31,2022-10-06,2022-06-30,Dubai Hills Estate L.L.C,984,dubai-hills-estate-l-l-c,Mashreq Bank Psc,293,25932.25,,,,"Lime Gardens , Hadaeq Sheikh Mohammed Bin Rashid",62,474,ok,2495000.0,2625.66,1647500.0,2861250.0,3.2,Dubai Hills Estate
2685,Uh East By Ellington,uh-east-by-ellington,https://datadubai.ae/projects/uh-east-by-ellington/,Active,46.8,2026-03-30,2023-05-26,2023-08-08,Ellington Properties Development L.L.C,1117,ellington-properties-development-l-l-c,First Abu Dhabi Bank P.J.S.C.,381,36238.77,,,,"Uh East By Ellington, Al Thanyah Fifth",62,455,ok,1863000.0,1920.62,1613121.0,2568750.0,100.0,DMCC Master Community
2399,Mudon Al Ranim 1,mudon-al-ranim-1,https://datadubai.ae/projects/mudon-al-ranim-1/,Finished,100.0,2025-10-31,2022-08-01,2022-05-25,Mdn Real Estate L.L.C,995,mdn-real-estate-l-l-c,Abu Dhabi Commercial Bank,224,48636.94,,,,"Mudon Al Ranim 1, Al Hebiah Sixth",62,379,ok,3625000.0,1761.83,3285000.0,4250000.0,0.0,Mudon
4394,Samana Business Hub,samana-business-hub,https://datadubai.ae/projects/samana-business-hub/,Active,0.0,2029-09-30,2026-03-01,2026-03-18,Samana Premium Real Estate Development L.L.C,2071,samana-premium-real-estate-development-l-l-c,Emirates Nbd Bank  (P.J.S.C),323,29325.56,,,,"Samana Business Hub, Jabal Ali Industrial Second",62,82,ok,1578892.5,,1248505.0,2016573.25,100.0,Down Town Jabal Ali
3635,Elevia Residences,elevia-residences,https://datadubai.ae/projects/elevia-residences/,Active,3.02,2027-06-30,2025-08-01,2025-07-30,Valores Property Development L.L.C,1858,valores-property-development-l-l-c,National Bank Of Ras Al- Khaimah (P.S.C),106,5655.56,,,,"Elevia Residences, Warsan Fourth",62,66,ok,565000.0,1297.35,534000.0,567500.0,100.0,International City Phase 3
3482,Azha Millennium Residences,azha-millennium-residences,https://datadubai.ae/projects/azha-millennium-residences/,Active,14.62,2027-09-01,2025-06-01,2025-05-29,Azha J V T Residences L.L.C,1821,azha-j-v-t-residences-l-l-c,Abu Dhabi Commercial Bank,200,18019.25,,,,"Azha Millennium Residences, Al Barsha South Fifth",62,65,ok,752570.5,1587.95,712366.0,1318731.0,100.0,Jumeirah Village Triangle
4145,J188,j188,https://datadubai.ae/projects/j188/,Active,0.0,2028-04-30,2026-04-01,2025-12-29,Jad Global Real Estate Development L.L.C,1901,jad-global-real-estate-development-l-l-c,Dubai Islamic Bank (Public Joint Stock Company),130,11664.07,,,,"J188, Al Jadaf",62,63,ok,1249188.0,1600.2,1180188.0,1313188.0,100.0,Sama Al Jadaf
450,Victory Heights,victory-heights,https://datadubai.ae/projects/victory-heights/,Finished,100.0,2013-11-05,2013-03-20,2013-03-20,Victory Heights Real Estate Development L.L.C,261,victory-heights-real-estate-development-l-l-c,Emirates Nbd Bank  (P.J.S.C),0,0.0,,25.034769,55.21353,"Victory Heights, Al Hebiah Fourth",61,1944,ok,11400000.0,,8500000.0,14600000.0,0.0,Dubai Sports City
1790,Jumeirah Gate,jumeirah-gate,https://datadubai.ae/projects/jumeirah-gate/,Finished,100.0,2021-03-28,2016-09-07,2016-09-07,Al Aseel Investments L.L.C,1145,al-aseel-investments-l-l-c,First Abu Dhabi Bank P.J.S.C.,920,220331.5,,25.072373,55.126879,"Jumeirah Gate, Marsa Dubai",61,1656,ok,4100000.0,3830.8,2838750.0,7487500.0,0.0,Jumeriah Beach Residence - JBR
2178,Sobha Creek Vistas Reserve,sobha-creek-vistas-reserve,https://datadubai.ae/projects/sobha-creek-vistas-reserve/,Finished,100.0,2023-08-30,2019-09-02,2019-09-24,Sobha L.L.C,966,sobha-l-l-c,Dubai Islamic Bank (Public Joint Stock Company),784,43527.53,,,,"Sobha Creek Vistas Reserve, Al Merkadh",61,1134,ok,1180000.0,2132.67,1100000.0,1347500.0,0.0,SOBHA HARTLAND
2640,Fashionz 1 By Danube,fashionz-1-by-danube,https://datadubai.ae/projects/fashionz-1-by-danube/,Active,40.0,,2023-08-01,2023-06-02,Danube Properties Development L.L.C,1009,danube-properties-development-l-l-c,First Abu Dhabi Bank P.J.S.C.,788,54432.0,,,,"Fashionz 1 By Danube, Al Barsha South Fifth",61,775,ok,1396800.0,1696.16,911000.0,1730175.0,100.0,Jumeirah Village Triangle
1822,Azizi Star Hotel Apartments,azizi-star-hotel-apartments,https://datadubai.ae/projects/azizi-star-hotel-apartments/,Finished,100.0,2022-01-10,2016-09-01,2016-10-27,Azizi Developments L.L.C,1002,azizi-developments-l-l-c,Abu Dhabi Commercial Bank,500,25946.2,,25.024896,55.138908,"Azizi Star Hotel Apartments, Jabal Ali First",61,677,ok,525000.0,1295.3,498000.0,590000.0,0.0,Al Furjan
2344,Peninsula Five,peninsula-five,https://datadubai.ae/projects/peninsula-five/,Finished,100.0,2024-12-15,2022-01-15,2022-01-18,Select Global Development L.L.C,972,select-global-development-l-l-c,Emirates Nbd Bank  (P.J.S.C),383,39732.54,,,,"Peninsula Five, Business Bay",61,635,ok,2342500.0,2636.64,2037500.0,4312500.0,0.0,Business Bay
4448,Valia,valia,https://datadubai.ae/projects/valia/,Active,0.0,2030-08-31,2026-06-06,2026-03-25,Dubai Creek Harbour L.L.C,1224,dubai-creek-harbour-l-l-c,First Abu Dhabi Bank P.J.S.C.,492,49542.55,,,,"Valia, Al Khairan First",61,267,ok,3068270.0,2647.62,2150292.0,3380888.0,100.0,Dubai Creek Harbour
3693,Damac Islands - Bali 3,damac-islands-bali-3,https://datadubai.ae/projects/damac-islands-bali-3/,Active,2.76,2029-06-30,2025-10-01,2025-05-05,Damac Elite Investment Co. L.L.C,2035,damac-elite-investment-co-l-l-c,Emirates Nbd Bank  (P.J.S.C),274,46387.18,,,,"Damac Islands - Bali 3, Al Yelayiss 1",61,258,ok,3042000.0,,2660000.0,3043000.0,0.0,
1270,The One Tower,the-one-tower,https://datadubai.ae/projects/the-one-tower/,Finished,100.0,2014-08-14,2009-06-16,2010-05-10,Rashed Mohammed Abdulla Almazroui Real Estate Development,896,rashed-mohammed-abdulla-almazroui-real-estate-development,Abu Dhabi Commercial Bank,191,39116.9,,25.101444,55.173943,"The One Tower, Al Thanyah First",61,110,ok,3321740.0,,2845735.0,3762060.0,0.0,Barsha Heights
3727,Forest City Tower 2,forest-city-tower-2,https://datadubai.ae/projects/forest-city-tower-2/,Active,0.02,2027-06-01,2025-06-01,2025-08-15,Al Helal Al Zahaby Real Estate Development L.L.C,1124,al-helal-al-zahaby-real-estate-development-l-l-c,Emirates Islamic Bank P.J.S.C.,194,16880.44,,,,"Forest City Tower 2, Wadi Al Safa 5",61,64,ok,925000.0,1076.85,756888.0,1430292.0,100.0,Dubai Land Residence Complex
4235,Art House Hills By Adaan And Tuscany,art-house-hills-by-adaan-and-tuscany,https://datadubai.ae/projects/art-house-hills-by-adaan-and-tuscany/,Active,0.04,2028-12-01,2026-02-01,2026-01-13,Art House Hills Residences Development L.L.C,2530,art-house-hills-residences-development-l-l-c,Sharjah Islamic Bank,328,28768.99,,,,"Art House Hills By Adaan And Tuscany , Al Barshaa South Third",61,63,ok,1423851.0,1786.68,905871.0,2088301.0,100.0,Arjan
1755,Hayat Boulevard,hayat-boulevard,https://datadubai.ae/projects/hayat-boulevard/,Finished,100.0,2020-02-29,2016-10-28,2016-05-19,Nshmi Development L.L.C,1063,nshmi-development-l-l-c,Dubai Islamic Bank (Public Joint Stock Company),678,61177.34,,25.004497,55.296519,"Hayat Boulevard, Al Yelayiss 2",60,979,ok,1085000.0,1235.08,778972.0,1151250.0,0.0,TOWN SQUARE
2368,1 Residences,1-residences,https://datadubai.ae/projects/1-residences/,Finished,100.0,2022-09-28,2019-08-01,2022-06-15,Park 1 L.L.C,1203,park-1-l-l-c,Emirates Nbd Bank  (P.J.S.C),758,91894.08,,,,"1 Residences , Al Kifaf",60,888,ok,2806669.5,2102.81,2137500.0,4102824.75,0.0,Wasl 1
2047,Collective,collective,https://datadubai.ae/projects/collective/,Finished,100.0,2022-03-31,2018-09-03,2018-04-10,Dubai Hills Estate L.L.C,984,dubai-hills-estate-l-l-c,Dubai Islamic Bank (Public Joint Stock Company),477,27554.35,,25.099508,55.244201,"Collective, Hadaeq Sheikh Mohammed Bin Rashid",60,866,ok,1350000.0,2386.73,1225000.0,1695000.0,0.0,Dubai Hills Estate
2487,Damac Lagoons - Mykonos,damac-lagoons-mykonos,https://datadubai.ae/projects/damac-lagoons-mykonos/,Active,79.74,2025-12-31,2023-02-12,2022-10-21,Island Oasis Properties,921,island-oasis-properties,Emirates Nbd Bank  (P.J.S.C),575,95906.76,,,,"Damac Lagoons - Mykonos, Al Hebiah Fifth",60,634,ok,2875025.0,,2600000.0,3119660.0,0.0,
2208,Nobles,nobles,https://datadubai.ae/projects/nobles/,Finished,100.0,2024-08-31,2020-02-25,2021-02-17,Tiger Properties,581,tiger-properties,Abu Dhabi Commercial Bank,562,57752.8,,,,"Nobles, Business Bay",60,614,ok,1675000.0,1687.83,1400000.0,2060230.0,0.0,Business Bay
2503,"Mohammed Bin Rashid Al Maktoum City, District 11- Opal Gardens",mohammed-bin-rashid-al-maktoum-city-district-11-opal-gardens,https://datadubai.ae/projects/mohammed-bin-rashid-al-maktoum-city-district-11-opal-gardens/,Finished,100.0,2026-09-30,2023-04-19,2022-11-11,Crystal Three L.L.C-Fz,1503,crystal-three-l-l-c-fz,Emirates Nbd Bank  (P.J.S.C),438,511484.05,,,,"Mohammed Bin Rashid Al Maktoum City, District 11- Opal Gardens, Wadi Al Safa 3",60,607,ok,8700000.0,1691.54,6378750.0,9500000.0,28.3,Mohammed Bin Rashid AL Maktoum District 11
3074,Jade Tower,jade-tower,https://datadubai.ae/projects/jade-tower/,Active,9.43,2027-03-31,2024-04-01,2024-06-04,Tiger Properties,581,tiger-properties,Abu Dhabi Commercial Bank,436,33702.19,,,,"Jade Tower, Wadi Al Safa 3",60,211,ok,921918.0,1281.28,724589.0,1027309.0,100.0,Majan
3315,The Haven Ii,the-haven-ii,https://datadubai.ae/projects/the-haven-ii/,Active,33.59,2026-12-31,2024-08-01,2024-10-16,Meraki Real Estate Development L.L.C,1230,meraki-real-estate-development-l-l-c,Dubai Islamic Bank (Public Joint Stock Company),226,20478.85,,,,"The Haven Ii, Wadi Al Safa 3",60,207,ok,1020856.0,1251.3,982075.25,1340807.0,100.0,Majan
1662,Arabian Gate,arabian-gate,https://datadubai.ae/projects/arabian-gate/,Finished,100.0,2020-10-01,2015-10-01,2015-05-20,Time Properties,527,time-properties,Emirates Islamic Bank P.J.S.C.,716,51707.03,,25.123158,55.3986,"Arabian Gate, Nadd Hessa",59,1024,ok,600000.0,1108.32,530000.0,887500.0,0.0,Silicon Oasis
1887,Park Heights Ii,park-heights-ii,https://datadubai.ae/projects/park-heights-ii/,Finished,100.0,2020-03-31,2017-07-25,2017-04-06,Dubai Hills Estate L.L.C,984,dubai-hills-estate-l-l-c,Mashreq Bank Psc,557,46721.79,,25.113326,55.247378,"Park Heights Ii, Hadaeq Sheikh Mohammed Bin Rashid",59,953,ok,2000000.0,2123.41,1400000.0,2350000.0,0.0,Dubai Hills Estate
1914,Farhad Azizi Residence,farhad-azizi-residence,https://datadubai.ae/projects/farhad-azizi-residence/,Finished,100.0,2022-07-14,2017-07-01,2017-06-07,Azizi Developments L.L.C,1002,azizi-developments-l-l-c,Abu Dhabi Commercial Bank,662,33857.64,,25.208843,55.315112,"Farhad Azizi Residence, Al Jadaf",59,873,ok,898000.0,1919.27,700000.0,1175000.0,0.0,Dubai Health Care City Phase 2
4112,Nest,nest,https://datadubai.ae/projects/nest/,Active,0.79,2027-04-01,2025-09-18,2025-12-31,Andi Real Estate Development L.L.C,2168,andi-real-estate-development-l-l-c,Dubai Islamic Bank (Public Joint Stock Company),112,8106.94,,,,"Nest, Warsan Fourth",59,66,ok,754112.5,1113.6,710297.5,826094.75,100.0,International City Phase 3
4100,Wadi Hills By Hre,wadi-hills-by-hre,https://datadubai.ae/projects/wadi-hills-by-hre/,Active,7.72,2028-01-31,2025-11-01,2025-09-30,Wadi Hills City Real Estate Development L.L.C,2364,wadi-hills-city-real-estate-development-l-l-c,Sharjah Islamic Bank,131,8818.88,,,,"Wadi Hills By Hre , Wadi Al Safa 5",59,63,ok,1036000.0,1551.39,741000.0,1561100.0,100.0,Dubai Land Residence Complex
4289,Verdana 7,verdana-7,https://datadubai.ae/projects/verdana-7/,Active,0.12,2028-12-31,2025-12-31,2026-02-02,Reportage Plus A Real Estate Development L.L.C,1936,reportage-plus-a-real-estate-development-l-l-c,Commercial Bank Of Dubai(Psc),293,35112.11,,,,"Verdana 7, Dubai Investment Park First",59,63,ok,1338000.0,1195.99,1272100.0,1989502.5,100.0,Dubai Investment Park First
3798,Jad 288,jad-288,https://datadubai.ae/projects/jad-288/,Active,1.88,2027-12-31,2025-12-01,2025-10-17,Jad Global Real Estate Development L.L.C,1901,jad-global-real-estate-development-l-l-c,Dubai Islamic Bank (Public Joint Stock Company),222,15457.91,,,,"Jad 288, Al Satwa",59,59,ok,1385288.0,2249.56,940288.0,1489288.0,100.0,Jumeirah Garden City
1773,Act One | Act Two,act-one-act-two,https://datadubai.ae/projects/act-one-act-two/,Finished,100.0,2022-12-26,2017-02-12,2016-08-01,Emaar Development P.J.S.C.,1211,emaar-development-p-j-s-c,Emirates Nbd Bank  (P.J.S.C),788,566707.83,,25.192774,55.271503,"Act One | Act Two, Burj Khalifa",58,1305,ok,2850000.0,3079.07,2206250.0,3437500.0,0.0,DownTown Dubai
1504,Damac Hills - Golf Promenade,damac-hills-golf-promenade,https://datadubai.ae/projects/damac-hills-golf-promenade/,Finished,100.0,2019-09-15,2014-08-01,2014-04-24,Damac Crescent Properties,954,damac-crescent-properties,Abu Dhabi Commercial Bank,741,71597.26,,25.015133,55.250254,"Damac Hills - Golf Promenade, Al Hebiah Third",58,1128,ok,1063185.0,1263.63,697500.0,2087500.0,0.0,DAMAC HILLS
2155,Zada Tower,zada-tower,https://datadubai.ae/projects/zada-tower/,Finished,100.0,2023-06-30,2019-04-15,2019-04-18,Island Oasis Properties,921,island-oasis-properties,Abu Dhabi Commercial Bank,703,31176.41,,,,"Zada Tower, Business Bay",58,1060,ok,1035000.0,2195.14,950000.0,1083750.0,0.0,Business Bay
1646,Town Square Safi,town-square-safi,https://datadubai.ae/projects/town-square-safi/,Finished,100.0,2019-02-09,2015-08-01,2015-04-19,Nshmi Development L.L.C,1063,nshmi-development-l-l-c,Dubai Islamic Bank (Public Joint Stock Company),587,55036.84,,25.011308,55.288869,"Town Square Safi, Al Yelayiss 2",58,934,ok,1140000.0,1251.72,1025000.0,1225000.0,0.0,TOWN SQUARE
3067,310 Riverside Crescent,310-riverside-crescent,https://datadubai.ae/projects/310-riverside-crescent/,Active,50.23,,2024-05-10,2024-05-29,Sobha L.L.C,966,sobha-l-l-c,Emirates Nbd Bank  (P.J.S.C),913,72440.62,,,,"310 Riverside Crescent, Bukadra",58,903,ok,1975327.5,2510.01,1696507.25,2324195.75,100.0,
2306,The Pulse- Beachfront,the-pulse-beachfront,https://datadubai.ae/projects/the-pulse-beachfront/,Finished,100.0,2024-12-30,2022-03-30,2021-10-11,Dubai South Properties Dwc Llc,1142,dubai-south-properties-dwc-llc,Abu Dhabi Commercial Bank,291,79841.49,,,,"The Pulse- Beachfront, Madinat Al Mataar",58,474,ok,3500000.0,1230.36,3265000.0,3937500.0,0.0,Dubai South Residential District
2504,Beverly Boulevard,beverly-boulevard,https://datadubai.ae/projects/beverly-boulevard/,Finished,100.0,2024-09-30,2022-10-01,2023-01-24,H M B Homes Real Estate Development,1220,h-m-b-homes-real-estate-development,Mashreq Bank Psc,271,14962.4,,,,"Beverly Boulevard, Al Barshaa South Third",58,400,ok,751000.0,1760.66,705000.0,1146069.75,0.0,Arjan
4526,Raw District 2 By Imtiaz,raw-district-2-by-imtiaz,https://datadubai.ae/projects/raw-district-2-by-imtiaz/,Active,0.0,2029-12-01,2026-12-01,2026-07-24,Imtiaz Ja Real Estate Development L.L.C,2717,imtiaz-ja-real-estate-development-l-l-c,Dubai Islamic Bank (Public Joint Stock Company),741,56290.19,,,,"Raw District 2 By Imtiaz, Jabal Ali Industrial Second",58,227,ok,1627361.5,1653.42,1195567.5,1874429.5,100.0,Down Town Jabal Ali
2831,48 Parkside,48-parkside,https://datadubai.ae/projects/48-parkside/,Finished,100.0,2025-09-30,2023-08-29,2023-12-14,Tabeer Real Estate Development L.L.C,1062,tabeer-real-estate-development-l-l-c,Emirates Islamic Bank P.J.S.C.,187,17423.79,,,,"48 Parkside , Al Barshaa South Third",58,221,ok,1130000.0,1351.1,1030512.0,1465286.0,51.7,Arjan
2708,Ab Cavalier,ab-cavalier,https://datadubai.ae/projects/ab-cavalier/,Finished,100.0,,2023-06-19,2024-02-12,Ab Developers L.L.C,1514,ab-developers-l-l-c,Emirates Nbd Bank  (P.J.S.C),171,12908.44,,,,"Ab Cavalier , Al Barsha South Fourth",58,167,ok,972500.0,1247.17,747500.0,1225132.5,58.6,Jumeirah Village Circle
3433,Rijas Suites,rijas-suites,https://datadubai.ae/projects/rijas-suites/,Active,3.33,2028-12-31,2024-11-26,2025-01-16,Dusit Rijas Properties L.L.C,1591,dusit-rijas-properties-l-l-c,United Bank Limited (Management Office),153,6427.52,,,,"Rijas Suites, Wadi Al Safa 3",58,76,ok,621697.0,1886.45,602248.0,774750.0,100.0,Majan
4440,Celesto Tower 2,celesto-tower-2,https://datadubai.ae/projects/celesto-tower-2/,Active,0.0,2028-06-28,2026-01-28,2026-04-17,Tarrad Development L.L.C,1921,tarrad-development-l-l-c,First Abu Dhabi Bank P.J.S.C.,231,10952.57,,,,"Celesto Tower 2, Wadi Al Safa 5",58,67,ok,783806.0,1458.04,571250.0,841673.0,100.0,Dubai Land Residence Complex
3726,Oasis Residences,oasis-residences,https://datadubai.ae/projects/oasis-residences/,Active,35.25,2027-07-01,2025-07-01,2025-08-07,Al Helal Al Zahaby Real Estate Development L.L.C,1124,al-helal-al-zahaby-real-estate-development-l-l-c,Emirates Islamic Bank P.J.S.C.,159,13433.94,,,,"Oasis Residences, Madinat Al Mataar",58,60,ok,865421.0,1231.7,738759.75,989184.75,100.0,Dubai South Residential District
3787,Chapter 01 By Newbury Developments,chapter-01-by-newbury-developments,https://datadubai.ae/projects/chapter-01-by-newbury-developments/,Active,2.36,2028-10-01,2025-10-01,2025-10-09,Newbury Real Estate Development L.L.C,2244,newbury-real-estate-development-l-l-c,Al Ahli Bank Of Kuwait K S C P Dubai Branch,127,8980.6,,,,"Chapter 01 By Newbury Developments, Warsan Fourth",58,60,ok,760000.0,1172.5,532000.0,830000.0,100.0,International City Phase 3
4018,Elaris Rise,elaris-rise,https://datadubai.ae/projects/elaris-rise/,Active,1.68,2028-09-30,2025-10-15,2025-10-07,Object One Real Estate Development L.L.C,1579,object-one-real-estate-development-l-l-c,Abu Dhabi Islamic Bank,214,17311.29,,,,"Elaris Rise, Al Barsha South Fifth",58,60,ok,1306739.5,1521.87,1088604.25,1580372.5,100.0,Jumeirah Village Triangle
2210,Midtown - Noor,midtown-noor,https://datadubai.ae/projects/midtown-noor/,Finished,100.0,2023-02-28,2020-02-29,2020-02-20,Deyaar Development (P.J.S.C),15,deyaar-development-p-j-s-c,Dubai Islamic Bank (Public Joint Stock Company),606,186535.58,,,,"Midtown - Noor, Me'Aisem First",57,838,ok,875000.0,1360.6,830000.0,1000000.0,0.0,International Media Production Zone
1818,Harbour Gate,harbour-gate,https://datadubai.ae/projects/harbour-gate/,Finished,100.0,2022-08-30,2017-02-02,2016-10-31,The Lagoons Phase One L.L.C,1038,the-lagoons-phase-one-l-l-c,First Abu Dhabi Bank P.J.S.C.,517,57879.72,,25.207693,55.347207,"Harbour Gate , Al Khairan First",57,811,ok,2550000.0,2218.97,1748888.0,3100000.0,0.0,Dubai Creek Harbour
2086,The Nook,the-nook,https://datadubai.ae/projects/the-nook/,Finished,100.0,2022-01-22,2018-05-01,2018-08-19,Jag Development L.L.C,1233,jag-development-l-l-c,Emirates Nbd Bank  (P.J.S.C),605,82991.62,,,,"The Nook, Jabal Ali First",57,792,ok,1050000.0,1433.69,830000.0,1131250.0,0.0,Wasl Gate
3083,350 Riverside Crescent,350-riverside-crescent,https://datadubai.ae/projects/350-riverside-crescent/,Active,57.85,,2024-05-10,2024-06-03,Sobha L.L.C,966,sobha-l-l-c,Emirates Nbd Bank  (P.J.S.C),750,62125.97,,,,"350 Riverside Crescent, Bukadra",57,785,ok,1736794.0,2400.01,1476607.0,2001935.0,100.0,
2488,Damac Lagoons - Monte Carlo,damac-lagoons-monte-carlo,https://datadubai.ae/projects/damac-lagoons-monte-carlo/,Active,86.38,2025-12-31,2022-02-12,2022-10-20,Island Oasis Properties,921,island-oasis-properties,Emirates Nbd Bank  (P.J.S.C),424,71042.87,,,,"Damac Lagoons - Monte Carlo, Al Hebiah Fifth",57,607,ok,2550000.0,,2350000.0,2820000.0,0.0,
2428,Hills Park,hills-park,https://datadubai.ae/projects/hills-park/,Finished,100.0,2026-04-30,2022-11-05,2022-07-28,Dubai Hills Estate L.L.C,984,dubai-hills-estate-l-l-c,Emirates Islamic Bank P.J.S.C.,450,37961.23,,,,"Hills Park, Hadaeq Sheikh Mohammed Bin Rashid",57,594,ok,1550000.0,2167.57,1450000.0,2150000.0,15.8,Dubai Hills Estate
2407,Al Jazi - Madinat Jumeriah Living,al-jazi-madinat-jumeriah-living,https://datadubai.ae/projects/al-jazi-madinat-jumeriah-living/,Finished,100.0,2024-12-15,2022-08-21,2022-06-09,Jumeirah Hills Development L.L.C,1076,jumeirah-hills-development-l-l-c,First Abu Dhabi Bank P.J.S.C.,378,41011.14,,,,"Al Jazi - Madinat Jumeriah Living , Um Suqaim Third",57,584,ok,2412500.0,2740.89,2039313.0,3655000.0,19.3,
2471,Lamaa,lamaa,https://datadubai.ae/projects/lamaa/,Finished,100.0,2026-01-27,2022-12-27,2022-10-06,Jumeirah Hills Development L.L.C,1076,jumeirah-hills-development-l-l-c,Commercial Bank Of Dubai(Psc),372,40427.88,,,,"Lamaa, Um Suqaim Third",57,571,ok,2222500.0,2634.94,2015000.0,3410000.0,89.5,
2483,Park Horizon,park-horizon,https://datadubai.ae/projects/park-horizon/,Finished,100.0,2026-09-30,2023-03-03,2022-11-10,Dubai Hills Estate L.L.C,984,dubai-hills-estate-l-l-c,Abu Dhabi Commercial Bank,306,26889.45,,,,"Park Horizon, Hadaeq Sheikh Mohammed Bin Rashid",57,433,ok,2400000.0,2505.15,1630000.0,2700000.0,3.5,Dubai Hills Estate
3048,The Fifth Tower,the-fifth-tower,https://datadubai.ae/projects/the-fifth-tower/,Active,50.29,2026-07-24,2024-03-20,2024-07-20,Object One Real Estate Development L.L.C,1579,object-one-real-estate-development-l-l-c,Abu Dhabi Islamic Bank,345,22784.39,,,,"The Fifth Tower , Al Barsha South Fourth",57,388,ok,962144.0,1373.16,811654.25,1210967.0,100.0,Jumeirah Village Circle
3408,Serenia District - West,serenia-district-west,https://datadubai.ae/projects/serenia-district-west/,Active,2.82,2028-12-31,2025-01-02,2025-02-20,Palma Homes Real Estate Development L.L.C,1068,palma-homes-real-estate-development-l-l-c,Sharjah Islamic Bank,423,47639.55,,,,"Serenia District - West, Al Thanyah Fifth",57,374,ok,2115000.0,2456.28,2024000.0,2197800.0,100.0,Jumeirah Islands
3094,The Vyne Residences,the-vyne-residences,https://datadubai.ae/projects/the-vyne-residences/,Active,80.42,2026-11-25,2024-05-15,2024-08-01,Metrical Real Estate Development L.L.C,1283,metrical-real-estate-development-l-l-c,Abu Dhabi Commercial Bank,263,21299.75,,,,"The Vyne Residences , Al Barsha South Fifth",57,280,ok,1050000.0,1415.28,535111.0,1115200.0,100.0,Jumeirah Village Triangle
2549,Mudon Al Ranim 4,mudon-al-ranim-4,https://datadubai.ae/projects/mudon-al-ranim-4/,Finished,100.0,2026-05-31,2023-03-01,2023-01-19,Mdn Real Estate L.L.C,995,mdn-real-estate-l-l-c,First Abu Dhabi Bank P.J.S.C.,134,29704.41,,,,"Mudon Al Ranim 4, Al Hebiah Sixth",57,233,ok,3725000.0,1735.49,3300000.0,4350000.0,28.1,Mudon
3326,Parkside Boulevard,parkside-boulevard,https://datadubai.ae/projects/parkside-boulevard/,Active,51.93,2027-12-27,2024-11-14,2025-01-29,Tabeer Real Estate Development L.L.C,1062,tabeer-real-estate-development-l-l-c,First Abu Dhabi Bank P.J.S.C.,171,14975.51,,,,"Parkside Boulevard, Al Barshaa South Third",57,127,ok,1076400.0,1412.73,690000.0,1360000.0,100.0,Arjan
4532,The Brooks At Sobha Sanctuary,the-brooks-at-sobha-sanctuary,https://datadubai.ae/projects/the-brooks-at-sobha-sanctuary/,Active,0.0,2030-08-31,2027-01-01,2026-07-30,Sobha L.L.C,966,sobha-l-l-c,Dubai Islamic Bank (Public Joint Stock Company),185,44462.04,,,,"The Brooks At Sobha Sanctuary , Al Yufrah 1",57,86,ok,5690155.0,,4170870.0,7350435.0,0.0,
3556,Trussardi Residences 2,trussardi-residences-2,https://datadubai.ae/projects/trussardi-residences-2/,Active,4.57,2027-07-03,2025-06-01,2025-03-04,M I R A Developments L.L.C,1445,m-i-r-a-developments-l-l-c,Emirates Islamic Bank P.J.S.C.,389,29260.8,,,,"Trussardi Residences 2, Jabal Ali First",57,83,ok,979730.0,2157.21,906135.0,1129960.0,100.0,Discovery Gardens
4261,Artistry Two Residences,artistry-two-residences,https://datadubai.ae/projects/artistry-two-residences/,Active,0.0,2029-02-09,2026-02-09,2026-01-15,Select Global Development L.L.C,972,select-global-development-l-l-c,Emirates Nbd Bank  (P.J.S.C),235,31454.73,,,,"Artistry Two Residences, Zaabeel Second",57,61,ok,2879000.0,3192.68,2626000.0,4669580.0,100.0,Business Park
4021,Ryze By Aum,ryze-by-aum,https://datadubai.ae/projects/ryze-by-aum/,Active,0.09,2028-06-30,2025-12-01,2025-12-26,Aum Real Estate Development L.L.C,1756,aum-real-estate-development-l-l-c,Dubai Islamic Bank (Public Joint Stock Company),93,5959.47,,,,"Ryze By Aum, Al Warsan First",57,58,ok,690555.0,1443.46,570555.0,978555.0,100.0,WARSAN FIRST DEVELOPMENT
3885,Nuvana By Wadan,nuvana-by-wadan,https://datadubai.ae/projects/nuvana-by-wadan/,Active,24.87,2027-09-01,2025-09-01,2025-08-20,Wadan Real Estate Development L.L.C,2166,wadan-real-estate-development-l-l-c,First Abu Dhabi Bank P.J.S.C.,57,6563.68,,,,"Nuvana By Wadan, Palm Deira",57,57,ok,2074079.0,1875.78,1755301.0,2825424.0,100.0,Palm Deira
1710,Harbour Views,harbour-views,https://datadubai.ae/projects/harbour-views/,Finished,100.0,2020-11-05,2016-06-01,2016-01-11,The Lagoons Phase One L.L.C,1038,the-lagoons-phase-one-l-l-c,Abu Dhabi Commercial Bank,784,91502.03,,25.205459,55.345242,"Harbour Views, Al Khairan First",56,1136,ok,2550000.0,2305.04,1850000.0,3650000.0,0.0,Dubai Creek Harbour
1647,Damac Hills (2) - Pacifica,damac-hills-2-pacifica,https://datadubai.ae/projects/damac-hills-2-pacifica/,Finished,100.0,2022-02-10,2015-09-01,2015-04-20,Front Line Investment Management L.L.C,1021,front-line-investment-management-l-l-c,Abu Dhabi Islamic Bank,640,107999.34,,24.995884,55.371775,"Damac Hills (2) - Pacifica , Madinat Hind 4",56,896,ok,1850000.0,,1698000.0,2000000.0,0.0,DAMAC HILLS 2
1819,Miraclz Tower,miraclz-tower,https://datadubai.ae/projects/miraclz-tower/,Finished,100.0,2021-04-05,2016-11-01,2016-10-17,Danube Properties Development L.L.C,1009,danube-properties-development-l-l-c,Abu Dhabi Islamic Bank,599,31501.19,,25.057747,55.239131,"Miraclz Tower, Al Barshaa South Third",56,893,ok,560000.0,1335.31,540000.0,900000.0,0.0,Arjan
1401,Elite 8 Sports Residence,elite-8-sports-residence,https://datadubai.ae/projects/elite-8-sports-residence/,Finished,100.0,2016-10-16,2014-03-01,2014-01-14,Triplanet Range 2 Investments Limited,981,triplanet-range-2-investments-limited,Mashreq Bank Psc,468,32203.19,,25.039847,55.204616,"Elite 8 Sports Residence, Al Hebiah Fourth",56,879,ok,500000.0,899.95,390000.0,630000.0,0.0,Dubai Sports City
1932,Damac Hills - Golf Vita,damac-hills-golf-vita,https://datadubai.ae/projects/damac-hills-golf-vita/,Finished,100.0,2021-03-15,2017-10-22,2017-07-25,Damac Crescent Properties,954,damac-crescent-properties,Abu Dhabi Commercial Bank,510,78793.05,,25.022168,55.242903,"Damac Hills - Golf Vita, Al Hebiah Third",56,778,ok,670000.0,1514.22,642500.0,690000.0,0.0,DAMAC HILLS
2396,Damac Lagoons - Venice (1),damac-lagoons-venice-1,https://datadubai.ae/projects/damac-lagoons-venice-1/,Active,74.43,2025-09-29,2022-12-28,2022-05-23,Island Oasis Properties,921,island-oasis-properties,Emirates Nbd Bank  (P.J.S.C),424,291988.09,,,,"Damac Lagoons - Venice (1), Al Hebiah Fifth",56,598,ok,7225000.0,,6385250.0,12750000.0,0.0,DAMAC Lagoons
2401,Damac Lagoons - Malta (2),damac-lagoons-malta-2,https://datadubai.ae/projects/damac-lagoons-malta-2/,Finished,100.0,2025-09-29,2022-08-23,2022-05-26,Island Oasis Properties,921,island-oasis-properties,First Abu Dhabi Bank P.J.S.C.,367,71038.17,,,,"Damac Lagoons - Malta (2), Al Hebiah Fifth",56,537,ok,2712500.0,,2500000.0,3425000.0,0.0,
2358,Damac Hills - Golf Gate,damac-hills-golf-gate,https://datadubai.ae/projects/damac-hills-golf-gate/,Finished,100.0,2024-12-15,2022-05-03,2022-02-11,Damac Crescent Properties,954,damac-crescent-properties,Abu Dhabi Commercial Bank,351,78793.05,,,,"Damac Hills - Golf Gate, Al Hebiah Third",56,493,ok,1037500.0,1511.15,968750.0,1462500.0,0.0,DAMAC HILLS
2404,Park Field,park-field,https://datadubai.ae/projects/park-field/,Finished,100.0,2025-12-15,2022-10-06,2022-06-09,Dubai Hills Estate L.L.C,984,dubai-hills-estate-l-l-c,Emirates Islamic Bank P.J.S.C.,306,27102.57,,,,"Park Field, Hadaeq Sheikh Mohammed Bin Rashid",56,437,ok,2600000.0,2635.4,1897722.0,2838777.5,0.0,Dubai Hills Estate
3324,11 Hills Park,11-hills-park,https://datadubai.ae/projects/11-hills-park/,Active,80.05,2027-03-31,2024-11-01,2024-11-07,Townx Real Estate Development L.L.C,1213,townx-real-estate-development-l-l-c,Commercial Bank Of Dubai(Psc),571,30955.82,,,,"11 Hills Park, Al Barshaa South Second",56,223,ok,805175.0,1643.45,772335.25,884359.75,100.0,Dubai Science Park
1323,Living Legends Phase 4,living-legends-phase-4,https://datadubai.ae/projects/living-legends-phase-4/,Active,62.08,2027-03-31,2024-06-30,2024-06-30,Amer Alghurair Real Estate Development Co. L.L.C,1456,amer-alghurair-real-estate-development-co-l-l-c,Abu Dhabi Islamic Bank,555,60550.51,,25.080805,55.302017,"Living Legends Phase 4, Wadi Al Safa 3",56,119,ok,1099651.0,1211.74,785633.5,1644808.0,100.0,Living Legends
3454,Alma Gardens,alma-gardens,https://datadubai.ae/projects/alma-gardens/,Active,50.32,2026-05-15,2025-01-15,2025-01-24,Alma Real Estate Developments L.L.C,1818,alma-real-estate-developments-l-l-c,Commercial Bank Of Dubai(Psc),80,10312.1,,,,"Alma Gardens, Wadi Al Safa 2",56,76,ok,1676546.0,1175.71,1059061.75,1888657.5,100.0,Liwan1
3047,Minati Homes 1,minati-homes-1,https://datadubai.ae/projects/minati-homes-1/,Active,51.23,2026-09-30,2024-04-29,2024-09-24,Januss Real Estate Developers L.L.C,1871,januss-real-estate-developers-l-l-c,First Abu Dhabi Bank P.J.S.C.,82,9315.78,,,,"Minati Homes 1, Jabal Ali First",56,75,ok,1612500.0,1382.92,1448671.5,1876250.0,100.0,Al Furjan
3610,Ayaan Heights I,ayaan-heights-i,https://datadubai.ae/projects/ayaan-heights-i/,Active,20.3,2028-03-31,2025-10-01,2025-06-20,Digo Real Estate Development (Br Of Invest Group Overseas (L L C) ),1328,digo-real-estate-development-br-of-invest-group-overseas-l-l-c,First Abu Dhabi Bank P.J.S.C.,130,13272.73,,,,"Ayaan Heights I, Bukadra",56,64,ok,1782086.5,2216.45,1744593.5,4121142.25,100.0,
4195,Lia,lia,https://datadubai.ae/projects/lia/,Active,0.09,2028-05-20,2026-03-20,2025-11-27,Avenew Real Estate Development L.L.C,1511,avenew-real-estate-development-l-l-c,Dubai Islamic Bank (Public Joint Stock Company),82,10233.11,,,,"Lia, Palm Deira",56,57,ok,2454500.0,2810.41,2271250.0,4216750.0,100.0,Palm Deira
3874,Arya Residences By Citi Developers,arya-residences-by-citi-developers,https://datadubai.ae/projects/arya-residences-by-citi-developers/,Active,3.01,2027-12-31,2025-08-01,2025-08-08,Citi Developers Real Estate Development L.L.C,1610,citi-developers-real-estate-development-l-l-c,The National Bank Of Fujairah P S C,68,8061.5,,,,"Arya Residences By Citi Developers, Palm Deira",56,56,ok,2545334.0,2691.21,2394079.0,2833075.5,100.0,Palm Deira
2927,Bayz 101 By Danube,bayz-101-by-danube,https://datadubai.ae/projects/bayz-101-by-danube/,Active,10.0,,2024-07-01,2024-02-29,Danube Properties Development L.L.C,1009,danube-properties-development-l-l-c,First Abu Dhabi Bank P.J.S.C.,1346,93588.78,,,,"Bayz 101 By Danube, Business Bay",55,1245,ok,2246000.0,3159.13,1401780.0,2417980.0,100.0,
2239,Sobha Hartland Waves,sobha-hartland-waves,https://datadubai.ae/projects/sobha-hartland-waves/,Finished,100.0,2024-03-31,2021-01-03,2021-05-10,Sobha L.L.C,966,sobha-l-l-c,Commercial Bank Of Dubai(Psc),604,38092.16,,,,"Sobha Hartland Waves, Al Merkadh",55,906,ok,1380000.0,2209.75,1220000.0,1900000.0,0.0,SOBHA HARTLAND
3082,340 Riverside Crescent,340-riverside-crescent,https://datadubai.ae/projects/340-riverside-crescent/,Active,55.02,,2024-05-10,2024-05-29,Sobha L.L.C,966,sobha-l-l-c,Emirates Nbd Bank  (P.J.S.C),769,58059.57,,,,"340 Riverside Crescent, Bukadra",55,809,ok,1909371.0,2347.49,1527158.5,2012220.5,100.0,
2465,Opalz By Danube,opalz-by-danube,https://datadubai.ae/projects/opalz-by-danube/,Finished,100.0,2025-04-24,2023-01-01,2022-09-30,Danube Properties Development L.L.C,1009,danube-properties-development-l-l-c,United Bank Limited (Management Office),575,39685.4,,,,"Opalz By Danube, Al Barshaa South Second",55,690,ok,900000.0,1427.68,672500.0,1097650.0,0.0,Dubai Science Park
349,Ontario Tower,ontario-tower,https://datadubai.ae/projects/ontario-tower/,Finished,100.0,2010-08-23,2007-07-29,2008-11-08,Rose Homes Investment (L.L.C),126,rose-homes-investment-l-l-c,Abu Dhabi Commercial Bank,300,31939.95,,25.185904,55.262041,"Ontario Tower, Business Bay",55,649,ok,1320000.0,1272.92,1049396.0,2250000.0,0.0,Business Bay
2149,Vincitore Benessere,vincitore-benessere,https://datadubai.ae/projects/vincitore-benessere/,Finished,100.0,2023-01-09,2019-06-01,2019-04-08,Vincitore Real Estate Development L.L.C,1118,vincitore-real-estate-development-l-l-c,Mashreq Bank Psc,419,29211.6,,,,"Vincitore Benessere, Al Barshaa South Third",55,480,ok,960000.0,1674.72,844228.0,1085000.0,0.0,Arjan
3825,Tavora Residences By Jhk Heights Real Estate Development,tavora-residences-by-jhk-heights-real-estate-development,https://datadubai.ae/projects/tavora-residences-by-jhk-heights-real-estate-development/,Active,61.49,2026-12-15,2024-09-05,2025-08-05,Jhk Heights Real Estate Development L.L.C,2282,jhk-heights-real-estate-development-l-l-c,United Bank Limited (Management Office),95,5936.7,,,,"Tavora Residences By Jhk Heights Real Estate Development, Warsan Fourth",55,95,ok,790825.0,1124.56,563777.0,856029.0,100.0,International City Phase 3
3833,The Borough,the-borough,https://datadubai.ae/projects/the-borough/,Active,5.45,2028-03-31,2025-08-01,2025-09-08,Iconic Vista Real Estate Development L.L.C,1255,iconic-vista-real-estate-development-l-l-c,Emirates Nbd Bank  (P.J.S.C),157,10142.24,,,,"The Borough, Al Barsha South Fourth",55,69,ok,799640.0,1559.69,729840.0,1214911.0,100.0,Jumeirah Village Circle
3811,Sunset Bay Five By Imtiaz,sunset-bay-five-by-imtiaz,https://datadubai.ae/projects/sunset-bay-five-by-imtiaz/,Active,32.62,2027-10-15,2025-06-15,2025-07-04,Imtiaz Ug Real Estate Development L.L.C,2212,imtiaz-ug-real-estate-development-l-l-c,First Abu Dhabi Bank P.J.S.C.,62,7466.17,,,,"Sunset Bay Five By Imtiaz, Palm Deira",55,57,ok,2807063.0,2167.86,2237959.5,3178671.0,100.0,Palm Deira
4164,Barari Palace,barari-palace,https://datadubai.ae/projects/barari-palace/,Active,0.04,2028-12-30,2025-12-30,2025-12-12,Ary & Maz Development L.L.C,2353,ary-and-maz-development-l-l-c,Emirates Islamic Bank P.J.S.C.,225,20517.47,,,,"Barari Palace , Wadi Al Safa 3",55,57,ok,1044484.0,1567.62,732057.5,1268894.0,100.0,Majan
3647,Mi Casa By London Gate Real Estate Development,mi-casa-by-london-gate-real-estate-development,https://datadubai.ae/projects/mi-casa-by-london-gate-real-estate-development/,Active,19.09,2028-10-26,2025-10-27,2025-11-13,London Gate Real Estate Development L.L.C,1596,london-gate-real-estate-development-l-l-c,Abu Dhabi Islamic Bank,76,5560.02,,,,"Mi Casa By London Gate Real Estate Development, Al Barsha South Fourth",55,56,ok,1064000.0,1380.96,782000.0,1157180.0,100.0,Jumeirah Village Circle
142,Seasons Community- Autumn,seasons-community-autumn,https://datadubai.ae/projects/seasons-community-autumn/,Finished,100.0,2013-12-03,2009-04-29,2009-04-29,Seasons Development Limited,50,seasons-development-limited,Dubai Islamic Bank (Public Joint Stock Company),187,17358.52,,25.059261,55.203142,"Seasons Community- Autumn, Al Barsha South Fourth",54,943,ok,800000.0,858.45,685000.0,2150000.0,0.0,Jumeirah Village Circle
1284,Jumeirah Golf Estates,jumeirah-golf-estates,https://datadubai.ae/projects/jumeirah-golf-estates/,Finished,100.0,2012-10-31,2010-09-27,2010-09-27,Jumeirah Golf Estates L.L.C,108,jumeirah-golf-estates-l-l-c,Mashreq Bank Psc,161,181925.23,,25.02528,55.198268,"Jumeirah Golf Estates, Me'Aisem First",54,822,ok,10450000.0,,574138.0,19082500.0,0.0,Jumeirah Golf Estates
85,Centrium Tower,centrium-tower,https://datadubai.ae/projects/centrium-tower/,Finished,100.0,2013-12-26,2006-07-11,2008-11-08,Eta Star Property Developers L.L.C,26,eta-star-property-developers-l-l-c,Emirates Nbd Bank  (P.J.S.C),585,53481.72,,25.039915,55.193287,"Centrium Tower, Me'Aisem First",54,732,ok,807500.0,840.88,650000.0,915000.0,0.0,International Media Production Zone
3088,320 Riverside Crescent,320-riverside-crescent,https://datadubai.ae/projects/320-riverside-crescent/,Active,56.67,,2024-05-10,2024-05-30,Sobha L.L.C,966,sobha-l-l-c,Emirates Nbd Bank  (P.J.S.C),638,63061.93,,,,"320 Riverside Crescent, Bukadra",54,643,ok,3714544.5,2355.0,2257335.0,3919215.0,100.0,
2349,Laya Heights,laya-heights,https://datadubai.ae/projects/laya-heights/,Finished,100.0,2023-11-30,2017-10-03,2022-08-12,Laya Developers L.L.C,1138,laya-developers-l-l-c,Abu Dhabi Commercial Bank,396,19864.48,,25.041535,55.246354,"Laya Heights, Al Hebiah Second",54,511,ok,690000.0,1547.03,652500.0,940000.0,1.9,Dubai Studio City
2352,Liv Marina,liv-marina,https://datadubai.ae/projects/liv-marina/,Finished,100.0,2025-05-30,2021-06-20,2022-02-23,L I V Real Estate Development L.L.C,1137,l-i-v-real-estate-development-l-l-c,Dubai Islamic Bank (Public Joint Stock Company),243,25664.36,,,,"Liv Marina, Marsa Dubai",54,345,ok,3025000.0,3283.79,2535000.0,3750000.0,0.0,Dubai Marina
2928,Solara Tower Dubai,solara-tower-dubai,https://datadubai.ae/projects/solara-tower-dubai/,Active,20.73,2027-08-15,2024-08-01,2024-08-12,S O L Properties Development L.L.C,999,s-o-l-properties-development-l-l-c,Emirates Nbd Bank  (P.J.S.C),231,59339.54,,,,"Solara Tower Dubai, Burj Khalifa",54,168,ok,7204000.0,3668.41,6000540.0,8255000.0,100.0,DownTown Dubai
3039,Altia One,altia-one,https://datadubai.ae/projects/altia-one/,Finished,100.0,2025-09-22,2023-10-23,2024-07-29,Y A S Developers Fze,1098,y-a-s-developers-fze,Mashreq Bank Psc,123,11951.11,,,,"Altia One, Nadd Hessa",54,141,ok,1360000.0,1533.45,1305080.5,1400000.0,38.9,Silicon Oasis
3477,Azurline Residences By Maas Developers,azurline-residences-by-maas-developers,https://datadubai.ae/projects/azurline-residences-by-maas-developers/,Active,41.57,2027-03-31,2025-01-01,2025-03-04,M A A S Developers L.L.C,1778,m-a-a-s-developers-l-l-c,Abu Dhabi Commercial Bank,205,12359.08,,,,"Azurline Residences By Maas Developers , Al Barsha South Fourth",54,131,ok,916792.5,1518.72,722705.75,973750.0,100.0,Jumeirah Village Circle
2677,Q Gardens Lofts 2,q-gardens-lofts-2,https://datadubai.ae/projects/q-gardens-lofts-2/,Active,29.6,,2024-02-01,2024-02-21,A Y S Property Development,1269,a-y-s-property-development,Abu Dhabi Islamic Bank,221,11948.03,,,,"Q Gardens Lofts 2, Al Barsha South Fourth",54,120,ok,800040.0,1168.59,602627.0,892891.0,100.0,Jumeirah Village Circle
3591,Golden Woods Albab Views,golden-woods-albab-views,https://datadubai.ae/projects/golden-woods-albab-views/,Active,30.05,2027-02-28,2025-03-01,2025-05-30,A G W Real Estate Development L.L.C,2246,a-g-w-real-estate-development-l-l-c,Abu Dhabi Islamic Bank,132,9227.55,,,,"Golden Woods Albab Views, Madinat Al Mataar",54,67,ok,601596.0,1400.0,552826.25,925498.25,100.0,Dubai South Residential District
3356,The Orchard Place- Towers D&E,the-orchard-place-towers-d-and-e,https://datadubai.ae/projects/the-orchard-place-towers-d-and-e/,Active,0.76,2028-03-21,2025-05-21,2025-05-22,Peak Summit Real Estate Development L.L.C,1476,peak-summit-real-estate-development-l-l-c,First Abu Dhabi Bank P.J.S.C.,400,36073.9,,,,"The Orchard Place- Towers D&E, Al Barsha South Fourth",54,63,ok,1074550.0,1353.83,966887.25,1173380.25,100.0,Jumeirah Village Circle
4257,Verdana 10,verdana-10,https://datadubai.ae/projects/verdana-10/,Active,0.0,2029-03-31,2026-03-31,2026-02-03,Reportage Plus A Real Estate Development L.L.C,1936,reportage-plus-a-real-estate-development-l-l-c,Commercial Bank Of Dubai(Psc),135,15917.61,,,,"Verdana 10, Dubai Investment Park First",54,57,ok,1695000.0,1255.6,1317000.0,1982525.0,100.0,Dubai Investment Park First
213,Palace Tower,palace-tower,https://datadubai.ae/projects/palace-tower/,Finished,100.0,2009-08-25,2007-03-20,2008-11-08,Tameer Holding Investment   (Llc),99,tameer-holding-investment-llc,Abu Dhabi Islamic Bank,597,55557.56,,25.116149,55.39034,"Palace Tower, Nadd Hessa",53,1387,ok,512500.0,927.41,429500.0,863750.0,0.0,Silicon Oasis
1306,Seasons Community- Summer,seasons-community-summer,https://datadubai.ae/projects/seasons-community-summer/,Finished,100.0,2013-06-10,2010-03-28,2010-03-28,Seasons Development Limited,50,seasons-development-limited,Dubai Islamic Bank (Public Joint Stock Company),179,14074.73,,25.060144,55.202033,"Seasons Community- Summer, Al Barsha South Fourth",53,773,ok,850000.0,934.64,600000.0,1100000.0,0.0,Jumeirah Village Circle
2201,Burj Crown,burj-crown,https://datadubai.ae/projects/burj-crown/,Finished,100.0,2023-08-17,2020-05-27,2020-01-08,Emaar Development P.J.S.C.,1211,emaar-development-p-j-s-c,Emirates Nbd Bank  (P.J.S.C),433,39457.05,,,,"Burj Crown, Burj Khalifa",53,755,ok,3000000.0,2760.97,2300000.0,3600000.0,0.0,DownTown Dubai
2534,Arabian Ranches Lll - Anya,arabian-ranches-lll-anya,https://datadubai.ae/projects/arabian-ranches-lll-anya/,Active,98.45,2026-10-31,2023-05-22,2023-01-04,Emaar Development P.J.S.C.,1211,emaar-development-p-j-s-c,Abu Dhabi Commercial Bank,492,92649.73,,,,"Arabian Ranches Lll - Anya, Wadi Al Safa 5",53,643,ok,2850000.0,1731.83,2750000.0,3127164.0,100.0,Arabian Ranches 3
2322,Alaya,alaya,https://datadubai.ae/projects/alaya/,Active,91.45,2026-07-20,2022-03-31,2021-11-14,Majid Al Futtaim Tilal Al Ghaf Phase A L.L.C,1228,majid-al-futtaim-tilal-al-ghaf-phase-a-l-l-c,Emirates Nbd Bank  (P.J.S.C),68,4680765.83,,,,"Alaya, Al Hebiah Fourth",53,617,ok,12700000.0,,11750000.0,17000000.0,0.0,TILAL AL GHAF
2874,Haven By Aldar 2,haven-by-aldar-2,https://datadubai.ae/projects/haven-by-aldar-2/,Active,40.02,,2024-04-30,2024-01-16,Aurora Spv 1 L.L.C,1658,aurora-spv-1-l-l-c,First Abu Dhabi Bank P.J.S.C.,474,140132.26,,,,"Haven By Aldar 2, Wadi Al Safa 5",53,568,ok,3457626.0,1550.93,3070000.0,4350000.0,77.4,
2873,Haven By Aldar 1,haven-by-aldar-1,https://datadubai.ae/projects/haven-by-aldar-1/,Active,44.15,2027-11-28,2024-04-30,2024-01-16,Aurora Spv 1 L.L.C,1658,aurora-spv-1-l-l-c,First Abu Dhabi Bank P.J.S.C.,462,143417.23,,,,"Haven By Aldar 1, Wadi Al Safa 5",53,566,ok,4215085.0,1534.86,3150000.0,5150000.0,60.4,
3455,La Tilia At Villanova Phase 1,la-tilia-at-villanova-phase-1,https://datadubai.ae/projects/la-tilia-at-villanova-phase-1/,Active,5.02,2028-08-21,2025-01-21,2024-12-23,North Dubailand Projects L.L.C,1039,north-dubailand-projects-l-l-c,First Abu Dhabi Bank P.J.S.C.,410,95048.69,,,,"La Tilia At Villanova Phase 1, Wadi Al Safa 5",53,444,ok,3144000.0,1448.28,3069500.0,3512500.0,100.0,
2338,Tilal Al Furjan- Phase One,tilal-al-furjan-phase-one,https://datadubai.ae/projects/tilal-al-furjan-phase-one/,Finished,100.0,2024-12-31,2022-05-19,2022-01-25,Alfurjan ( L.L.C ),121,alfurjan-l-l-c,Mashreq Bank Psc,236,176649.6,,,,"Tilal Al Furjan- Phase One, Jabal Ali First",53,398,ok,5975000.0,,5800000.0,6150000.0,0.0,Al Furjan
2905,Maison Elysee I,maison-elysee-i,https://datadubai.ae/projects/maison-elysee-i/,Active,21.12,2027-03-31,2024-04-01,2024-02-19,Pantheon Elysee Real Estate Development L.L.C,1364,pantheon-elysee-real-estate-development-l-l-c,Abu Dhabi Commercial Bank,355,18263.94,,,,"Maison Elysee I, Al Barsha South Fourth",53,284,ok,737103.0,1537.36,669900.0,919900.0,100.0,Jumeirah Village Circle
2772,The Haven Garden,the-haven-garden,https://datadubai.ae/projects/the-haven-garden/,Finished,100.0,,2023-09-15,2023-10-13,Metrical Real Estate Development L.L.C,1283,metrical-real-estate-development-l-l-c,Abu Dhabi Commercial Bank,199,16275.8,,,,"The Haven Garden, Al Barsha South Fourth",53,219,ok,1007728.5,1180.0,933806.75,1320000.0,94.3,Jumeirah Village Circle
2896,Samana Park Meadows,samana-park-meadows,https://datadubai.ae/projects/samana-park-meadows/,Active,27.27,2027-08-31,2024-08-01,2024-08-28,Samana International Real Estate Development L.L.C,1229,samana-international-real-estate-development-l-l-c,Commercial Bank Of Dubai(Psc),221,14689.92,,,,"Samana Park Meadows, Wadi Al Safa 5",53,213,ok,1058117.0,1306.45,737244.0,1378119.0,100.0,Dubai Land Residence Complex
2665,Sky Suites By Peace Homes,sky-suites-by-peace-homes,https://datadubai.ae/projects/sky-suites-by-peace-homes/,Active,55.54,2025-12-25,2023-09-15,2023-06-16,Peace Homes Signatures Development L.L.C,1197,peace-homes-signatures-development-l-l-c,Mashreq Bank Psc,239,15940.92,,,,"Sky Suites By Peace Homes, Al Barsha South Fourth",53,127,ok,1100000.0,1658.59,869804.0,1370905.0,100.0,Jumeirah Village Circle
4058,Saray Prime Residence,saray-prime-residence,https://datadubai.ae/projects/saray-prime-residence/,Active,1.7,2027-10-31,2025-11-15,2025-11-21,Unique Saray Properties L.L.C,2055,unique-saray-properties-l-l-c,Emirates Nbd Bank  (P.J.S.C),121,6823.14,,,,"Saray Prime Residence, Wadi Al Safa 5",53,57,ok,718087.0,1345.16,624271.0,998520.0,100.0,Dubai Land Residence Complex
4287,Fior 1,fior-1,https://datadubai.ae/projects/fior-1/,Active,0.0,2030-07-31,2026-06-15,2025-12-16,Mina Rashid Properties L.L.C,1275,mina-rashid-properties-l-l-c,Abu Dhabi Commercial Bank,184,19770.59,,,,"Fior 1, Madinat Dubai Almelaheyah",53,57,ok,2700888.0,2958.43,2268888.0,3272888.0,100.0,Mina Rashid
3876,The Haven Iii,the-haven-iii,https://datadubai.ae/projects/the-haven-iii/,Active,6.17,2027-12-31,2025-08-01,2025-09-02,Meraki Real Estate Development L.L.C,1230,meraki-real-estate-development-l-l-c,Dubai Islamic Bank (Public Joint Stock Company),83,9845.14,,,,"The Haven Iii, Wadi Al Safa 3",53,56,ok,1614649.0,1261.0,1101690.0,1719238.0,100.0,Majan
3799,Arka Enclave Residences,arka-enclave-residences,https://datadubai.ae/projects/arka-enclave-residences/,Active,3.48,2027-12-31,2025-10-01,2025-07-29,Manodev Real Estate Development L.L.C,2129,manodev-real-estate-development-l-l-c,Abu Dhabi Commercial Bank,140,15681.39,,,,"Arka Enclave Residences, Palm Deira",53,54,ok,2711923.0,2267.23,2439308.0,2848051.0,100.0,Palm Deira
3870,Nova Tower,nova-tower,https://datadubai.ae/projects/nova-tower/,Active,40.1,2026-09-26,2024-12-27,2025-08-13,Alansari Real Estate Development  L.L.C,1294,alansari-real-estate-development-l-l-c,Abu Dhabi Commercial Bank,134,16656.78,,,,"Nova Tower, Al Barshaa South Second",53,54,ok,1615000.0,1369.34,1380000.0,2075000.0,100.0,Dubai Science Park
3557,The Elysian,the-elysian,https://datadubai.ae/projects/the-elysian/,Active,4.51,2027-08-31,2025-04-01,2025-08-13,New M F O U R Real Estate Development L.L.C,1934,new-m-f-o-u-r-real-estate-development-l-l-c,United Bank Limited (Management Office),84,7048.81,,,,"The Elysian, Al Satwa",53,53,ok,1578777.0,2243.43,1077777.0,1777777.0,100.0,Jumeirah Garden City
2845,Sportz By Danube,sportz-by-danube,https://datadubai.ae/projects/sportz-by-danube/,Active,68.83,2026-03-30,2024-06-01,2024-01-17,Danube Properties Development L.L.C,1009,danube-properties-development-l-l-c,United Arab Bank,1110,72787.95,,,,"Sportz By Danube , Al Hebiah Fourth",52,1172,ok,1080000.0,1587.9,776500.0,1302000.0,100.0,Dubai Sports City
1796,Bloom Heights,bloom-heights,https://datadubai.ae/projects/bloom-heights/,Finished,100.0,2021-02-28,2016-07-01,2016-08-29,Bloom Heights Properties L.L.C,1151,bloom-heights-properties-l-l-c,Abu Dhabi Commercial Bank,692,44197.69,,25.056119,55.203894,"Bloom Heights, Al Barsha South Fourth",52,1043,ok,911000.0,1390.32,636250.0,1100000.0,0.0,Jumeirah Village Circle
1907,Sobha Hartland Greens - Phase Iii,sobha-hartland-greens-phase-iii,https://datadubai.ae/projects/sobha-hartland-greens-phase-iii/,Finished,100.0,2021-01-11,2017-10-15,2017-06-05,Sobha L.L.C,966,sobha-l-l-c,Bank Of Baroda,507,39947.79,,25.177761,55.30918,"Sobha Hartland Greens - Phase Iii, Al Merkadh",52,827,ok,1330000.0,1944.78,953750.0,1585000.0,0.0,SOBHA HARTLAND
1852,Resortz Residence,resortz-residence,https://datadubai.ae/projects/resortz-residence/,Finished,100.0,2020-02-03,2017-04-01,2017-03-07,Danube Properties Development L.L.C,1009,danube-properties-development-l-l-c,Abu Dhabi Commercial Bank,444,25747.86,,25.062022,55.232717,"Resortz Residence, Al Barshaa South Third",52,677,ok,550000.0,1174.14,537500.0,870000.0,0.0,Arjan
2187,Alexis Tower,alexis-tower,https://datadubai.ae/projects/alexis-tower/,Finished,100.0,2024-05-20,2019-03-04,2020-01-09,Reportage Prime Properties L.L.C,1277,reportage-prime-properties-l-l-c,Arab Bank For Investment & Foreign Trade Almasref P.J.S.C.,378,15679.81,,,,"Alexis Tower, Jabal Ali Industrial Second",52,461,ok,565000.0,1465.08,528750.0,807225.0,0.0,Down Town Jabal Ali
3411,Hillsedge,hillsedge,https://datadubai.ae/projects/hillsedge/,Active,25.55,2029-01-31,2025-05-02,2024-11-29,Dubai Hills Estate L.L.C,984,dubai-hills-estate-l-l-c,First Abu Dhabi Bank P.J.S.C.,406,34915.67,,,,"Hillsedge, Hadaeq Sheikh Mohammed Bin Rashid",52,318,ok,2703888.0,2404.4,1896638.0,2720138.0,100.0,Dubai Hills Estate
3391,Liv Maritime,liv-maritime,https://datadubai.ae/projects/liv-maritime/,Active,18.73,2028-12-30,2024-11-05,2025-01-14,L I V Maritime Real Estate Development L.L.C,2028,l-i-v-maritime-real-estate-development-l-l-c,Commercial Bank Of Dubai(Psc),258,27387.26,,,,"Liv Maritime, Madinat Dubai Almelaheyah",52,252,ok,3739548.0,2704.14,2321357.0,4099548.0,100.0,Dubai Maritime City
3130,The Harmony,the-harmony,https://datadubai.ae/projects/the-harmony/,Active,85.48,2025-10-06,2024-04-07,2024-08-22,Al Mizan Harmony Development L.L.C,1958,al-mizan-harmony-development-l-l-c,Mashreq Bank Psc,113,9031.94,,,,"The Harmony, Madinat Al Mataar",52,83,ok,943159.5,1379.36,857372.25,1325098.25,100.0,Dubai South Residential District
4047,Rise By Athlon 4,rise-by-athlon-4,https://datadubai.ae/projects/rise-by-athlon-4/,Active,0.56,2029-12-30,2026-01-15,2025-09-09,Aurora Spv 3 L.L.C,1657,aurora-spv-3-l-l-c,First Abu Dhabi Bank P.J.S.C.,66,9268.84,,,,"Rise By Athlon 4, Wadi Al Safa 5",52,52,ok,2254299.0,1624.62,1529017.75,3153622.25,100.0,
221,Princess Tower,princess-tower,https://datadubai.ae/projects/princess-tower/,Finished,100.0,2011-10-27,2006-12-18,2008-11-08,Tameer Holding Investment   (Llc),99,tameer-holding-investment-llc,Abu Dhabi Islamic Bank,771,101853.06,,25.088541,55.146836,"Princess Tower, Marsa Dubai",51,2037,ok,2140000.0,1638.05,1500000.0,2600000.0,0.0,Dubai Marina
259,Bay Central West & Central Towers,bay-central-west-and-central-towers,https://datadubai.ae/projects/bay-central-west-and-central-towers/,Finished,100.0,2012-05-09,2008-02-18,2008-11-08,Bay Central Developments Limited,148,bay-central-developments-limited,Dubai Islamic Bank (Public Joint Stock Company),748,61971.23,,25.078418,55.13764,"Bay Central West & Central Towers, Marsa Dubai",51,1678,ok,1635000.0,2298.81,1225000.0,2005000.0,0.0,Dubai Marina
388,Golden Mile,golden-mile,https://datadubai.ae/projects/golden-mile/,Finished,100.0,2009-08-23,2006-05-20,2008-11-08,Souq Residences  Fzco,244,souq-residences-fzco,,596,130978.13,,25.106924,55.147306,"Golden Mile, Palm Jumeirah",51,1433,ok,3750000.0,1936.6,2800000.0,4967500.0,0.0,Palm Jumeirah
1489,Mulberry At Park Heights,mulberry-at-park-heights,https://datadubai.ae/projects/mulberry-at-park-heights/,Finished,100.0,2019-09-01,2015-04-01,2014-02-25,Dubai Hills Estate L.L.C,984,dubai-hills-estate-l-l-c,Emirates Nbd Bank  (P.J.S.C),676,96801.31,,25.109116,55.247992,"Mulberry At Park Heights, Hadaeq Sheikh Mohammed Bin Rashid",51,1320,ok,3500000.0,2486.66,3212500.0,4756250.0,0.0,Dubai Hills Estate
9,Jumeirah Business Centre1,jumeirah-business-centre1,https://datadubai.ae/projects/jumeirah-business-centre1/,Finished,100.0,2011-01-27,2007-02-27,2008-11-08,Al Fajer Properties (L. L. C),3,al-fajer-properties-l-l-c,Abu Dhabi Commercial Bank,341,45751.32,,25.070922,55.143634,"Jumeirah Business Centre1, Al Thanyah Fifth",51,1004,ok,3400000.0,,2860415.5,5479988.0,0.0,DMCC Master Community
2185,Binghatti Avenue,binghatti-avenue,https://datadubai.ae/projects/binghatti-avenue/,Finished,100.0,2022-04-26,2019-10-01,2019-09-25,Binghatti Developers Fze,1051,binghatti-developers-fze,Sharjah Islamic Bank,639,55929.52,,,,"Binghatti Avenue, Al Jadaf",51,943,ok,1120000.0,1416.42,1000000.0,1396683.5,0.0,Dubai Health Care City Phase 2
2966,Rove Home Marasi Drive,rove-home-marasi-drive,https://datadubai.ae/projects/rove-home-marasi-drive/,Active,10.0,,2024-07-01,2024-04-23,Irth Signature Development L.L.C,1844,irth-signature-development-l-l-c,Commercial Bank Of Dubai(Psc),811,41834.19,,,,"Rove Home Marasi Drive, Business Bay",51,802,ok,1323297.0,3232.07,1264888.0,2086883.5,100.0,Business Bay
1868,Elite Business Bay Residence,elite-business-bay-residence,https://datadubai.ae/projects/elite-business-bay-residence/,Finished,100.0,2021-01-31,2017-03-01,2017-03-08,Range 4 Developments L.L.C,1046,range-4-developments-l-l-c,Mashreq Bank Psc,540,39893.19,,25.179754,55.265704,"Elite Business Bay Residence, Business Bay",51,783,ok,800000.0,1406.56,551260.0,1153000.0,0.0,Business Bay
1699,Starz Tower By Danube,starz-tower-by-danube,https://datadubai.ae/projects/starz-tower-by-danube/,Finished,100.0,2019-02-28,2016-03-01,2015-12-17,Danube Properties Development L.L.C,1009,danube-properties-development-l-l-c,Abu Dhabi Islamic Bank,454,23703.85,,25.031961,55.140641,"Starz Tower By Danube, Jabal Ali First",51,734,ok,565000.0,1307.98,540000.0,887081.5,0.0,Al Furjan
813,Desert Sun Tower,desert-sun-tower,https://datadubai.ae/projects/desert-sun-tower/,Finished,100.0,2015-06-21,2007-10-24,2007-10-24,Behnam Ali Keivan,577,behnam-ali-keivan,Mashreq Bank Psc,181,11065.13,,25.089886,55.383961,"Desert Sun Tower, Wadi Al Safa 5",51,322,ok,390000.0,814.75,375000.0,580000.0,0.0,Dubai Land Residence Complex
2864,Aveline Residences By Citi Developers,aveline-residences-by-citi-developers,https://datadubai.ae/projects/aveline-residences-by-citi-developers/,Active,42.23,2026-07-26,2024-02-07,2024-01-19,Citi Developers Real Estate Development L.L.C,1610,citi-developers-real-estate-development-l-l-c,The National Bank Of Fujairah P S C,265,48339.26,,,,"Aveline Residences By Citi Developers, Al Barsha South Fourth",51,255,ok,1101010.0,1344.8,1037934.25,1411978.25,100.0,Jumeirah Village Circle
3113,Blossom 76 By Tranquil,blossom-76-by-tranquil,https://datadubai.ae/projects/blossom-76-by-tranquil/,Active,40.01,2027-03-26,2024-08-15,2024-11-28,Tranquil Infra Developers L.L.C,1812,tranquil-infra-developers-l-l-c,Dubai Islamic Bank (Public Joint Stock Company),113,7907.4,,,,"Blossom 76 By Tranquil, Al Barsha South Fourth",51,79,ok,637500.0,1425.5,605625.0,1147533.5,100.0,Jumeirah Village Circle
3772,The Lx,the-lx,https://datadubai.ae/projects/the-lx/,Active,4.89,2027-08-30,2025-06-01,2025-05-27,Mulk Properties L.L.C,1978,mulk-properties-l-l-c,United Bank Limited (Management Office),74,12188.22,,,,"The Lx, Al Barshaa South Third",51,52,ok,2405600.0,,2280724.5,2630850.0,100.0,Arjan
257,Torch Tower,torch-tower,https://datadubai.ae/projects/torch-tower/,Finished,100.0,2011-05-17,2006-12-06,2008-11-08,Torch Select Limited,147,torch-select-limited,Dubai Islamic Bank (Public Joint Stock Company),682,79074.12,,25.08795,55.147464,"Torch Tower, Marsa Dubai",50,1575,ok,1800000.0,1493.77,1450000.0,1996398.0,0.0,Dubai Marina
1260,Armada Towers,armada-towers,https://datadubai.ae/projects/armada-towers/,Finished,100.0,2010-01-10,2009-10-18,2009-10-18,Mohammad Rahif Hakmi,315,mohammad-rahif-hakmi,,1178,106883.31,,25.07547,55.145349,"Armada Towers, Al Thanyah Fifth",50,1261,ok,1115000.0,1352.9,700000.0,1280000.0,0.0,Jumeirah Lakes Towers
2559,Damac Bay,damac-bay,https://datadubai.ae/projects/damac-bay/,Active,33.76,2027-01-15,2023-04-15,2023-01-26,Damac J R Two Investment L.L.C,1529,damac-j-r-two-investment-l-l-c,Emirates Nbd Bank  (P.J.S.C),1087,136056.28,,,,"Damac Bay, Marsa Dubai",50,1123,ok,3975500.0,3436.16,3776300.0,4325250.0,100.0,Dubai Harbour
323,Canal Residence West (Phase 1),canal-residence-west-phase-1,https://datadubai.ae/projects/canal-residence-west-phase-1/,Finished,100.0,2014-11-05,2008-07-15,2008-11-08,Dubai Sports City (L. L. C),200,dubai-sports-city-l-l-c,Dubai Islamic Bank (Public Joint Stock Company),612,62653.6,,25.037692,55.221851,"Canal Residence West (Phase 1), Al Hebiah Fourth",50,1105,ok,780000.0,892.68,662500.0,1175000.0,0.0,Dubai Sports City
2099,Bella Rose,bella-rose,https://datadubai.ae/projects/bella-rose/,Finished,100.0,2020-12-27,2018-09-25,2018-10-04,Bella Rose Real Estate Development L.L.C,1257,bella-rose-real-estate-development-l-l-c,Dubai Islamic Bank (Public Joint Stock Company),490,26287.11,,,,"Bella Rose, Al Barshaa South Second",50,680,ok,600000.0,1358.83,575000.0,804919.25,0.0,Dubai Science Park
2644,Damac Bay 2,damac-bay-2,https://datadubai.ae/projects/damac-bay-2/,Active,30.3,,2023-07-01,2023-05-10,Damac Mdn Investment L.L.C,1583,damac-mdn-investment-l-l-c,Emirates Nbd Bank  (P.J.S.C),646,81911.64,,,,"Damac Bay 2, Marsa Dubai",50,633,ok,4045030.0,4214.73,3837000.0,7087830.0,100.0,Dubai Harbour
1802,The One At Jumeirah Village Triangle,the-one-at-jumeirah-village-triangle,https://datadubai.ae/projects/the-one-at-jumeirah-village-triangle/,Finished,100.0,2022-01-31,2016-02-01,2016-11-17,T F G Real Estate L.L.C,29,t-f-g-real-estate-l-l-c,Abu Dhabi Islamic Bank,593,22065.45,,25.058163,55.194343,"The One At Jumeirah Village Triangle , Al Barsha South Fifth",50,619,ok,1225000.0,,1111500.0,1250000.0,0.0,Jumeirah Village Triangle
2705,Greenside Residence,greenside-residence,https://datadubai.ae/projects/greenside-residence/,Active,93.32,,2023-11-29,2023-06-22,Dubai Hills Estate L.L.C,984,dubai-hills-estate-l-l-c,Emirates Nbd Bank  (P.J.S.C),490,45461.0,,,,"Greenside Residence, Hadaeq Sheikh Mohammed Bin Rashid",50,564,ok,1714888.0,2257.43,1595138.0,2509388.0,100.0,Dubai Hills Estate
2191,Creek Palace,creek-palace,https://datadubai.ae/projects/creek-palace/,Finished,100.0,2026-03-31,2020-01-16,2020-01-16,The Lagoons Phase One L.L.C,1038,the-lagoons-phase-one-l-l-c,Emirates Nbd Bank  (P.J.S.C),337,33102.32,,,,"Creek Palace, Al Khairan First",50,544,ok,3077000.0,2772.53,1977500.0,4075722.0,0.0,Dubai Creek Harbour
2698,Damac Hills - Golf Gate 2,damac-hills-golf-gate-2,https://datadubai.ae/projects/damac-hills-golf-gate-2/,Active,80.35,,2023-08-03,2023-06-20,Damac Crescent Properties,954,damac-crescent-properties,Dubai Islamic Bank (Public Joint Stock Company),464,78793.05,,,,"Damac Hills - Golf Gate 2, Al Hebiah Third",50,515,ok,1211670.0,1461.49,919000.0,1629000.0,100.0,DAMAC HILLS
2958,Binghatti Phantom,binghatti-phantom,https://datadubai.ae/projects/binghatti-phantom/,Finished,100.0,,2024-02-15,2024-03-07,Binghatti Developers Fze,1051,binghatti-developers-fze,Dubai Islamic Bank (Public Joint Stock Company),369,33351.16,,,,"Binghatti Phantom, Al Barsha South Fourth",50,425,ok,1360000.0,1552.26,1275000.0,1835000.0,10.0,Jumeirah Village Circle
2723,The Mayfair,the-mayfair,https://datadubai.ae/projects/the-mayfair/,Finished,100.0,,2023-12-01,2023-08-17,Nshama Properties Owned By Nshmi Development One Person Company L.L.C,1162,nshama-properties-owned-by-nshmi-development-one-person-company-l-l-c,First Abu Dhabi Bank P.J.S.C.,242,23371.85,,,,"The Mayfair , Al Yelayiss 2",50,313,ok,1040000.0,1258.65,866250.0,1440000.0,100.0,TOWN SQUARE
2865,Iconic,iconic,https://datadubai.ae/projects/iconic/,Active,34.86,2028-02-28,2024-09-30,2024-01-04,Mered Residences Real Estate L.L.C,1611,mered-residences-real-estate-l-l-c,Mashreq Bank Psc,319,45318.04,,,,"Iconic, Al Safouh Second",50,189,ok,4990664.5,3701.01,4138946.75,7289039.0,100.0,Site A
3065,Palatium Residences,palatium-residences,https://datadubai.ae/projects/palatium-residences/,Active,65.66,2026-03-31,2024-05-31,2024-07-01,Ahmadyar Real Estate Development L.L.C,1775,ahmadyar-real-estate-development-l-l-c,First Abu Dhabi Bank P.J.S.C.,151,12108.63,,,,"Palatium Residences, Al Barsha South Fourth",50,127,ok,1069630.0,1248.0,1003967.5,1181482.25,100.0,Jumeirah Village Circle
3714,Sunset Bay Four By Imtiaz,sunset-bay-four-by-imtiaz,https://datadubai.ae/projects/sunset-bay-four-by-imtiaz/,Active,37.22,2027-05-15,2025-05-15,2025-05-27,Imtiaz Sunset Real Estate Development L.L.C,2157,imtiaz-sunset-real-estate-development-l-l-c,First Abu Dhabi Bank P.J.S.C.,63,7492.15,,,,"Sunset Bay Four By Imtiaz, Palm Deira",50,65,ok,2631262.5,1995.67,2084507.5,2845255.5,100.0,Palm Deira
4009,Beverly Park,beverly-park,https://datadubai.ae/projects/beverly-park/,Active,0.79,2027-10-31,2025-10-31,2025-09-19,H M B Homes Real Estate Development,1220,h-m-b-homes-real-estate-development,Mashreq Bank Psc,159,9829.29,,,,"Beverly Park , Wadi Al Safa 5",50,53,ok,625000.0,1362.03,540625.0,943750.0,100.0,Dubai Land Residence Complex
4267,Verdana Residence 8,verdana-residence-8,https://datadubai.ae/projects/verdana-residence-8/,Active,0.0,2028-12-31,2025-12-31,2026-02-05,Reportage Plus A Real Estate Development L.L.C,1936,reportage-plus-a-real-estate-development-l-l-c,Commercial Bank Of Dubai(Psc),210,15497.32,,,,"Verdana Residence 8, Dubai Investment Park First",50,51,ok,871746.0,1218.6,871746.0,871746.0,100.0,Dubai Investment Park First
